# The following table is formatted as tab separated values. 
#GeneName	GeneId	TranscriptId	BioType	variants_impact_HIGH	variants_impact_LOW	variants_impact_MODERATE	variants_impact_MODIFIER	variants_effect_3_prime_UTR_variant	variants_effect_5_prime_UTR_premature_start_codon_gain_variant	variants_effect_5_prime_UTR_variant	variants_effect_conservative_inframe_deletion	variants_effect_conservative_inframe_insertion	variants_effect_disruptive_inframe_deletion	variants_effect_downstream_gene_variant	variants_effect_frameshift_variant	variants_effect_intron_variant	variants_effect_missense_variant	variants_effect_non_coding_transcript_exon_variant	variants_effect_splice_acceptor_variant	variants_effect_splice_donor_variant	variants_effect_splice_region_variant	variants_effect_stop_gained	variants_effect_stop_lost	variants_effect_synonymous_variant	variants_effect_upstream_gene_variant
ACO2	ENSG00000100412	ENST00000216254	protein_coding	0	3	0	30	0	0	0	0	0	0	4	0	26	0	0	0	0	0	0	0	3	0
ACO2	ENSG00000100412	ENST00000396512	protein_coding	0	3	0	30	0	0	0	0	0	0	4	0	26	0	0	0	0	0	0	0	3	0
ACO2	ENSG00000100412	ENST00000466237	protein_coding	0	0	0	24	0	0	0	0	0	0	12	0	12	0	0	0	0	0	0	0	0	0
ACO2	ENSG00000100412	ENST00000471094	retained_intron	0	0	0	12	0	0	0	0	0	0	8	0	4	0	0	0	0	0	0	0	0	0
ACO2	ENSG00000100412	ENST00000478010	retained_intron	0	0	0	8	0	0	0	0	0	0	0	0	8	0	0	0	0	0	0	0	0	0
ACO2	ENSG00000100412	ENST00000482208	retained_intron	0	0	0	8	0	0	0	0	0	0	8	0	0	0	0	0	0	0	0	0	0	0
ACO2	ENSG00000100412	ENST00000676664	nonsense_mediated_decay	0	0	0	32	3	0	0	0	0	0	4	0	22	0	3	0	0	0	0	0	0	0
ACO2	ENSG00000100412	ENST00000676714	nonsense_mediated_decay	0	0	0	36	3	0	0	0	0	0	4	0	26	0	3	0	0	0	0	0	0	0
ACO2	ENSG00000100412	ENST00000676748	protein_coding	0	3	0	30	0	0	0	0	0	0	4	0	26	0	0	0	0	0	0	0	3	0
ACO2	ENSG00000100412	ENST00000676792	protein_coding	0	3	0	30	0	0	0	0	0	0	4	0	26	0	0	0	0	0	0	0	3	0
ACO2	ENSG00000100412	ENST00000676822	processed_transcript	0	0	0	33	0	0	0	0	0	0	4	0	26	0	3	0	0	0	0	0	0	0
ACO2	ENSG00000100412	ENST00000676883	retained_intron	0	0	0	21	0	0	0	0	0	0	4	0	2	0	11	0	0	0	0	0	0	4
ACO2	ENSG00000100412	ENST00000676959	nonsense_mediated_decay	0	0	0	36	3	0	0	0	0	0	4	0	26	0	3	0	0	0	0	0	0	0
ACO2	ENSG00000100412	ENST00000677007	nonsense_mediated_decay	0	0	0	36	3	0	0	0	0	0	4	0	26	0	3	0	0	0	0	0	0	0
ACO2	ENSG00000100412	ENST00000677153	protein_coding	0	3	0	30	0	0	0	0	0	0	4	0	26	0	0	0	0	0	0	0	3	0
ACO2	ENSG00000100412	ENST00000677427	retained_intron	0	0	0	21	0	0	0	0	0	0	9	0	12	0	0	0	0	0	0	0	0	0
ACO2	ENSG00000100412	ENST00000677492	retained_intron	0	0	0	29	0	0	0	0	0	0	4	0	14	0	3	0	0	0	0	0	0	8
ACO2	ENSG00000100412	ENST00000677516	nonsense_mediated_decay	0	0	0	36	3	0	0	0	0	0	4	0	26	0	3	0	0	0	0	0	0	0
ACO2	ENSG00000100412	ENST00000677532	protein_coding	0	3	0	30	0	0	0	0	0	0	4	0	26	0	0	0	0	0	0	0	3	0
ACO2	ENSG00000100412	ENST00000677554	protein_coding	0	3	0	30	0	0	0	0	0	0	4	0	26	0	0	0	0	0	0	0	3	0
ACO2	ENSG00000100412	ENST00000677698	nonsense_mediated_decay	0	0	0	36	3	0	0	0	0	0	4	0	26	0	3	0	0	0	0	0	0	0
ACO2	ENSG00000100412	ENST00000678269	protein_coding	0	3	0	30	0	0	0	0	0	0	4	0	26	0	0	0	0	0	0	0	3	0
ACO2	ENSG00000100412	ENST00000678394	retained_intron	0	0	0	33	0	0	0	0	0	0	4	0	26	0	3	0	0	0	0	0	0	0
ACO2	ENSG00000100412	ENST00000678454	retained_intron	0	0	0	21	0	0	0	0	0	0	9	0	12	0	0	0	0	0	0	0	0	0
ACO2	ENSG00000100412	ENST00000678600	retained_intron	0	0	0	33	0	0	0	0	0	0	4	0	24	0	5	0	0	0	0	0	0	0
ACO2	ENSG00000100412	ENST00000678688	nonsense_mediated_decay	0	0	0	36	3	0	0	0	0	0	4	0	26	0	3	0	0	0	0	0	0	0
ACO2	ENSG00000100412	ENST00000678788	protein_coding	0	3	0	30	0	0	0	0	0	0	4	0	26	0	0	0	0	0	0	0	3	0
ACO2	ENSG00000100412	ENST00000678819	nonsense_mediated_decay	0	0	0	36	3	0	0	0	0	0	4	0	26	0	3	0	0	0	0	0	0	0
ACO2	ENSG00000100412	ENST00000679264	retained_intron	0	0	0	33	0	0	0	0	0	0	4	0	26	0	3	0	0	0	0	0	0	0
ACO2	ENSG00000100412	ENST00000679284	retained_intron	0	0	0	21	0	0	0	0	0	0	4	0	10	0	3	0	0	0	0	0	0	4
ACO2	ENSG00000100412	ENST00000679311	retained_intron	0	0	0	33	0	0	0	0	0	0	4	0	26	0	3	0	0	0	0	0	0	0
ACO2	ENSG00000100412	ENST00000679320	nonsense_mediated_decay	0	0	0	33	0	0	0	0	0	0	4	0	26	0	3	0	0	0	0	0	0	0
ACTBP15	ENSG00000213857	ENST00000423293	processed_pseudogene	0	0	0	27	0	0	0	0	0	0	0	0	0	0	0	0	0	0	0	0	0	27
ADM2	ENSG00000128165	ENST00000395737	protein_coding	0	0	0	31	12	0	0	0	0	0	12	0	0	0	0	0	0	0	0	0	0	7
ADM2	ENSG00000128165	ENST00000395738	protein_coding	0	0	0	31	12	0	0	0	0	0	12	0	0	0	0	0	0	0	0	0	0	7
ADORA2A	ENSG00000128271	ENST00000337539	protein_coding	0	0	0	16	0	0	0	0	0	0	3	0	13	0	0	0	0	0	0	0	0	0
ADORA2A	ENSG00000128271	ENST00000424232	protein_coding	0	0	0	9	0	0	0	0	0	0	7	0	2	0	0	0	0	0	0	0	0	0
ADORA2A	ENSG00000128271	ENST00000436735	protein_coding	0	0	0	9	0	0	0	0	0	0	7	0	1	0	0	0	0	0	0	0	0	1
ADORA2A	ENSG00000128271	ENST00000439591	protein_coding	0	0	0	9	0	0	0	0	0	0	7	0	0	0	0	0	0	0	0	0	0	2
ADORA2A	ENSG00000128271	ENST00000444262	protein_coding	0	0	0	14	0	0	0	0	0	0	1	0	13	0	0	0	0	0	0	0	0	0
ADORA2A	ENSG00000128271	ENST00000464977	protein_coding	0	0	0	9	0	0	0	0	0	0	7	0	2	0	0	0	0	0	0	0	0	0
ADORA2A	ENSG00000128271	ENST00000467385	processed_transcript	0	0	0	9	0	0	0	0	0	0	7	0	2	0	0	0	0	0	0	0	0	0
ADORA2A	ENSG00000128271	ENST00000472248	protein_coding	0	0	0	9	0	0	0	0	0	0	7	0	1	0	0	0	0	0	0	0	0	1
ADORA2A	ENSG00000128271	ENST00000486108	protein_coding	0	0	0	9	0	0	0	0	0	0	7	0	2	0	0	0	0	0	0	0	0	0
ADORA2A	ENSG00000128271	ENST00000486351	processed_transcript	0	0	0	9	0	0	0	0	0	0	7	0	2	0	0	0	0	0	0	0	0	0
ADORA2A	ENSG00000128271	ENST00000496258	protein_coding	0	0	0	9	0	0	0	0	0	0	7	0	2	0	0	0	0	0	0	0	0	0
ADORA2A	ENSG00000128271	ENST00000496497	processed_transcript	0	0	0	14	0	0	0	0	0	0	1	0	13	0	0	0	0	0	0	0	0	0
ADORA2A	ENSG00000128271	ENST00000610595	protein_coding	0	0	0	16	0	0	0	0	0	0	3	0	12	0	0	0	0	0	0	0	0	1
ADORA2A	ENSG00000128271	ENST00000611543	protein_coding	0	0	0	16	0	0	0	0	0	0	3	0	13	0	0	0	0	0	0	0	0	0
ADORA2A	ENSG00000128271	ENST00000618076	protein_coding	0	0	0	16	0	0	0	0	0	0	3	0	12	0	0	0	0	0	0	0	0	1
ADORA2A-AS1	ENSG00000178803	ENST00000326341		0	0	0	94	0	0	0	0	0	0	0	0	94	0	0	0	0	0	0	0	0	0
ADORA2A-AS1	ENSG00000178803	ENST00000412790		1	0	0	91	0	0	0	0	0	0	7	0	81	0	5	0	1	1	0	0	0	0
ADORA2A-AS1	ENSG00000178803	ENST00000427813		1	0	0	91	0	0	0	0	0	0	7	0	78	0	8	0	1	1	0	0	0	0
ADORA2A-AS1	ENSG00000178803	ENST00000650766		1	0	0	91	0	0	0	0	0	0	7	0	81	0	5	0	1	1	0	0	0	0
ADSL	ENSG00000239900	ENST00000216194	protein_coding	0	0	1	21	0	0	0	0	0	0	8	0	12	1	0	0	0	0	0	0	0	1
ADSL	ENSG00000239900	ENST00000342312	protein_coding	0	0	1	21	6	0	0	0	0	0	2	0	12	1	0	0	0	0	0	0	0	1
ADSL	ENSG00000239900	ENST00000423176	protein_coding	0	0	0	19	0	0	0	0	0	0	0	0	13	0	0	0	0	0	0	0	0	6
ADSL	ENSG00000239900	ENST00000466863	retained_intron	0	0	0	1	0	0	0	0	0	0	0	0	0	0	0	0	0	0	0	0	0	1
ADSL	ENSG00000239900	ENST00000477111	retained_intron	0	0	0	8	0	0	0	0	0	0	5	0	2	0	0	0	0	0	0	0	0	1
ADSL	ENSG00000239900	ENST00000480775	nonsense_mediated_decay	0	0	0	28	6	0	0	0	0	0	3	0	12	0	6	0	0	0	0	0	0	1
ADSL	ENSG00000239900	ENST00000498234	protein_coding	0	0	0	19	0	0	0	0	0	0	0	0	13	0	0	0	0	0	0	0	0	6
ADSL	ENSG00000239900	ENST00000623063	protein_coding	0	0	1	21	8	0	0	0	0	0	0	0	12	1	0	0	0	0	0	0	0	1
ADSL	ENSG00000239900	ENST00000623287	nonsense_mediated_decay	0	0	0	28	6	0	0	0	0	0	3	0	12	0	6	0	0	0	0	0	0	1
ADSL	ENSG00000239900	ENST00000623387	retained_intron	0	0	0	19	0	0	0	0	0	0	8	0	5	0	0	0	0	0	0	0	0	6
ADSL	ENSG00000239900	ENST00000623632	protein_coding	0	0	1	21	0	0	0	0	0	0	8	0	12	1	0	0	0	0	0	0	0	1
ADSL	ENSG00000239900	ENST00000623978	protein_coding	0	0	0	14	0	0	0	0	0	0	11	0	2	0	0	0	0	0	0	0	0	1
ADSL	ENSG00000239900	ENST00000624027	protein_coding	0	0	0	19	0	0	0	0	0	0	0	0	13	0	0	0	0	0	0	0	0	6
ADSL	ENSG00000239900	ENST00000624474	nonsense_mediated_decay	0	0	0	11	0	0	0	0	0	0	8	0	2	0	0	0	0	0	0	0	0	1
ADSL	ENSG00000239900	ENST00000624503	nonsense_mediated_decay	0	0	0	3	0	0	0	0	0	0	2	0	0	0	0	0	0	0	0	0	0	1
ADSL	ENSG00000239900	ENST00000625194	protein_coding	0	0	1	21	5	0	0	0	0	0	3	0	12	1	0	0	0	0	0	0	0	1
ADSL	ENSG00000239900	ENST00000636124	processed_transcript	0	0	0	5	0	0	0	0	0	0	2	0	2	0	0	0	0	0	0	0	0	1
ADSL	ENSG00000239900	ENST00000636265	protein_coding	0	0	1	21	0	0	0	0	0	0	13	0	7	1	0	0	0	0	0	0	0	1
ADSL	ENSG00000239900	ENST00000636433	retained_intron	0	0	0	21	0	0	0	0	0	0	8	0	12	0	1	0	0	0	0	0	0	0
ADSL	ENSG00000239900	ENST00000636714	protein_coding	0	0	1	21	0	0	0	0	0	0	0	0	20	1	0	0	0	0	0	0	0	1
ADSL	ENSG00000239900	ENST00000637666	protein_coding	0	0	1	21	0	0	0	0	0	0	0	0	20	1	0	0	0	0	0	0	0	1
ADSL	ENSG00000239900	ENST00000637669	nonsense_mediated_decay	0	0	0	22	0	0	0	0	0	0	0	0	20	0	1	0	0	0	0	0	0	1
ADSL	ENSG00000239900	ENST00000638161	processed_transcript	0	0	0	4	0	0	0	0	0	0	2	0	2	0	0	0	0	0	0	0	0	0
ADSL	ENSG00000239900	ENST00000674592	retained_intron	0	0	0	21	0	0	0	0	0	0	8	0	10	0	3	0	0	0	0	0	0	0
ADSL	ENSG00000239900	ENST00000675622	retained_intron	0	0	0	22	0	0	0	0	0	0	3	0	12	0	6	0	0	0	0	0	0	1
ADSL	ENSG00000239900	ENST00000679609	nonsense_mediated_decay	0	0	0	28	6	0	0	0	0	0	3	0	12	0	6	0	0	0	0	0	0	1
ADSL	ENSG00000239900	ENST00000679656	retained_intron	0	0	0	22	0	0	0	0	0	0	3	0	12	0	6	0	0	0	0	0	0	1
ADSL	ENSG00000239900	ENST00000679723	protein_coding	0	0	1	21	8	0	0	0	0	0	0	0	12	1	0	0	0	0	0	0	0	1
ADSL	ENSG00000239900	ENST00000679845	retained_intron	0	0	0	21	0	0	0	0	0	0	3	0	12	0	6	0	0	0	0	0	0	0
ADSL	ENSG00000239900	ENST00000679904	retained_intron	0	0	0	21	0	0	0	0	0	0	3	0	12	0	6	0	0	0	0	0	0	0
ADSL	ENSG00000239900	ENST00000680378	protein_coding	0	0	1	21	5	0	0	0	0	0	3	0	12	1	0	0	0	0	0	0	0	1
ADSL	ENSG00000239900	ENST00000680444	nonsense_mediated_decay	0	0	0	28	6	0	0	0	0	0	3	0	12	0	6	0	0	0	0	0	0	1
ADSL	ENSG00000239900	ENST00000680978	protein_coding	0	0	1	21	0	0	0	0	0	0	0	0	20	1	0	0	0	0	0	0	0	1
ADSL	ENSG00000239900	ENST00000681003	retained_intron	0	0	0	21	0	0	0	0	0	0	3	0	10	0	6	0	0	0	0	0	0	2
ADSL	ENSG00000239900	ENST00000681159	retained_intron	0	0	0	22	0	0	0	0	0	0	3	0	10	0	8	0	0	0	0	0	0	1
AP1B1	ENSG00000100280	ENST00000317368	protein_coding	0	0	0	3	0	0	0	0	0	0	0	0	3	0	0	0	0	0	0	0	0	0
AP1B1	ENSG00000100280	ENST00000357586	protein_coding	0	0	0	3	0	0	0	0	0	0	0	0	3	0	0	0	0	0	0	0	0	0
AP1B1	ENSG00000100280	ENST00000405198	protein_coding	0	0	0	3	0	0	0	0	0	0	0	0	3	0	0	0	0	0	0	0	0	0
AP1B1	ENSG00000100280	ENST00000432560	protein_coding	0	0	0	3	0	0	0	0	0	0	0	0	3	0	0	0	0	0	0	0	0	0
AP1B1	ENSG00000100280	ENST00000473606	retained_intron	0	0	0	3	0	0	0	0	0	0	0	0	3	0	0	0	0	0	0	0	0	0
APOBEC3A	ENSG00000128383	ENST00000249116	protein_coding	0	0	0	7	3	0	0	0	0	0	3	0	1	0	0	0	0	0	0	0	0	0
APOBEC3A	ENSG00000128383	ENST00000402255	protein_coding	0	0	0	9	3	0	0	0	0	0	3	0	1	0	0	0	0	0	0	0	0	2
APOBEC3A	ENSG00000128383	ENST00000488758	retained_intron	0	0	0	7	0	0	0	0	0	0	6	0	1	0	0	0	0	0	0	0	0	0
APOBEC3A	ENSG00000128383	ENST00000495988	processed_transcript	0	0	0	3	0	0	0	0	0	0	1	0	0	0	0	0	0	0	0	0	0	2
APOBEC3A	ENSG00000128383	ENST00000618553	protein_coding	0	0	0	7	0	0	0	0	0	0	0	0	7	0	0	0	0	0	0	0	0	0
APOBEC3G	ENSG00000239713	ENST00000407997	protein_coding	0	0	2	11	0	0	0	0	0	0	0	0	11	2	0	0	0	0	0	0	0	0
APOBEC3G	ENSG00000239713	ENST00000461827	processed_transcript	0	0	0	13	0	0	0	0	0	0	7	0	4	0	2	0	0	0	0	0	0	0
APOBEC3G	ENSG00000239713	ENST00000463934	retained_intron	0	0	0	6	0	0	0	0	0	0	0	0	4	0	2	0	0	0	0	0	0	0
APOBEC3G	ENSG00000239713	ENST00000480000	retained_intron	0	0	0	13	0	0	0	0	0	0	7	0	6	0	0	0	0	0	0	0	0	0
APOBEC3G	ENSG00000239713	ENST00000481958	retained_intron	0	0	0	13	0	0	0	0	0	0	7	0	0	0	0	0	0	0	0	0	0	6
APOBEC3G	ENSG00000239713	ENST00000486357	processed_transcript	0	0	0	13	0	0	0	0	0	0	7	0	0	0	2	0	0	0	0	0	0	4
APOBEC3G	ENSG00000239713	ENST00000494150	retained_intron	0	0	0	13	0	0	0	0	0	0	7	0	0	0	0	0	0	0	0	0	0	6
APOBEC3H	ENSG00000100298	ENST00000348946	protein_coding	0	0	0	9	0	0	0	0	0	0	2	0	0	0	0	0	0	0	0	0	0	7
APOBEC3H	ENSG00000100298	ENST00000401756	protein_coding	0	0	0	9	0	0	0	0	0	0	2	0	0	0	0	0	0	0	0	0	0	7
APOBEC3H	ENSG00000100298	ENST00000421988	protein_coding	0	0	0	9	0	0	0	0	0	0	2	0	0	0	0	0	0	0	0	0	0	7
APOBEC3H	ENSG00000100298	ENST00000442487	protein_coding	0	0	0	9	0	0	0	0	0	0	2	0	0	0	0	0	0	0	0	0	0	7
APOBEC3H	ENSG00000100298	ENST00000474235	retained_intron	0	0	0	9	0	0	0	0	0	0	2	0	0	0	0	0	0	0	0	0	0	7
APOBEC3H	ENSG00000100298	ENST00000613677	protein_coding	0	0	0	9	0	0	0	0	0	0	2	0	0	0	0	0	0	0	0	0	0	7
APOBEC3H	ENSG00000100298	ENST00000613996	protein_coding	0	0	0	9	0	0	0	0	0	0	2	0	0	0	0	0	0	0	0	0	0	7
APOL3	ENSG00000128284	ENST00000349314	protein_coding	0	0	1	11	0	0	0	0	0	0	1	0	7	1	0	0	0	0	0	0	0	3
APOL3	ENSG00000128284	ENST00000361710	protein_coding	0	0	0	12	0	0	1	0	0	0	1	0	10	0	0	0	0	0	0	0	0	0
APOL3	ENSG00000128284	ENST00000397287	protein_coding	0	0	0	12	0	0	1	0	0	0	1	0	10	0	0	0	0	0	0	0	0	0
APOL3	ENSG00000128284	ENST00000397289	nonsense_mediated_decay	0	0	0	13	1	0	0	0	0	0	1	0	7	0	1	0	0	0	0	0	0	3
APOL3	ENSG00000128284	ENST00000397293	protein_coding	0	0	0	12	0	0	1	0	0	0	1	0	7	0	0	0	0	0	0	0	0	3
APOL3	ENSG00000128284	ENST00000422426	nonsense_mediated_decay	0	0	0	13	1	0	0	0	0	0	1	0	7	0	1	0	0	0	0	0	0	3
APOL3	ENSG00000128284	ENST00000424878	protein_coding	0	0	1	2	0	0	0	0	0	0	1	0	1	1	0	0	0	0	0	0	0	0
APOL3	ENSG00000128284	ENST00000426939	nonsense_mediated_decay	0	0	0	13	1	0	0	0	0	0	1	0	7	0	1	0	0	0	0	0	0	3
APOL3	ENSG00000128284	ENST00000432700	nonsense_mediated_decay	0	0	0	13	1	0	0	0	0	0	1	0	7	0	1	0	0	0	0	0	0	3
APOL3	ENSG00000128284	ENST00000472303	nonsense_mediated_decay	0	0	0	9	0	0	0	0	0	0	0	0	6	0	0	0	0	0	0	0	0	3
APOL3	ENSG00000128284	ENST00000485453	processed_transcript	0	0	0	8	0	0	0	0	0	0	2	0	3	0	0	0	0	0	0	0	0	3
APOL3	ENSG00000128284	ENST00000487355	nonsense_mediated_decay	0	0	0	13	1	0	0	0	0	0	1	0	7	0	1	0	0	0	0	0	0	3
APOL3	ENSG00000128284	ENST00000487423	processed_transcript	0	0	0	9	0	0	0	0	0	0	1	0	4	0	1	0	0	0	0	0	0	3
APOL3	ENSG00000128284	ENST00000487783	nonsense_mediated_decay	0	0	0	11	0	0	0	0	0	0	2	0	6	0	0	0	0	0	0	0	0	3
APOL3	ENSG00000128284	ENST00000525184	processed_transcript	0	0	0	8	0	0	0	0	0	0	2	0	3	0	0	0	0	0	0	0	0	3
APOL3	ENSG00000128284	ENST00000528740	processed_transcript	0	0	0	6	0	0	0	0	0	0	0	0	1	0	2	0	0	0	0	0	0	3
APOL3	ENSG00000128284	ENST00000530895	nonsense_mediated_decay	0	0	0	11	0	0	0	0	0	0	2	0	6	0	0	0	0	0	0	0	0	3
APOL3	ENSG00000128284	ENST00000531095	protein_coding	0	0	0	9	0	0	0	0	0	0	0	0	6	0	0	0	0	0	0	0	0	3
APOL3	ENSG00000128284	ENST00000531195	nonsense_mediated_decay	0	0	0	11	0	0	0	0	0	0	2	0	6	0	0	0	0	0	0	0	0	3
APOL3	ENSG00000128284	ENST00000533061	processed_transcript	0	0	0	9	0	0	0	0	0	0	6	0	0	0	0	0	0	0	0	0	0	3
APOL3	ENSG00000128284	ENST00000534251	processed_transcript	0	0	0	9	0	0	0	0	0	0	1	0	4	0	1	0	0	0	0	0	0	3
APOL4	ENSG00000100336	ENST00000332987	protein_coding	0	0	0	3	0	0	0	0	0	0	0	0	0	0	0	0	0	0	0	0	0	3
APOL4	ENSG00000100336	ENST00000352371	protein_coding	0	0	0	3	0	0	0	0	0	0	0	0	0	0	0	0	0	0	0	0	0	3
APOL4	ENSG00000100336	ENST00000397275	protein_coding	0	0	0	3	0	0	0	0	0	0	0	0	0	0	0	0	0	0	0	0	0	3
APOL4	ENSG00000100336	ENST00000419360	protein_coding	0	0	0	3	0	0	0	0	0	0	0	0	0	0	0	0	0	0	0	0	0	3
APOL4	ENSG00000100336	ENST00000436763	protein_coding	0	0	0	3	0	0	0	0	0	0	0	0	0	0	0	0	0	0	0	0	0	3
APOL4	ENSG00000100336	ENST00000449084	processed_transcript	0	0	0	3	0	0	0	0	0	0	0	0	0	0	0	0	0	0	0	0	0	3
APOL4	ENSG00000100336	ENST00000457630	protein_coding	0	0	0	3	0	0	0	0	0	0	0	0	0	0	0	0	0	0	0	0	0	3
APOL4	ENSG00000100336	ENST00000480236	retained_intron	0	0	0	3	0	0	0	0	0	0	0	0	0	0	0	0	0	0	0	0	0	3
APOL4	ENSG00000100336	ENST00000493203	nonsense_mediated_decay	0	0	0	3	0	0	0	0	0	0	0	0	0	0	0	0	0	0	0	0	0	3
APOL4	ENSG00000100336	ENST00000613247	processed_transcript	0	0	0	3	0	0	0	0	0	0	0	0	0	0	0	0	0	0	0	0	0	3
APOL4	ENSG00000100336	ENST00000616056	protein_coding	0	0	0	3	0	0	0	0	0	0	0	0	0	0	0	0	0	0	0	0	0	3
APOL4	ENSG00000100336	ENST00000683024	protein_coding	0	0	0	3	0	0	0	0	0	0	0	0	0	0	0	0	0	0	0	0	0	3
APOL4	ENSG00000100336	ENST00000684666	protein_coding	0	0	0	3	0	0	0	0	0	0	0	0	0	0	0	0	0	0	0	0	0	3
APOL5	ENSG00000128313	ENST00000249044	protein_coding	0	1	3	21	0	0	0	0	0	0	3	0	14	3	0	0	0	0	0	0	1	4
APOL6	ENSG00000221963	ENST00000409652	protein_coding	0	0	0	20	19	0	0	0	0	0	0	0	1	0	0	0	0	0	0	0	0	0
ARFGAP3	ENSG00000242247	ENST00000263245	protein_coding	0	0	0	17	0	0	0	0	0	0	5	0	12	0	0	0	0	0	0	0	0	0
ARFGAP3	ENSG00000242247	ENST00000437119	protein_coding	0	0	0	17	0	0	0	0	0	0	5	0	12	0	0	0	0	0	0	0	0	0
ARFGAP3	ENSG00000242247	ENST00000453516	protein_coding	0	0	0	12	0	0	0	0	0	0	6	0	6	0	0	0	0	0	0	0	0	0
ARFGAP3	ENSG00000242247	ENST00000454099	protein_coding	0	0	0	3	0	0	0	0	0	0	0	0	3	0	0	0	0	0	0	0	0	0
ARL2BPP10	ENSG00000225225	ENST00000446487	processed_pseudogene	0	0	0	1	0	0	0	0	0	0	1	0	0	0	0	0	0	0	0	0	0	0
ARSA	ENSG00000100299	ENST00000216124	protein_coding	0	0	0	13	0	0	0	0	0	0	0	0	0	0	0	0	0	0	0	0	0	13
ARSA	ENSG00000100299	ENST00000356098	protein_coding	0	0	0	13	0	0	0	0	0	0	0	0	0	0	0	0	0	0	0	0	0	13
ARSA	ENSG00000100299	ENST00000395619	protein_coding	0	0	0	13	0	0	0	0	0	0	0	0	0	0	0	0	0	0	0	0	0	13
ARSA	ENSG00000100299	ENST00000395621	protein_coding	0	0	0	13	0	0	0	0	0	0	0	0	0	0	0	0	0	0	0	0	0	13
ARSA	ENSG00000100299	ENST00000453344	protein_coding	0	0	0	13	0	0	0	0	0	0	0	0	0	0	0	0	0	0	0	0	0	13
ARSA	ENSG00000100299	ENST00000551731	retained_intron	0	0	0	13	0	0	0	0	0	0	0	0	0	0	0	0	0	0	0	0	0	13
ARVCF	ENSG00000099889	ENST00000263207	protein_coding	0	1	0	50	0	0	0	0	0	0	46	0	4	0	0	0	0	1	0	0	1	0
ARVCF	ENSG00000099889	ENST00000401994	protein_coding	0	1	0	37	0	0	0	0	0	0	33	0	4	0	0	0	0	1	0	0	1	0
ARVCF	ENSG00000099889	ENST00000406259	protein_coding	0	1	0	37	0	0	0	0	0	0	33	0	4	0	0	0	0	1	0	0	1	0
ARVCF	ENSG00000099889	ENST00000406522	protein_coding	0	1	0	37	0	0	0	0	0	0	33	0	4	0	0	0	0	1	0	0	1	0
ARVCF	ENSG00000099889	ENST00000462319	processed_transcript	0	0	0	5	0	0	0	0	0	0	5	0	0	0	0	0	0	0	0	0	0	0
ARVCF	ENSG00000099889	ENST00000467828	processed_transcript	0	0	0	5	0	0	0	0	0	0	5	0	0	0	0	0	0	0	0	0	0	0
ARVCF	ENSG00000099889	ENST00000473551	retained_intron	0	0	0	5	0	0	0	0	0	0	5	0	0	0	0	0	0	0	0	0	0	0
ARVCF	ENSG00000099889	ENST00000480792	processed_transcript	0	0	0	20	0	0	0	0	0	0	15	0	0	0	0	0	0	0	0	0	0	5
ARVCF	ENSG00000099889	ENST00000487793	processed_transcript	0	0	0	5	0	0	0	0	0	0	5	0	0	0	0	0	0	0	0	0	0	0
ARVCF	ENSG00000099889	ENST00000492625	processed_transcript	0	0	0	5	0	0	0	0	0	0	5	0	0	0	0	0	0	0	0	0	0	0
ARVCF	ENSG00000099889	ENST00000495096	retained_intron	0	1	0	50	0	0	0	0	0	0	46	0	4	0	1	0	0	1	0	0	0	0
ASCC2	ENSG00000100325	ENST00000307790	protein_coding	0	0	0	18	0	0	0	0	0	0	0	0	18	0	0	0	0	0	0	0	0	0
ASCC2	ENSG00000100325	ENST00000397771	protein_coding	0	0	0	18	0	0	0	0	0	0	0	0	18	0	0	0	0	0	0	0	0	0
ASCC2	ENSG00000100325	ENST00000412689	processed_transcript	0	0	0	8	0	0	0	0	0	0	0	0	0	0	0	0	0	0	0	0	0	8
ASCC2	ENSG00000100325	ENST00000431535	protein_coding	0	0	0	18	0	0	0	0	0	0	0	0	0	0	0	0	0	0	0	0	0	18
ASCC2	ENSG00000100325	ENST00000449900	nonsense_mediated_decay	0	0	0	18	0	0	0	0	0	0	0	0	18	0	0	0	0	0	0	0	0	0
ASCC2	ENSG00000100325	ENST00000453160	nonsense_mediated_decay	0	0	0	18	0	0	0	0	0	0	0	0	18	0	0	0	0	0	0	0	0	0
ASCC2	ENSG00000100325	ENST00000454854	nonsense_mediated_decay	0	0	0	18	0	0	0	0	0	0	0	0	18	0	0	0	0	0	0	0	0	0
ASCC2	ENSG00000100325	ENST00000458594	nonsense_mediated_decay	0	0	0	18	0	0	0	0	0	0	0	0	0	0	0	0	0	0	0	0	0	18
ASCC2	ENSG00000100325	ENST00000460313	retained_intron	0	0	0	18	0	0	0	0	0	0	0	0	18	0	0	0	0	0	0	0	0	0
ASCC2	ENSG00000100325	ENST00000462454	retained_intron	0	0	0	11	0	0	0	0	0	0	0	0	0	0	0	0	0	0	0	0	0	11
ASCC2	ENSG00000100325	ENST00000465667	retained_intron	0	0	0	18	0	0	0	0	0	0	0	0	18	0	0	0	0	0	0	0	0	0
ASCC2	ENSG00000100325	ENST00000492821	retained_intron	0	0	0	18	0	0	0	0	0	0	0	0	18	0	0	0	0	0	0	0	0	0
ASCC2	ENSG00000100325	ENST00000495681	retained_intron	0	0	0	18	0	0	0	0	0	0	0	0	18	0	0	0	0	0	0	0	0	0
ASCC2	ENSG00000100325	ENST00000495967	processed_transcript	0	0	0	18	0	0	0	0	0	0	0	0	18	0	0	0	0	0	0	0	0	0
ASCC2	ENSG00000100325	ENST00000542393	protein_coding	0	0	0	18	0	0	0	0	0	0	0	0	18	0	0	0	0	0	0	0	0	0
ASLP1	ENSG00000244723	ENST00000428790	unprocessed_pseudogene	0	0	0	18	0	0	0	0	0	0	0	0	0	0	0	0	0	0	0	0	0	18
ATP6V1E1	ENSG00000131100	ENST00000253413	protein_coding	0	0	0	89	0	0	0	0	0	0	39	0	39	0	0	0	0	0	0	0	0	11
ATP6V1E1	ENSG00000131100	ENST00000399796	protein_coding	0	0	0	89	0	0	0	0	0	0	39	0	39	0	0	0	0	0	0	0	0	11
ATP6V1E1	ENSG00000131100	ENST00000399798	protein_coding	0	0	0	89	0	0	0	0	0	0	39	0	39	0	0	0	0	0	0	0	0	11
ATP6V1E1	ENSG00000131100	ENST00000413576	protein_coding	0	2	0	70	0	0	0	0	0	0	22	0	38	0	0	0	0	1	0	0	1	11
ATP6V1E1	ENSG00000131100	ENST00000460085	processed_transcript	0	0	0	33	0	0	0	0	0	0	0	0	22	0	0	0	0	0	0	0	0	11
ATP6V1E1	ENSG00000131100	ENST00000473248	retained_intron	0	0	0	40	0	0	0	0	0	0	39	0	0	0	0	0	0	0	0	0	0	1
ATP6V1E1	ENSG00000131100	ENST00000478963	processed_transcript	0	0	0	33	0	0	0	0	0	0	0	0	22	0	0	0	0	0	0	0	0	11
ATP6V1E1	ENSG00000131100	ENST00000481365	retained_intron	0	0	0	37	0	0	0	0	0	0	0	0	27	0	0	0	0	0	0	0	0	10
ATP6V1E1	ENSG00000131100	ENST00000484653	retained_intron	0	0	0	37	0	0	0	0	0	0	7	0	15	0	5	0	0	0	0	0	0	10
ATXN10	ENSG00000130638	ENST00000252934	protein_coding	0	1	1	134	0	0	0	0	0	0	0	0	134	1	0	0	0	0	0	0	1	0
ATXN10	ENSG00000130638	ENST00000381061	protein_coding	0	1	1	134	0	0	0	0	0	0	0	0	134	1	0	0	0	0	0	0	1	0
ATXN10	ENSG00000130638	ENST00000402380	protein_coding	0	0	0	19	0	0	0	0	0	0	0	0	15	0	0	0	0	0	0	0	0	4
ATXN10	ENSG00000130638	ENST00000435026	protein_coding	0	1	1	76	0	0	0	0	0	0	0	0	63	1	0	0	0	0	0	0	1	13
ATXN10	ENSG00000130638	ENST00000451241	processed_transcript	0	0	0	54	0	0	0	0	0	0	0	0	50	0	2	0	0	0	0	0	0	2
ATXN10	ENSG00000130638	ENST00000464482	processed_transcript	0	0	0	12	0	0	0	0	0	0	5	0	3	0	0	0	0	0	0	0	0	4
ATXN10	ENSG00000130638	ENST00000470722	processed_transcript	0	0	0	18	0	0	0	0	0	0	0	0	2	0	0	0	0	0	0	0	0	16
ATXN10	ENSG00000130638	ENST00000476998	processed_transcript	0	0	0	51	0	0	0	0	0	0	5	0	46	0	0	0	0	0	0	0	0	0
ATXN10	ENSG00000130638	ENST00000483549	retained_intron	0	0	0	52	0	0	0	0	0	0	4	0	45	0	2	0	0	0	0	0	0	1
ATXN10	ENSG00000130638	ENST00000493643	processed_transcript	0	0	0	54	0	0	0	0	0	0	0	0	50	0	2	0	0	0	0	0	0	2
ATXN10	ENSG00000130638	ENST00000498009	processed_transcript	0	0	0	45	0	0	0	0	0	0	6	0	39	0	0	0	0	0	0	0	0	0
ATXN10	ENSG00000130638	ENST00000640901	protein_coding	0	1	1	87	0	0	0	0	0	0	3	0	84	1	0	0	0	0	0	0	1	0
BAIAP2L2	ENSG00000128298	ENST00000332536	protein_coding	0	2	0	29	4	0	0	0	0	0	9	0	16	0	0	0	0	0	0	0	2	0
BAIAP2L2	ENSG00000128298	ENST00000381669	protein_coding	0	2	1	42	2	0	0	0	0	0	11	0	25	1	0	0	0	1	0	0	2	4
BAIAP2L2	ENSG00000128298	ENST00000428572	protein_coding	0	2	0	25	0	0	0	0	0	0	13	0	12	0	0	0	0	0	0	0	2	0
BAIAP2L2	ENSG00000128298	ENST00000679603	nonsense_mediated_decay	0	1	0	50	6	0	0	0	0	0	13	0	21	0	7	0	0	1	0	0	0	4
BAIAP2L2	ENSG00000128298	ENST00000680818	processed_transcript	0	0	0	4	0	0	0	0	0	0	0	0	4	0	0	0	0	0	0	0	0	0
BAIAP2L2	ENSG00000128298	ENST00000681084	retained_intron	0	0	0	27	0	0	0	0	0	0	9	0	4	0	14	0	0	0	0	0	0	0
BAIAP2L2	ENSG00000128298	ENST00000681104	nonsense_mediated_decay	0	1	0	17	0	0	0	0	0	0	0	0	13	0	1	0	0	1	0	0	0	4
BCL2L13	ENSG00000099968	ENST00000317582	protein_coding	0	0	0	45	0	0	0	0	0	0	0	0	45	0	0	0	0	0	0	0	0	0
BCL2L13	ENSG00000099968	ENST00000337612	protein_coding	0	0	0	45	0	0	0	0	0	0	0	0	45	0	0	0	0	0	0	0	0	0
BCL2L13	ENSG00000099968	ENST00000355028	protein_coding	0	0	0	45	0	0	0	0	0	0	0	0	45	0	0	0	0	0	0	0	0	0
BCL2L13	ENSG00000099968	ENST00000399777	nonsense_mediated_decay	0	0	0	17	0	0	0	0	0	0	0	0	5	0	0	0	0	0	0	0	0	12
BCL2L13	ENSG00000099968	ENST00000399781	processed_transcript	0	0	0	62	0	0	0	0	0	0	0	0	56	0	0	0	0	0	0	0	0	6
BCL2L13	ENSG00000099968	ENST00000399782	protein_coding	0	0	0	62	0	0	0	0	0	0	0	0	56	0	0	0	0	0	0	0	0	6
BCL2L13	ENSG00000099968	ENST00000418951	protein_coding	0	0	0	45	0	0	0	0	0	0	0	0	45	0	0	0	0	0	0	0	0	0
BCL2L13	ENSG00000099968	ENST00000464649	processed_transcript	0	0	0	45	0	0	0	0	0	0	0	0	45	0	0	0	0	0	0	0	0	0
BCL2L13	ENSG00000099968	ENST00000493680	protein_coding	0	0	0	45	0	0	0	0	0	0	0	0	45	0	0	0	0	0	0	0	0	0
BCL2L13	ENSG00000099968	ENST00000498133	nonsense_mediated_decay	0	0	0	45	0	0	0	0	0	0	0	0	45	0	0	0	0	0	0	0	0	0
BCL2L13	ENSG00000099968	ENST00000538149	protein_coding	0	0	0	45	0	0	0	0	0	0	0	0	45	0	0	0	0	0	0	0	0	0
BCL2L13	ENSG00000099968	ENST00000543133	protein_coding	0	0	0	45	0	0	0	0	0	0	0	0	45	0	0	0	0	0	0	0	0	0
BCL2L13	ENSG00000099968	ENST00000611738	protein_coding	0	0	0	45	0	0	0	0	0	0	0	0	45	0	0	0	0	0	0	0	0	0
BCL2L13	ENSG00000099968	ENST00000616863	protein_coding	0	0	0	45	0	0	0	0	0	0	0	0	45	0	0	0	0	0	0	0	0	0
BCL2L13	ENSG00000099968	ENST00000618481	protein_coding	0	0	0	45	0	0	0	0	0	0	0	0	45	0	0	0	0	0	0	0	0	0
BCRP2	ENSG00000169668	ENST00000398241	retained_intron	0	0	0	11	0	0	0	0	0	0	0	0	8	0	0	0	0	0	0	0	0	3
BCRP2	ENSG00000169668	ENST00000447763	transcribed_unprocessed_pseudogene	0	0	0	29	0	0	0	0	0	0	0	0	23	0	3	0	0	0	0	0	0	3
BCRP2	ENSG00000169668	ENST00000461808	processed_transcript	0	0	0	29	0	0	0	0	0	0	0	0	26	0	0	0	0	0	0	0	0	3
BCRP2	ENSG00000169668	ENST00000624908	retained_intron	0	0	0	11	0	0	0	0	0	0	8	0	0	0	3	0	0	0	0	0	0	0
BCRP2	ENSG00000169668	ENST00000686994	processed_transcript	0	0	0	29	0	0	0	0	0	0	0	0	26	0	0	0	0	0	0	0	0	3
BCRP2	ENSG00000169668	ENST00000687229	processed_transcript	0	0	0	29	0	0	0	0	0	0	0	0	26	0	0	0	0	0	0	0	0	3
BCRP2	ENSG00000169668	ENST00000688409	processed_transcript	0	0	0	29	0	0	0	0	0	0	0	0	26	0	0	0	0	0	0	0	0	3
BCRP2	ENSG00000169668	ENST00000689110	processed_transcript	0	0	0	29	0	0	0	0	0	0	0	0	26	0	0	0	0	0	0	0	0	3
BCRP2	ENSG00000169668	ENST00000689368	processed_transcript	0	0	0	29	0	0	0	0	0	0	8	0	18	0	0	0	0	0	0	0	0	3
BCRP2	ENSG00000169668	ENST00000690134	processed_transcript	0	0	0	29	0	0	0	0	0	0	0	0	23	0	3	0	0	0	0	0	0	3
BCRP2	ENSG00000169668	ENST00000691409	processed_transcript	0	0	0	29	0	0	0	0	0	0	0	0	26	0	0	0	0	0	0	0	0	3
BCRP2	ENSG00000169668	ENST00000691581	processed_transcript	0	0	0	29	0	0	0	0	0	0	0	0	26	0	0	0	0	0	0	0	0	3
BCRP2	ENSG00000169668	ENST00000691627	processed_transcript	0	0	0	29	0	0	0	0	0	0	0	0	23	0	3	0	0	0	0	0	0	3
BCRP2	ENSG00000169668	ENST00000691729	processed_transcript	0	0	0	29	0	0	0	0	0	0	0	0	26	0	0	0	0	0	0	0	0	3
BCRP2	ENSG00000169668	ENST00000692127	processed_transcript	0	0	0	29	0	0	0	0	0	0	0	0	26	0	0	0	0	0	0	0	0	3
BCRP2	ENSG00000169668	ENST00000692296	processed_transcript	0	0	0	29	0	0	0	0	0	0	8	0	18	0	0	0	0	0	0	0	0	3
BCRP3	ENSG00000215481	ENST00000447261	retained_intron	0	0	0	25	0	0	0	0	0	0	0	0	4	0	0	0	0	0	0	0	0	21
BCRP3	ENSG00000215481	ENST00000621462		0	0	0	25	0	0	0	0	0	0	0	0	4	0	0	0	0	0	0	0	0	21
BCRP6	ENSG00000169662	ENST00000510112	unprocessed_pseudogene	0	0	0	2	0	0	0	0	0	0	2	0	0	0	0	0	0	0	0	0	0	0
BPIFC	ENSG00000184459	ENST00000300399	protein_coding	0	2	1	11	0	0	0	0	0	0	0	0	10	1	0	0	0	0	0	0	2	1
BPIFC	ENSG00000184459	ENST00000397450	protein_coding	0	0	0	5	0	0	0	0	0	0	0	0	4	0	0	0	0	0	0	0	0	1
BPIFC	ENSG00000184459	ENST00000397452	protein_coding	0	2	1	11	0	0	1	0	0	0	0	0	10	1	0	0	0	0	0	0	2	0
BPIFC	ENSG00000184459	ENST00000534972	nonsense_mediated_decay	0	0	0	12	3	0	0	0	0	0	0	0	6	0	3	0	0	0	0	0	0	0
C1QTNF6	ENSG00000133466	ENST00000467564	processed_transcript	0	0	0	4	0	0	0	0	0	0	0	0	4	0	0	0	0	0	0	0	0	0
C1QTNF6	ENSG00000133466	ENST00000470655	processed_transcript	0	0	0	4	0	0	0	0	0	0	0	0	0	0	4	0	0	0	0	0	0	0
C1QTNF6	ENSG00000133466	ENST00000497071	processed_transcript	0	0	0	4	0	0	0	0	0	0	0	0	4	0	0	0	0	0	0	0	0	0
C22orf39	ENSG00000242259	ENST00000399562	protein_coding	0	0	0	12	7	0	0	0	0	0	3	0	2	0	0	0	0	0	0	0	0	0
C22orf39	ENSG00000242259	ENST00000399568	protein_coding	0	0	0	12	0	0	0	0	0	0	3	0	9	0	0	0	0	0	0	0	0	0
C22orf39	ENSG00000242259	ENST00000509549	nonsense_mediated_decay	0	0	0	78	3	0	0	0	0	0	12	0	60	0	3	0	0	0	0	0	0	0
C22orf42	ENSG00000205856	ENST00000382097	protein_coding	0	1	0	8	0	0	0	0	0	0	0	0	5	0	0	0	0	0	0	0	1	3
C22orf42	ENSG00000205856	ENST00000467813	retained_intron	0	0	0	9	0	0	0	0	0	0	0	0	4	0	2	0	0	0	0	0	0	3
C22orf42	ENSG00000205856	ENST00000490640	processed_transcript	0	0	0	4	0	0	0	0	0	0	0	0	0	0	0	0	0	0	0	0	0	4
CA15P1	ENSG00000241527	ENST00000481698	unitary_pseudogene	0	0	0	21	0	0	0	0	0	0	18	0	0	0	0	0	0	0	0	0	0	3
CA15P2	ENSG00000273907	ENST00000611168	unprocessed_pseudogene	0	0	0	7	0	0	0	0	0	0	0	0	0	0	0	0	0	0	0	0	0	7
CABIN1	ENSG00000099991	ENST00000263119	protein_coding	0	3	1	200	0	0	0	0	0	0	24	0	177	1	0	0	0	1	0	0	2	0
CABIN1	ENSG00000099991	ENST00000337989	protein_coding	0	0	0	35	0	0	0	0	0	0	24	0	11	0	0	0	0	0	0	0	0	0
CABIN1	ENSG00000099991	ENST00000398319	protein_coding	0	3	1	200	0	0	0	0	0	0	24	0	177	1	0	0	0	1	0	0	2	0
CABIN1	ENSG00000099991	ENST00000405822	protein_coding	0	3	1	200	0	0	0	0	0	0	24	0	177	1	0	0	0	1	0	0	2	0
CABIN1	ENSG00000099991	ENST00000445422	protein_coding	0	3	1	70	0	0	0	0	0	0	0	0	71	1	0	0	0	1	0	0	2	0
CABIN1	ENSG00000099991	ENST00000454754	protein_coding	0	3	1	70	0	0	0	0	0	0	0	0	71	1	0	0	0	1	0	0	2	0
CABIN1	ENSG00000099991	ENST00000459824	retained_intron	0	0	0	31	0	0	0	0	0	0	24	0	4	0	1	0	0	0	0	0	0	2
CABIN1	ENSG00000099991	ENST00000467937	retained_intron	0	0	0	54	0	0	0	0	0	0	24	0	15	0	0	0	0	0	0	0	0	15
CABIN1	ENSG00000099991	ENST00000485008	processed_transcript	0	0	0	9	0	0	0	0	0	0	7	0	2	0	0	0	0	0	0	0	0	0
CABIN1	ENSG00000099991	ENST00000495121	processed_transcript	0	0	0	4	0	0	0	0	0	0	2	0	2	0	0	0	0	0	0	0	0	0
CABIN1	ENSG00000099991	ENST00000496016	retained_intron	0	0	0	41	0	0	0	0	0	0	15	0	0	0	0	0	0	0	0	0	0	26
CABIN1	ENSG00000099991	ENST00000617531	protein_coding	0	3	1	200	0	0	0	0	0	0	24	0	177	1	0	0	0	1	0	0	2	0
CABP7	ENSG00000100314	ENST00000216144	protein_coding	0	1	0	28	3	0	0	0	0	0	11	0	14	0	0	0	0	0	0	0	1	0
CACNA1I	ENSG00000100346	ENST00000401624	protein_coding	0	0	0	28	0	0	0	0	0	0	0	0	28	0	0	0	0	0	0	0	0	0
CACNA1I	ENSG00000100346	ENST00000402142	protein_coding	0	0	0	28	0	0	0	0	0	0	0	0	28	0	0	0	0	0	0	0	0	0
CACNA1I	ENSG00000100346	ENST00000404898	protein_coding	0	0	0	28	0	0	0	0	0	0	0	0	28	0	0	0	0	0	0	0	0	0
CACNA1I	ENSG00000100346	ENST00000407673	protein_coding	0	0	0	28	0	0	0	0	0	0	0	0	28	0	0	0	0	0	0	0	0	0
CACNA1I	ENSG00000100346	ENST00000471970	processed_transcript	0	0	0	1	0	0	0	0	0	0	0	0	0	0	0	0	0	0	0	0	0	1
CACNG2	ENSG00000166862	ENST00000300105	protein_coding	0	2	2	187	0	1	1	0	1	0	8	0	168	1	0	0	0	0	0	0	1	10
CARD10	ENSG00000100065	ENST00000251973	protein_coding	0	1	1	48	0	0	0	0	0	0	6	0	35	1	0	0	0	0	0	0	1	7
CARD10	ENSG00000100065	ENST00000403299	protein_coding	0	1	1	51	0	0	0	0	0	0	6	0	35	1	0	0	0	0	0	0	1	10
CARD10	ENSG00000100065	ENST00000406271	protein_coding	0	1	1	41	0	0	0	0	0	0	6	0	35	1	0	0	0	0	0	0	1	0
CARD10	ENSG00000100065	ENST00000433485	protein_coding	0	0	0	37	0	0	0	0	0	0	25	0	12	0	0	0	0	0	0	0	0	0
CARD10	ENSG00000100065	ENST00000437756	protein_coding	0	0	1	36	0	0	0	0	0	0	18	0	18	1	0	0	0	0	0	0	0	0
CARD10	ENSG00000100065	ENST00000467812	retained_intron	0	0	0	43	0	0	0	0	0	0	6	0	17	0	6	0	0	0	0	0	0	14
CARD10	ENSG00000100065	ENST00000486118	processed_transcript	0	0	0	37	0	0	0	0	0	0	25	0	0	0	0	0	0	0	0	0	0	12
CARD10	ENSG00000100065	ENST00000488141	retained_intron	0	0	0	43	0	0	0	0	0	0	6	0	23	0	2	0	0	0	0	0	0	12
CBX6	ENSG00000183741	ENST00000216083	protein_coding	0	0	0	12	1	0	0	0	0	0	0	0	1	0	0	0	0	0	0	0	0	10
CBX6	ENSG00000183741	ENST00000407418	protein_coding	0	0	0	12	1	0	0	0	0	0	0	0	1	0	0	0	0	0	0	0	0	10
CBX6	ENSG00000183741	ENST00000469420	retained_intron	0	0	0	12	0	0	0	0	0	0	0	0	0	0	1	0	0	0	0	0	0	11
CBX7	ENSG00000100307	ENST00000216133	protein_coding	0	3	1	72	4	0	0	0	0	0	1	0	67	1	0	0	0	0	0	0	3	0
CBX7	ENSG00000100307	ENST00000401405	protein_coding	0	0	0	75	0	0	0	0	0	0	4	0	71	0	0	0	0	0	0	0	0	0
CBX7	ENSG00000100307	ENST00000434260	protein_coding	0	1	1	73	0	0	0	0	0	0	11	0	62	1	0	0	0	0	0	0	1	0
CBX7	ENSG00000100307	ENST00000475962	processed_transcript	0	0	0	90	0	0	0	0	0	0	1	0	88	0	1	0	0	0	0	0	0	0
CBX7	ENSG00000100307	ENST00000477827	retained_intron	0	0	0	53	0	0	0	0	0	0	15	0	38	0	0	0	0	0	0	0	0	0
CBX7	ENSG00000100307	ENST00000482294	retained_intron	0	0	0	32	0	0	0	0	0	0	19	0	0	0	13	0	0	0	0	0	0	0
CBX7	ENSG00000100307	ENST00000490741	retained_intron	0	0	0	37	0	0	0	0	0	0	4	0	5	0	4	0	0	0	0	0	0	24
CCDC134	ENSG00000100147	ENST00000255784	protein_coding	0	0	0	15	0	0	0	0	0	0	15	0	0	0	0	0	0	0	0	0	0	0
CCDC157	ENSG00000187860	ENST00000338306	protein_coding	0	0	0	10	0	0	0	0	0	0	0	0	10	0	0	0	0	0	0	0	0	0
CCDC157	ENSG00000187860	ENST00000399824	protein_coding	0	1	0	4	4	0	0	0	0	0	0	0	0	0	0	0	0	1	0	0	0	0
CCDC157	ENSG00000187860	ENST00000405659	protein_coding	0	0	0	10	0	0	0	0	0	0	0	0	10	0	0	0	0	0	0	0	0	0
CCDC157	ENSG00000187860	ENST00000430839	protein_coding	0	0	0	10	0	0	0	0	0	0	6	0	4	0	0	0	0	0	0	0	0	0
CCDC157	ENSG00000187860	ENST00000445005	protein_coding	0	0	0	10	0	0	0	0	0	0	6	0	4	0	0	0	0	0	0	0	0	0
CCDC157	ENSG00000187860	ENST00000475975	retained_intron	0	0	0	10	0	0	0	0	0	0	0	0	10	0	0	0	0	0	0	0	0	0
CCDC157	ENSG00000187860	ENST00000482413	retained_intron	0	0	0	6	0	0	0	0	0	0	0	0	6	0	0	0	0	0	0	0	0	0
CDC45	ENSG00000093009	ENST00000263201	protein_coding	0	0	0	44	0	0	0	0	0	0	0	0	44	0	0	0	0	0	0	0	0	0
CDC45	ENSG00000093009	ENST00000404724	protein_coding	0	0	0	44	0	0	0	0	0	0	0	0	44	0	0	0	0	0	0	0	0	0
CDC45	ENSG00000093009	ENST00000407835	protein_coding	0	0	0	44	0	0	0	0	0	0	0	0	44	0	0	0	0	0	0	0	0	0
CDC45	ENSG00000093009	ENST00000428937	nonsense_mediated_decay	0	0	0	36	0	0	0	0	0	0	3	0	32	0	0	0	0	0	0	0	0	1
CDC45	ENSG00000093009	ENST00000437685	protein_coding	0	0	0	44	0	0	0	0	0	0	0	0	44	0	0	0	0	0	0	0	0	0
CDC45	ENSG00000093009	ENST00000438587	nonsense_mediated_decay	0	0	0	44	0	0	0	0	0	0	0	0	44	0	0	0	0	0	0	0	0	0
CDC45	ENSG00000093009	ENST00000455750	protein_coding	0	0	0	8	0	0	0	0	0	0	7	0	1	0	0	0	0	0	0	0	0	0
CDC45	ENSG00000093009	ENST00000471470	retained_intron	0	0	0	27	0	0	0	0	0	0	0	0	11	0	0	0	0	0	0	0	0	16
CDC45	ENSG00000093009	ENST00000483431	processed_transcript	0	0	0	17	0	0	0	0	0	0	4	0	13	0	0	0	0	0	0	0	0	0
CDC45	ENSG00000093009	ENST00000487669	retained_intron	0	0	0	19	0	0	0	0	0	0	2	0	17	0	0	0	0	0	0	0	0	0
CDC45	ENSG00000093009	ENST00000491520	retained_intron	0	0	0	8	0	0	0	0	0	0	4	0	4	0	0	0	0	0	0	0	0	0
CDC45	ENSG00000093009	ENST00000493724	retained_intron	0	0	0	6	0	0	0	0	0	0	0	0	0	0	0	0	0	0	0	0	0	6
CDC45	ENSG00000093009	ENST00000671972	protein_coding	0	0	0	27	0	0	0	0	0	0	0	0	11	0	0	0	0	0	0	0	0	16
CDC45	ENSG00000093009	ENST00000672837	nonsense_mediated_decay	0	0	0	44	0	0	0	0	0	0	0	0	44	0	0	0	0	0	0	0	0	0
CDPF1	ENSG00000205643	ENST00000314567	protein_coding	0	0	0	1	0	0	0	0	0	0	1	0	0	0	0	0	0	0	0	0	0	0
CDPF1	ENSG00000205643	ENST00000381037	nonsense_mediated_decay	0	0	0	1	0	0	0	0	0	0	1	0	0	0	0	0	0	0	0	0	0	0
CDPF1	ENSG00000205643	ENST00000404583	protein_coding	0	0	0	1	0	0	0	0	0	0	1	0	0	0	0	0	0	0	0	0	0	0
CDPF1	ENSG00000205643	ENST00000404744	protein_coding	0	0	0	1	0	0	0	0	0	0	1	0	0	0	0	0	0	0	0	0	0	0
CECR2	ENSG00000099954	ENST00000262608	protein_coding	0	0	0	48	0	0	0	0	0	0	0	0	48	0	0	0	0	0	0	0	0	0
CECR2	ENSG00000099954	ENST00000342247	protein_coding	0	0	0	48	0	0	0	0	0	0	0	0	48	0	0	0	0	0	0	0	0	0
CECR2	ENSG00000099954	ENST00000400585	protein_coding	0	0	0	48	0	0	0	0	0	0	0	0	48	0	0	0	0	0	0	0	0	0
CECR2	ENSG00000099954	ENST00000497534	processed_transcript	0	0	0	48	0	0	0	0	0	0	0	0	48	0	0	0	0	0	0	0	0	0
CECR2	ENSG00000099954	ENST00000612582	protein_coding	0	0	0	10	0	0	0	0	0	0	0	0	5	0	0	0	0	0	0	0	0	5
CELSR1	ENSG00000075275	ENST00000262738	protein_coding	0	0	0	6	0	0	0	0	0	0	0	0	6	0	0	0	0	0	0	0	0	0
CELSR1	ENSG00000075275	ENST00000468025	protein_coding	0	0	0	3	0	0	0	0	0	0	3	0	0	0	0	0	0	0	0	0	0	0
CELSR1	ENSG00000075275	ENST00000674159	retained_intron	0	0	0	3	0	0	0	0	0	0	0	0	3	0	0	0	0	0	0	0	0	0
CELSR1	ENSG00000075275	ENST00000674341	retained_intron	0	0	0	3	0	0	0	0	0	0	0	0	3	0	0	0	0	0	0	0	0	0
CELSR1	ENSG00000075275	ENST00000674500	protein_coding	0	0	0	6	0	0	0	0	0	0	0	0	6	0	0	0	0	0	0	0	0	0
CENPM	ENSG00000100162	ENST00000215980	protein_coding	0	0	0	3	0	0	0	0	0	0	3	0	0	0	0	0	0	0	0	0	0	0
CENPM	ENSG00000100162	ENST00000402338	protein_coding	0	0	0	3	0	0	0	0	0	0	3	0	0	0	0	0	0	0	0	0	0	0
CENPM	ENSG00000100162	ENST00000402420	protein_coding	0	0	0	3	0	0	0	0	0	0	3	0	0	0	0	0	0	0	0	0	0	0
CENPM	ENSG00000100162	ENST00000404067	protein_coding	0	0	0	3	0	0	0	0	0	0	3	0	0	0	0	0	0	0	0	0	0	0
CENPM	ENSG00000100162	ENST00000407253	protein_coding	0	0	0	3	0	0	0	0	0	0	3	0	0	0	0	0	0	0	0	0	0	0
CENPM	ENSG00000100162	ENST00000472374	protein_coding	0	0	0	3	0	0	0	0	0	0	3	0	0	0	0	0	0	0	0	0	0	0
CERK	ENSG00000100422	ENST00000216264	protein_coding	0	1	1	117	14	0	0	0	0	0	14	0	83	1	0	0	0	0	0	0	1	6
CERK	ENSG00000100422	ENST00000443629	nonsense_mediated_decay	0	0	0	112	0	0	0	0	0	0	21	0	83	0	2	0	0	0	0	0	0	6
CERK	ENSG00000100422	ENST00000460254	processed_transcript	0	0	0	19	0	0	0	0	0	0	13	0	0	0	0	0	0	0	0	0	0	6
CERK	ENSG00000100422	ENST00000471929	processed_transcript	0	0	0	15	0	0	0	0	0	0	12	0	3	0	0	0	0	0	0	0	0	0
CHADL	ENSG00000100399	ENST00000216241	protein_coding	0	1	0	19	0	1	1	0	0	0	7	0	8	0	0	0	0	0	0	0	0	3
CHADL	ENSG00000100399	ENST00000417999	protein_coding	0	0	0	19	0	0	0	0	0	0	7	0	5	0	0	0	0	0	0	0	0	7
CHADL	ENSG00000100399	ENST00000455425	protein_coding	0	0	2	10	0	0	0	0	0	0	2	0	4	2	0	0	0	0	0	0	0	4
CHKB	ENSG00000100288	ENST00000406938	protein_coding	2	4	3	10	0	0	0	0	0	0	0	0	6	3	0	1	0	3	1	0	1	8
CHKB	ENSG00000100288	ENST00000463053	processed_transcript	1	2	0	47	0	0	0	0	0	0	0	0	49	0	1	1	0	2	0	0	0	0
CHKB	ENSG00000100288	ENST00000464225	processed_transcript	0	0	0	19	0	0	0	0	0	0	0	0	0	0	0	0	0	0	0	0	0	19
CHKB	ENSG00000100288	ENST00000465842	retained_intron	0	0	0	19	0	0	0	0	0	0	5	0	0	0	0	0	0	0	0	0	0	14
CHKB	ENSG00000100288	ENST00000468532	retained_intron	1	2	0	16	0	0	0	0	0	0	0	0	4	0	1	1	0	2	0	0	0	14
CHKB	ENSG00000100288	ENST00000471515	processed_transcript	0	0	0	19	0	0	0	0	0	0	0	0	1	0	0	0	0	0	0	0	0	18
CHKB	ENSG00000100288	ENST00000476289	retained_intron	1	2	0	16	0	0	0	0	0	0	0	0	4	0	7	1	0	2	0	0	0	8
CHKB	ENSG00000100288	ENST00000479003	retained_intron	1	2	0	16	0	0	0	0	0	0	0	0	4	0	7	1	0	2	0	0	0	8
CHKB	ENSG00000100288	ENST00000481673	retained_intron	1	3	0	15	0	0	0	0	0	0	0	0	6	0	5	1	0	3	0	0	0	8
CHKB	ENSG00000100288	ENST00000484266	retained_intron	1	2	0	16	0	0	0	0	0	0	0	0	4	0	7	1	0	2	0	0	0	8
CHKB	ENSG00000100288	ENST00000489453	retained_intron	0	0	0	19	0	0	0	0	0	0	0	0	1	0	4	0	0	0	0	0	0	14
CHKB	ENSG00000100288	ENST00000492582	retained_intron	1	2	0	16	0	0	0	0	0	0	0	0	4	0	7	1	0	2	0	0	0	8
CHKB-CPT1B	ENSG00000254413	ENST00000452668	processed_transcript	0	0	0	24	0	0	0	0	0	0	5	0	0	0	0	0	0	0	0	0	0	19
CHKB-CPT1B	ENSG00000254413	ENST00000453634	nonsense_mediated_decay	0	0	0	40	2	0	0	0	0	0	10	0	7	0	2	0	0	0	0	0	0	19
CHKB-CPT1B	ENSG00000254413	ENST00000492556	retained_intron	1	2	0	36	0	0	0	0	0	0	11	0	11	0	9	1	0	2	0	0	0	8
CHKB-DT	ENSG00000205559	ENST00000380711		0	0	0	24	0	0	0	0	0	0	13	0	0	0	0	0	0	0	0	0	0	11
CHKB-DT	ENSG00000205559	ENST00000648558		0	0	0	37	0	0	0	0	0	0	18	0	8	0	0	0	0	0	0	0	0	11
CHKB-DT	ENSG00000205559	ENST00000652967		0	1	0	36	0	0	0	0	0	0	17	0	0	0	1	0	0	1	0	0	0	19
CHKB-DT	ENSG00000205559	ENST00000654355		0	0	0	37	0	0	0	0	0	0	17	0	0	0	1	0	0	0	0	0	0	19
CHKB-DT	ENSG00000205559	ENST00000654727		0	0	0	45	0	0	0	0	0	0	13	0	18	0	0	0	0	0	0	0	0	14
CHKB-DT	ENSG00000205559	ENST00000656328		0	0	0	27	0	0	0	0	0	0	8	0	0	0	8	0	0	0	0	0	0	11
CHKB-DT	ENSG00000205559	ENST00000662119		0	0	0	37	0	0	0	0	0	0	17	0	0	0	1	0	0	0	0	0	0	19
CHKB-DT	ENSG00000205559	ENST00000666183		0	0	0	26	0	0	0	0	0	0	13	0	0	0	2	0	0	0	0	0	0	11
CLTCL1	ENSG00000070371	ENST00000412649	retained_intron	0	0	0	21	0	0	0	0	0	0	5	0	0	0	9	0	0	0	0	0	0	7
CLTCL1	ENSG00000070371	ENST00000427926	protein_coding	0	5	2	100	0	0	0	0	0	0	5	0	95	2	0	0	0	1	0	0	5	0
CLTCL1	ENSG00000070371	ENST00000449918	protein_coding	0	0	0	8	0	0	0	0	0	0	0	0	8	0	0	0	0	0	0	0	0	0
CLTCL1	ENSG00000070371	ENST00000458188	nonsense_mediated_decay	0	0	0	30	0	0	0	0	0	0	15	0	11	0	0	0	0	0	0	0	0	4
CLTCL1	ENSG00000070371	ENST00000538828	nonsense_mediated_decay	0	0	0	17	0	0	0	0	0	0	1	0	10	0	0	0	0	0	0	0	0	6
CLTCL1	ENSG00000070371	ENST00000540896	retained_intron	0	0	0	4	0	0	0	0	0	0	3	0	1	0	0	0	0	0	0	0	0	0
CLTCL1	ENSG00000070371	ENST00000611723	retained_intron	0	1	0	43	0	0	0	0	0	0	2	0	24	0	5	0	0	1	0	0	0	13
CLTCL1	ENSG00000070371	ENST00000615606	retained_intron	0	0	0	103	0	0	0	0	0	0	1	0	94	0	8	0	0	0	0	0	0	0
CLTCL1	ENSG00000070371	ENST00000617103	nonsense_mediated_decay	0	1	0	105	3	0	0	0	0	0	1	0	95	0	7	0	0	1	0	0	0	0
CLTCL1	ENSG00000070371	ENST00000617926	protein_coding	1	2	1	53	0	0	0	0	0	0	5	1	41	1	0	0	0	1	0	0	2	7
CLTCL1	ENSG00000070371	ENST00000621271	protein_coding	0	5	2	100	0	0	0	0	0	0	5	0	95	2	0	0	0	1	0	0	5	0
CLTCL1	ENSG00000070371	ENST00000622493	protein_coding	1	2	1	53	0	0	0	0	0	0	5	1	41	1	0	0	0	1	0	0	2	7
COMT	ENSG00000093010	ENST00000207636	nonsense_mediated_decay	0	0	0	138	5	0	0	0	0	0	11	0	106	0	6	0	0	0	0	0	0	10
COMT	ENSG00000093010	ENST00000361682	protein_coding	0	0	4	129	13	0	0	0	0	0	0	0	116	4	0	0	0	0	0	0	0	0
COMT	ENSG00000093010	ENST00000403184	protein_coding	0	0	2	131	14	0	0	0	0	0	33	0	84	2	0	0	0	0	0	0	0	0
COMT	ENSG00000093010	ENST00000403710	protein_coding	0	0	4	129	1	0	0	0	0	0	12	0	116	4	0	0	0	0	0	0	0	0
COMT	ENSG00000093010	ENST00000406520	protein_coding	0	0	4	129	2	0	0	0	0	0	11	0	98	4	0	0	0	0	0	0	0	18
COMT	ENSG00000093010	ENST00000407537	protein_coding	0	0	4	129	2	0	2	0	0	0	11	0	114	4	0	0	0	0	0	0	0	0
COMT	ENSG00000093010	ENST00000412786	protein_coding	0	0	2	131	0	0	0	0	0	0	15	0	106	2	0	0	0	0	0	0	0	10
COMT	ENSG00000093010	ENST00000428707	protein_coding	0	4	3	126	8	0	0	0	0	0	13	0	105	3	0	0	0	0	0	0	4	0
COMT	ENSG00000093010	ENST00000449653	protein_coding	0	0	4	100	2	0	0	0	0	0	11	0	34	4	0	0	0	0	0	0	0	53
COMT	ENSG00000093010	ENST00000467943	retained_intron	0	0	0	118	0	0	0	0	0	0	36	0	82	0	0	0	0	0	0	0	0	0
COMT	ENSG00000093010	ENST00000493893	processed_transcript	0	0	0	100	0	0	0	0	0	0	43	0	0	0	2	0	0	0	0	0	0	55
COMT	ENSG00000093010	ENST00000676678	protein_coding	0	0	4	129	2	0	0	0	0	0	11	0	116	4	0	0	0	0	0	0	0	0
COMT	ENSG00000093010	ENST00000677397	nonsense_mediated_decay	0	0	0	111	7	0	0	0	0	0	12	0	25	0	14	0	0	0	0	0	0	53
COMT	ENSG00000093010	ENST00000677470	retained_intron	0	0	0	97	0	0	0	0	0	0	11	0	32	0	6	0	0	0	0	0	0	48
COMT	ENSG00000093010	ENST00000677564	retained_intron	0	0	0	104	0	0	0	0	0	0	0	0	32	0	17	0	0	0	0	0	0	55
COMT	ENSG00000093010	ENST00000677675	processed_transcript	0	0	0	104	0	0	0	0	0	0	11	0	34	0	6	0	0	0	0	0	0	53
COMT	ENSG00000093010	ENST00000678240	retained_intron	0	0	0	101	0	0	0	0	0	0	44	0	2	0	2	0	0	0	0	0	0	53
COMT	ENSG00000093010	ENST00000678255	protein_coding	0	0	4	129	13	0	2	0	0	0	0	0	91	4	0	0	0	0	0	0	0	23
COMT	ENSG00000093010	ENST00000678769	protein_coding	0	1	5	127	13	0	0	0	0	0	0	0	114	5	0	0	0	0	0	0	1	0
COMT	ENSG00000093010	ENST00000678868	protein_coding	0	0	4	129	13	0	0	0	0	0	0	0	116	4	0	0	0	0	0	0	0	0
COMT	ENSG00000093010	ENST00000678945	retained_intron	0	0	0	104	0	0	0	0	0	0	0	0	32	0	17	0	0	0	0	0	0	55
COX5BP7	ENSG00000226024	ENST00000414780	processed_pseudogene	0	0	0	11	0	0	0	0	0	0	2	0	0	0	0	0	0	0	0	0	0	9
COX6B1P3	ENSG00000172912	ENST00000312310	processed_pseudogene	0	0	0	3	0	0	0	0	0	0	3	0	0	0	0	0	0	0	0	0	0	0
CPSF1P1	ENSG00000214076	ENST00000397477	transcribed_processed_pseudogene	0	0	0	11	0	0	0	0	0	0	2	0	0	0	7	0	0	0	0	0	0	2
CPT1B	ENSG00000205560	ENST00000312108	protein_coding	1	0	1	29	0	0	0	0	0	0	11	1	7	1	0	0	0	0	0	0	0	11
CPT1B	ENSG00000205560	ENST00000360719	protein_coding	1	0	1	28	0	0	0	0	0	0	10	1	7	1	0	0	0	0	0	0	0	11
CPT1B	ENSG00000205560	ENST00000395650	protein_coding	1	0	1	28	0	0	0	0	0	0	10	1	7	1	0	0	0	0	0	0	0	11
CPT1B	ENSG00000205560	ENST00000405237	protein_coding	1	0	1	29	0	0	0	0	0	0	11	1	7	1	0	0	0	0	0	0	0	11
CPT1B	ENSG00000205560	ENST00000417176	protein_coding	0	0	0	20	0	0	0	0	0	0	9	0	0	0	0	0	0	0	0	0	0	11
CPT1B	ENSG00000205560	ENST00000423069	nonsense_mediated_decay	0	0	0	16	2	0	0	0	0	0	4	0	3	0	2	0	0	0	0	0	0	5
CPT1B	ENSG00000205560	ENST00000457250	protein_coding	1	0	1	28	0	0	0	0	0	0	10	1	7	1	0	0	0	0	0	0	0	11
CPT1B	ENSG00000205560	ENST00000460853	retained_intron	0	0	0	20	0	0	0	0	0	0	9	0	0	0	0	0	0	0	0	0	0	11
CPT1B	ENSG00000205560	ENST00000461117	retained_intron	0	0	0	20	0	0	0	0	0	0	9	0	0	0	0	0	0	0	0	0	0	11
CPT1B	ENSG00000205560	ENST00000475238	retained_intron	0	0	0	12	0	0	0	0	0	0	3	0	4	0	4	0	0	0	0	0	0	1
CPT1B	ENSG00000205560	ENST00000476790	retained_intron	0	0	0	14	0	0	0	0	0	0	9	0	0	0	0	0	0	0	0	0	0	5
CPT1B	ENSG00000205560	ENST00000479886	retained_intron	0	0	0	9	0	0	0	0	0	0	9	0	0	0	0	0	0	0	0	0	0	0
CPT1B	ENSG00000205560	ENST00000497224	retained_intron	0	0	0	15	0	0	0	0	0	0	6	0	0	0	0	0	0	0	0	0	0	9
CRIP1P4	ENSG00000182351	ENST00000442565	processed_pseudogene	0	0	0	8	0	0	0	0	0	0	6	0	0	0	0	0	0	0	0	0	0	2
CRKL	ENSG00000099942	ENST00000354336	protein_coding	0	0	0	48	0	0	0	0	0	0	0	0	48	0	0	0	0	0	0	0	0	0
CRKL	ENSG00000099942	ENST00000411769	nonsense_mediated_decay	0	0	0	48	0	0	0	0	0	0	0	0	48	0	0	0	0	0	0	0	0	0
CRYBB3	ENSG00000100053	ENST00000215855	protein_coding	0	0	0	1	0	0	0	0	0	0	0	0	1	0	0	0	0	0	0	0	0	0
CRYBB3	ENSG00000100053	ENST00000404334	protein_coding	0	0	0	1	0	0	0	0	0	0	0	0	1	0	0	0	0	0	0	0	0	0
CSDC2	ENSG00000172346	ENST00000306149	protein_coding	0	1	1	70	4	0	0	0	0	0	0	0	62	1	0	0	0	1	0	0	0	5
CSDC2	ENSG00000172346	ENST00000460790	protein_coding	0	0	1	50	0	0	0	0	0	0	0	0	45	1	0	0	0	0	0	0	0	5
CSF2RB	ENSG00000100368	ENST00000403662	protein_coding	1	0	0	34	0	0	3	0	0	0	0	0	23	0	0	1	0	0	0	0	0	9
CSF2RB	ENSG00000100368	ENST00000406230	protein_coding	0	0	0	19	0	0	1	0	0	0	0	0	0	0	0	0	0	0	0	0	0	18
CSF2RB	ENSG00000100368	ENST00000421539	protein_coding	0	0	0	19	0	0	0	0	0	0	0	0	0	0	0	0	0	0	0	0	0	19
CSNK1E	ENSG00000213923	ENST00000359867	protein_coding	0	0	0	35	0	0	2	0	0	0	0	0	16	0	0	0	0	0	0	0	0	17
CSNK1E	ENSG00000213923	ENST00000396832	protein_coding	0	0	0	35	0	0	0	0	0	0	0	0	14	0	0	0	0	0	0	0	0	21
CSNK1E	ENSG00000213923	ENST00000403904	protein_coding	0	0	0	35	0	0	0	0	0	0	0	0	14	0	0	0	0	0	0	0	0	21
CSNK1E	ENSG00000213923	ENST00000405675	protein_coding	0	0	0	35	0	0	0	0	0	0	0	0	14	0	0	0	0	0	0	0	0	21
CSNK1E	ENSG00000213923	ENST00000413574	protein_coding	0	0	0	35	0	0	0	0	0	0	0	0	14	0	0	0	0	0	0	0	0	21
CSNK1E	ENSG00000213923	ENST00000430335	protein_coding	0	0	0	32	0	0	0	0	0	0	0	0	14	0	0	0	0	0	0	0	0	18
CSNK1E	ENSG00000213923	ENST00000431611	nonsense_mediated_decay	0	0	0	2	0	0	0	0	0	0	0	0	0	0	0	0	0	0	0	0	0	2
CSNK1E	ENSG00000213923	ENST00000431632	protein_coding	0	0	0	2	0	0	0	0	0	0	0	0	0	0	0	0	0	0	0	0	0	2
CSNK1E	ENSG00000213923	ENST00000442216	nonsense_mediated_decay	0	0	0	2	0	0	0	0	0	0	0	0	0	0	0	0	0	0	0	0	0	2
CSNK1E	ENSG00000213923	ENST00000451964	protein_coding	0	0	0	5	0	0	0	0	0	0	0	0	2	0	0	0	0	0	0	0	0	3
CSNK1E	ENSG00000213923	ENST00000498529	processed_transcript	0	0	0	2	0	0	0	0	0	0	0	0	0	0	0	0	0	0	0	0	0	2
CSNK1E	ENSG00000213923	ENST00000612795	protein_coding	0	0	0	4	0	0	0	0	0	0	0	0	2	0	0	0	0	0	0	0	0	2
CYB5R3	ENSG00000100243	ENST00000693367	protein_coding	0	0	0	15	0	0	0	0	0	0	15	0	0	0	0	0	0	0	0	0	0	0
CYP2D6	ENSG00000100197	ENST00000359033	protein_coding	0	1	2	4	0	0	0	0	0	0	1	0	3	2	0	0	0	0	0	0	1	0
CYP2D6	ENSG00000100197	ENST00000360124	nonsense_mediated_decay	0	0	0	9	2	0	0	0	0	0	1	0	3	0	3	0	0	0	0	0	0	0
CYP2D6	ENSG00000100197	ENST00000488442	retained_intron	0	0	0	7	0	0	0	0	0	0	1	0	3	0	3	0	0	0	0	0	0	0
CYP2D6	ENSG00000100197	ENST00000645361	protein_coding	0	1	2	4	0	0	0	0	0	0	1	0	3	2	0	0	0	0	0	0	1	0
CYP2D7	ENSG00000205702	ENST00000358097	polymorphic_pseudogene	0	0	0	13	0	0	0	0	0	0	5	0	3	0	2	0	0	0	0	0	0	3
CYP2D7	ENSG00000205702	ENST00000424775	processed_transcript	0	0	0	13	0	0	0	0	0	0	10	0	0	0	0	0	0	0	0	0	0	3
CYP2D7	ENSG00000205702	ENST00000433992	polymorphic_pseudogene	0	0	0	13	0	0	0	0	0	0	5	0	3	0	2	0	0	0	0	0	0	3
CYP2D7	ENSG00000205702	ENST00000435101	nonsense_mediated_decay	0	0	0	10	0	0	0	0	0	0	5	0	3	0	1	0	0	0	0	0	0	1
CYP2D7	ENSG00000205702	ENST00000435688	retained_intron	0	0	0	13	0	0	0	0	0	0	10	0	0	0	0	0	0	0	0	0	0	3
CYP2D7	ENSG00000205702	ENST00000610593	retained_intron	0	0	0	13	0	0	0	0	0	0	8	0	0	0	2	0	0	0	0	0	0	3
CYP2D7	ENSG00000205702	ENST00000651010	retained_intron	0	0	0	18	0	0	0	0	0	0	5	0	6	0	2	0	0	0	0	0	0	5
CYP2D8P	ENSG00000226450	ENST00000433633	unprocessed_pseudogene	0	0	0	14	0	0	0	0	0	0	3	0	5	0	2	0	0	0	0	0	0	4
CYTH4	ENSG00000100055	ENST00000248901	protein_coding	0	0	0	9	0	0	0	0	0	0	9	0	0	0	0	0	0	0	0	0	0	0
CYTH4	ENSG00000100055	ENST00000446506	protein_coding	0	0	0	3	0	0	0	0	0	0	3	0	0	0	0	0	0	0	0	0	0	0
CYTH4	ENSG00000100055	ENST00000462927	retained_intron	0	0	0	9	0	0	0	0	0	0	9	0	0	0	0	0	0	0	0	0	0	0
DDT	ENSG00000099977	ENST00000350608	protein_coding	0	0	0	10	0	0	0	0	0	0	5	0	5	0	0	0	0	0	0	0	0	0
DDT	ENSG00000099977	ENST00000398344	protein_coding	0	0	0	10	0	0	0	0	0	0	5	0	5	0	0	0	0	0	0	0	0	0
DDT	ENSG00000099977	ENST00000403754	protein_coding	0	0	0	6	0	0	0	0	0	0	1	0	5	0	0	0	0	0	0	0	0	0
DDT	ENSG00000099977	ENST00000428792	protein_coding	0	0	0	10	0	0	0	0	0	0	5	0	0	0	0	0	0	0	0	0	0	5
DDT	ENSG00000099977	ENST00000430101	protein_coding	0	0	0	6	0	0	0	0	0	0	1	0	5	0	0	0	0	0	0	0	0	0
DDT	ENSG00000099977	ENST00000444947	retained_intron	0	0	0	6	0	0	0	0	0	0	1	0	5	0	0	0	0	0	0	0	0	0
DDTL	ENSG00000099974	ENST00000215770	protein_coding	0	0	0	15	0	0	0	0	0	0	5	0	5	0	0	0	0	0	0	0	0	5
DDX17	ENSG00000100201	ENST00000216019	retained_intron	0	0	0	54	0	0	0	0	0	0	31	0	11	0	2	0	0	0	0	0	0	10
DDX17	ENSG00000100201	ENST00000396821	protein_coding	1	0	1	56	3	0	0	0	0	0	32	0	11	1	0	0	0	0	1	0	0	10
DDX17	ENSG00000100201	ENST00000403230	protein_coding	1	0	1	56	3	0	0	0	0	0	32	0	11	1	0	0	0	0	1	0	0	10
DDX17	ENSG00000100201	ENST00000431312	retained_intron	0	0	0	36	0	0	0	0	0	0	31	0	0	0	0	0	0	0	0	0	0	5
DDX17	ENSG00000100201	ENST00000432525	processed_transcript	0	0	0	30	0	0	0	0	0	0	1	0	13	0	2	0	0	0	0	0	0	14
DDX17	ENSG00000100201	ENST00000467279	processed_transcript	0	0	0	18	0	0	0	0	0	0	3	0	5	0	0	0	0	0	0	0	0	10
DDX17	ENSG00000100201	ENST00000475004	nonsense_mediated_decay	0	0	0	21	0	0	0	0	0	0	13	0	5	0	0	0	0	0	0	0	0	3
DDX17	ENSG00000100201	ENST00000477112	retained_intron	0	0	0	8	0	0	0	0	0	0	7	0	0	0	1	0	0	0	0	0	0	0
DDX17	ENSG00000100201	ENST00000479734	processed_transcript	0	0	0	15	0	0	0	0	0	0	5	0	0	0	0	0	0	0	0	0	0	10
DDX17	ENSG00000100201	ENST00000497196	retained_intron	0	0	0	8	0	0	0	0	0	0	5	0	1	0	2	0	0	0	0	0	0	0
DENND6B	ENSG00000205593	ENST00000413817	protein_coding	2	6	4	75	0	0	0	0	0	0	16	0	63	4	0	1	1	2	0	0	4	0
DENND6B	ENSG00000205593	ENST00000433760	protein_coding	1	1	3	66	0	0	3	0	0	0	17	0	34	3	0	0	1	0	0	0	1	13
DENND6B	ENSG00000205593	ENST00000460087	retained_intron	0	0	0	71	0	0	0	0	0	0	39	0	11	0	4	0	0	0	0	0	0	17
DENND6B	ENSG00000205593	ENST00000471942	retained_intron	1	0	0	70	0	0	0	0	0	0	17	0	34	0	3	0	1	0	0	0	0	17
DENND6B	ENSG00000205593	ENST00000495607	retained_intron	0	2	0	78	0	0	0	0	0	0	9	0	58	0	13	0	0	2	0	0	0	0
DEPDC5	ENSG00000100150	ENST00000382111	protein_coding	0	0	0	70	0	0	0	0	0	0	0	0	70	0	0	0	0	0	0	0	0	0
DEPDC5	ENSG00000100150	ENST00000382112	protein_coding	0	0	0	70	0	0	0	0	0	0	0	0	70	0	0	0	0	0	0	0	0	0
DEPDC5	ENSG00000100150	ENST00000400242	protein_coding	0	0	0	14	0	0	0	0	0	0	7	0	7	0	0	0	0	0	0	0	0	0
DEPDC5	ENSG00000100150	ENST00000400246	nonsense_mediated_decay	0	0	0	70	0	0	0	0	0	0	0	0	70	0	0	0	0	0	0	0	0	0
DEPDC5	ENSG00000100150	ENST00000400248	protein_coding	0	0	0	70	0	0	0	0	0	0	0	0	70	0	0	0	0	0	0	0	0	0
DEPDC5	ENSG00000100150	ENST00000400249	protein_coding	0	0	0	70	0	0	0	0	0	0	0	0	70	0	0	0	0	0	0	0	0	0
DEPDC5	ENSG00000100150	ENST00000433147	protein_coding	0	0	0	70	0	0	0	0	0	0	0	0	70	0	0	0	0	0	0	0	0	0
DEPDC5	ENSG00000100150	ENST00000448753	nonsense_mediated_decay	0	0	0	63	0	0	0	0	0	0	0	0	56	0	0	0	0	0	0	0	0	7
DEPDC5	ENSG00000100150	ENST00000462414	retained_intron	0	0	0	19	0	0	0	0	0	0	6	0	11	0	0	0	0	0	0	0	0	2
DEPDC5	ENSG00000100150	ENST00000469974	nonsense_mediated_decay	0	0	0	7	0	0	0	0	0	0	3	0	4	0	0	0	0	0	0	0	0	0
DEPDC5	ENSG00000100150	ENST00000471914	retained_intron	0	0	0	21	0	0	0	0	0	0	2	0	17	0	0	0	0	0	0	0	0	2
DEPDC5	ENSG00000100150	ENST00000473802	protein_coding	0	0	0	7	0	0	0	0	0	0	3	0	4	0	0	0	0	0	0	0	0	0
DEPDC5	ENSG00000100150	ENST00000479261	retained_intron	0	0	0	2	0	0	0	0	0	0	0	0	2	0	0	0	0	0	0	0	0	0
DEPDC5	ENSG00000100150	ENST00000490731	retained_intron	0	0	0	19	0	0	0	0	0	0	2	0	11	0	0	0	0	0	0	0	0	6
DEPDC5	ENSG00000100150	ENST00000494060	processed_transcript	0	0	0	35	0	0	0	0	0	0	0	0	31	0	0	0	0	0	0	0	0	4
DEPDC5	ENSG00000100150	ENST00000497340	protein_coding	0	0	0	1	0	0	0	0	0	0	0	0	1	0	0	0	0	0	0	0	0	0
DEPDC5	ENSG00000100150	ENST00000535622	protein_coding	0	0	0	70	0	0	0	0	0	0	0	0	70	0	0	0	0	0	0	0	0	0
DEPDC5	ENSG00000100150	ENST00000642212	retained_intron	0	0	0	2	0	0	0	0	0	0	0	0	2	0	0	0	0	0	0	0	0	0
DEPDC5	ENSG00000100150	ENST00000642551	retained_intron	0	0	0	62	0	0	0	0	0	0	10	0	50	0	2	0	0	0	0	0	0	0
DEPDC5	ENSG00000100150	ENST00000642684	nonsense_mediated_decay	0	0	0	70	0	0	0	0	0	0	0	0	70	0	0	0	0	0	0	0	0	0
DEPDC5	ENSG00000100150	ENST00000642696	protein_coding	0	0	0	70	0	0	0	0	0	0	0	0	70	0	0	0	0	0	0	0	0	0
DEPDC5	ENSG00000100150	ENST00000642771	nonsense_mediated_decay	0	0	0	70	0	0	0	0	0	0	0	0	70	0	0	0	0	0	0	0	0	0
DEPDC5	ENSG00000100150	ENST00000642915	retained_intron	0	0	0	1	0	0	0	0	0	0	0	0	1	0	0	0	0	0	0	0	0	0
DEPDC5	ENSG00000100150	ENST00000642956	retained_intron	0	0	0	20	0	0	0	0	0	0	0	0	8	0	0	0	0	0	0	0	0	12
DEPDC5	ENSG00000100150	ENST00000642974	protein_coding	0	0	0	33	0	0	0	0	0	0	9	0	24	0	0	0	0	0	0	0	0	0
DEPDC5	ENSG00000100150	ENST00000643021	processed_transcript	0	0	0	33	0	0	0	0	0	0	0	0	24	0	0	0	0	0	0	0	0	9
DEPDC5	ENSG00000100150	ENST00000643075	retained_intron	0	0	0	3	0	0	0	0	0	0	3	0	0	0	0	0	0	0	0	0	0	0
DEPDC5	ENSG00000100150	ENST00000643097	processed_transcript	0	0	0	33	0	0	0	0	0	0	0	0	24	0	0	0	0	0	0	0	0	9
DEPDC5	ENSG00000100150	ENST00000643166	retained_intron	0	0	0	31	0	0	0	0	0	0	13	0	18	0	0	0	0	0	0	0	0	0
DEPDC5	ENSG00000100150	ENST00000643395	nonsense_mediated_decay	0	0	0	70	0	0	0	0	0	0	0	0	70	0	0	0	0	0	0	0	0	0
DEPDC5	ENSG00000100150	ENST00000643751	nonsense_mediated_decay	0	0	0	70	0	0	0	0	0	0	0	0	70	0	0	0	0	0	0	0	0	0
DEPDC5	ENSG00000100150	ENST00000644162	nonsense_mediated_decay	0	0	0	70	0	0	0	0	0	0	0	0	70	0	0	0	0	0	0	0	0	0
DEPDC5	ENSG00000100150	ENST00000644331	protein_coding	0	0	0	70	0	0	0	0	0	0	0	0	70	0	0	0	0	0	0	0	0	0
DEPDC5	ENSG00000100150	ENST00000644690	processed_transcript	0	0	0	33	0	0	0	0	0	0	0	0	24	0	0	0	0	0	0	0	0	9
DEPDC5	ENSG00000100150	ENST00000645407	protein_coding	0	0	0	70	0	0	0	0	0	0	0	0	70	0	0	0	0	0	0	0	0	0
DEPDC5	ENSG00000100150	ENST00000645494	nonsense_mediated_decay	0	0	0	70	0	0	0	0	0	0	0	0	70	0	0	0	0	0	0	0	0	0
DEPDC5	ENSG00000100150	ENST00000645547	nonsense_mediated_decay	0	0	0	20	0	0	0	0	0	0	0	0	8	0	0	0	0	0	0	0	0	12
DEPDC5	ENSG00000100150	ENST00000645560	protein_coding	0	0	0	70	0	0	0	0	0	0	0	0	70	0	0	0	0	0	0	0	0	0
DEPDC5	ENSG00000100150	ENST00000645564	protein_coding	0	0	0	33	0	0	0	0	0	0	9	0	24	0	0	0	0	0	0	0	0	0
DEPDC5	ENSG00000100150	ENST00000645693	protein_coding	0	0	0	33	0	0	0	0	0	0	9	0	24	0	0	0	0	0	0	0	0	0
DEPDC5	ENSG00000100150	ENST00000645711	protein_coding	0	0	0	70	0	0	0	0	0	0	0	0	70	0	0	0	0	0	0	0	0	0
DEPDC5	ENSG00000100150	ENST00000645755	nonsense_mediated_decay	0	0	0	70	0	0	0	0	0	0	0	0	70	0	0	0	0	0	0	0	0	0
DEPDC5	ENSG00000100150	ENST00000645785	retained_intron	0	0	0	4	0	0	0	0	0	0	4	0	0	0	0	0	0	0	0	0	0	0
DEPDC5	ENSG00000100150	ENST00000645893	retained_intron	0	0	0	65	0	0	0	0	0	0	1	0	64	0	0	0	0	0	0	0	0	0
DEPDC5	ENSG00000100150	ENST00000645967	nonsense_mediated_decay	0	0	0	16	0	0	0	0	0	0	2	0	14	0	0	0	0	0	0	0	0	0
DEPDC5	ENSG00000100150	ENST00000646135	retained_intron	0	0	0	39	0	0	0	0	0	0	0	0	35	0	0	0	0	0	0	0	0	4
DEPDC5	ENSG00000100150	ENST00000646383	retained_intron	0	0	0	2	0	0	0	0	0	0	0	0	2	0	0	0	0	0	0	0	0	0
DEPDC5	ENSG00000100150	ENST00000646465	protein_coding	0	0	0	70	0	0	0	0	0	0	0	0	70	0	0	0	0	0	0	0	0	0
DEPDC5	ENSG00000100150	ENST00000646515	nonsense_mediated_decay	0	0	0	70	0	0	0	0	0	0	0	0	70	0	0	0	0	0	0	0	0	0
DEPDC5	ENSG00000100150	ENST00000646755	protein_coding	0	0	0	14	0	0	0	0	0	0	7	0	7	0	0	0	0	0	0	0	0	0
DEPDC5	ENSG00000100150	ENST00000646830	processed_transcript	0	0	0	33	0	0	0	0	0	0	0	0	24	0	0	0	0	0	0	0	0	9
DEPDC5	ENSG00000100150	ENST00000646969	protein_coding	0	0	0	70	0	0	0	0	0	0	0	0	70	0	0	0	0	0	0	0	0	0
DEPDC5	ENSG00000100150	ENST00000646998	nonsense_mediated_decay	0	0	0	70	0	0	0	0	0	0	0	0	70	0	0	0	0	0	0	0	0	0
DEPDC5	ENSG00000100150	ENST00000647289	retained_intron	0	0	0	9	0	0	0	0	0	0	1	0	7	0	1	0	0	0	0	0	0	0
DEPDC5	ENSG00000100150	ENST00000647343	protein_coding	0	0	0	70	0	0	0	0	0	0	0	0	70	0	0	0	0	0	0	0	0	0
DEPDC5	ENSG00000100150	ENST00000647438	protein_coding	0	0	0	14	0	0	0	0	0	0	7	0	7	0	0	0	0	0	0	0	0	0
DEPDC5	ENSG00000100150	ENST00000651528	protein_coding	0	0	0	70	0	0	0	0	0	0	0	0	70	0	0	0	0	0	0	0	0	0
DESI1	ENSG00000100418	ENST00000263256	protein_coding	0	0	1	51	0	0	0	0	0	0	0	0	29	1	0	0	0	0	0	0	0	22
DESI1	ENSG00000100418	ENST00000463886	processed_transcript	0	0	0	6	0	0	0	0	0	0	1	0	0	0	0	0	0	0	0	0	0	5
DESI1	ENSG00000100418	ENST00000468151	processed_transcript	0	0	0	6	0	0	0	0	0	0	0	0	1	0	0	0	0	0	0	0	0	5
DESI1	ENSG00000100418	ENST00000482612	retained_intron	0	0	0	6	0	0	0	0	0	0	1	0	0	0	0	0	0	0	0	0	0	5
DGCR11	ENSG00000273311	ENST00000609958		0	0	0	17	0	0	0	0	0	0	3	0	0	0	0	0	0	0	0	0	0	14
DGCR2	ENSG00000070413	ENST00000263196	protein_coding	0	0	0	91	0	0	0	0	0	0	3	0	66	0	0	0	0	0	0	0	0	22
DGCR2	ENSG00000070413	ENST00000389262	nonsense_mediated_decay	0	0	0	91	0	0	0	0	0	0	3	0	66	0	0	0	0	0	0	0	0	22
DGCR2	ENSG00000070413	ENST00000467659	retained_intron	0	0	0	26	0	0	0	0	0	0	3	0	23	0	0	0	0	0	0	0	0	0
DGCR2	ENSG00000070413	ENST00000473832	processed_transcript	0	0	0	13	0	0	0	0	0	0	13	0	0	0	0	0	0	0	0	0	0	0
DGCR2	ENSG00000070413	ENST00000537045	protein_coding	0	0	0	91	0	0	0	0	0	0	3	0	66	0	0	0	0	0	0	0	0	22
DGCR2	ENSG00000070413	ENST00000545799	protein_coding	0	0	0	91	0	0	0	0	0	0	3	0	66	0	0	0	0	0	0	0	0	22
DGCR2	ENSG00000070413	ENST00000608548	processed_transcript	0	0	0	23	0	0	0	0	0	0	3	0	20	0	0	0	0	0	0	0	0	0
DGCR5	ENSG00000273032	ENST00000440005		0	0	0	31	0	0	0	0	0	0	3	0	28	0	0	0	0	0	0	0	0	0
DGCR5	ENSG00000273032	ENST00000609839		0	0	0	13	0	0	0	0	0	0	13	0	0	0	0	0	0	0	0	0	0	0
DGCR5	ENSG00000273032	ENST00000675214		0	0	0	12	0	0	0	0	0	0	12	0	0	0	0	0	0	0	0	0	0	0
DGCR6	ENSG00000183628	ENST00000331444	protein_coding	0	0	0	38	0	0	0	0	0	0	17	0	18	0	0	0	0	0	0	0	0	3
DGCR6	ENSG00000183628	ENST00000413981	protein_coding	0	0	0	38	0	0	0	0	0	0	17	0	18	0	0	0	0	0	0	0	0	3
DGCR6	ENSG00000183628	ENST00000427407	nonsense_mediated_decay	0	0	0	38	0	0	0	0	0	0	17	0	18	0	0	0	0	0	0	0	0	3
DGCR6	ENSG00000183628	ENST00000436645	processed_transcript	0	0	0	38	0	0	0	0	0	0	17	0	11	0	0	0	0	0	0	0	0	10
DGCR6	ENSG00000183628	ENST00000477156	retained_intron	0	0	0	38	0	0	0	0	0	0	19	0	11	0	5	0	0	0	0	0	0	3
DGCR6	ENSG00000183628	ENST00000480608	nonsense_mediated_decay	0	0	0	38	0	0	0	0	0	0	17	0	18	0	0	0	0	0	0	0	0	3
DGCR6	ENSG00000183628	ENST00000483718	nonsense_mediated_decay	0	0	0	60	17	0	0	0	0	0	5	0	18	0	17	0	0	0	0	0	0	3
DGCR6	ENSG00000183628	ENST00000608842	protein_coding	0	0	0	36	7	0	0	0	0	0	26	0	0	0	0	0	0	0	0	0	0	3
DGCR8	ENSG00000128191	ENST00000351989	protein_coding	0	2	0	109	0	0	1	0	0	0	10	0	86	0	0	0	0	0	0	0	2	12
DGCR8	ENSG00000128191	ENST00000383024	protein_coding	0	2	0	109	0	0	1	0	0	0	10	0	86	0	0	0	0	0	0	0	2	12
DGCR8	ENSG00000128191	ENST00000407755	protein_coding	0	2	0	93	0	0	0	0	0	0	10	0	80	0	0	0	0	0	0	0	2	3
DGCR8	ENSG00000128191	ENST00000457069	protein_coding	0	0	0	19	0	0	0	0	0	0	0	0	3	0	0	0	0	0	0	0	0	16
DGCR8	ENSG00000128191	ENST00000475941	retained_intron	0	0	0	37	0	0	0	0	0	0	10	0	3	0	0	0	0	0	0	0	0	24
DGCR8	ENSG00000128191	ENST00000485802	retained_intron	0	0	0	44	0	0	0	0	0	0	9	0	0	0	1	0	0	0	0	0	0	34
DGCR8	ENSG00000128191	ENST00000491892	retained_intron	0	0	0	82	0	0	0	0	0	0	3	0	72	0	2	0	0	0	0	0	0	5
DGCR8	ENSG00000128191	ENST00000495351	retained_intron	0	0	0	40	0	0	0	0	0	0	3	0	0	0	1	0	0	0	0	0	0	36
DGCR8	ENSG00000128191	ENST00000495826	retained_intron	0	0	0	95	0	0	0	0	0	0	10	0	80	0	2	0	0	0	0	0	0	3
DGCR8	ENSG00000128191	ENST00000498171	retained_intron	0	0	0	95	0	0	0	0	0	0	10	0	80	0	2	0	0	0	0	0	0	3
DMC1	ENSG00000100206	ENST00000216024	protein_coding	0	0	0	48	1	0	0	0	0	0	7	0	40	0	0	0	0	0	0	0	0	0
DMC1	ENSG00000100206	ENST00000415483	protein_coding	0	0	0	10	0	0	0	0	0	0	0	0	10	0	0	0	0	0	0	0	0	0
DMC1	ENSG00000100206	ENST00000428462	protein_coding	0	0	0	48	1	0	0	0	0	0	7	0	40	0	0	0	0	0	0	0	0	0
DMC1	ENSG00000100206	ENST00000439567	protein_coding	0	0	0	22	0	0	0	0	0	0	4	0	18	0	0	0	0	0	0	0	0	0
DMC1	ENSG00000100206	ENST00000464842	processed_transcript	0	0	0	10	0	0	0	0	0	0	10	0	0	0	0	0	0	0	0	0	0	0
DMC1	ENSG00000100206	ENST00000478820	retained_intron	0	0	0	10	0	0	0	0	0	0	0	0	10	0	0	0	0	0	0	0	0	0
DNAJB7	ENSG00000172404	ENST00000307221	protein_coding	0	0	0	1	0	0	0	0	0	0	1	0	0	0	0	0	0	0	0	0	0	0
DRG1	ENSG00000185721	ENST00000548143	nonsense_mediated_decay	0	0	0	120	0	0	0	0	0	0	27	0	93	0	0	0	0	0	0	0	0	0
DRG1	ENSG00000185721	ENST00000629688	protein_coding	0	0	0	59	0	0	0	0	0	0	26	0	33	0	0	0	0	0	0	0	0	0
DRICH1	ENSG00000189269	ENST00000317749	protein_coding	2	1	0	49	0	0	0	0	0	0	6	0	32	0	0	0	1	0	1	0	1	12
DRICH1	ENSG00000189269	ENST00000614553	protein_coding	2	1	0	40	0	0	0	0	0	0	3	0	29	0	0	0	1	0	1	0	1	9
DUSP18	ENSG00000167065	ENST00000334679	protein_coding	0	0	0	20	4	0	0	0	0	0	16	0	0	0	0	0	0	0	0	0	0	0
DUSP18	ENSG00000167065	ENST00000342474	protein_coding	0	0	0	20	0	0	0	0	0	0	20	0	0	0	0	0	0	0	0	0	0	0
DUSP18	ENSG00000167065	ENST00000377087	nonsense_mediated_decay	0	0	0	20	0	0	0	0	0	0	0	0	20	0	0	0	0	0	0	0	0	0
DUSP18	ENSG00000167065	ENST00000403268	protein_coding	0	0	0	20	4	0	0	0	0	0	16	0	0	0	0	0	0	0	0	0	0	0
DUSP18	ENSG00000167065	ENST00000404885	protein_coding	0	0	0	20	0	0	0	0	0	0	0	0	20	0	0	0	0	0	0	0	0	0
DUSP18	ENSG00000167065	ENST00000407308	protein_coding	0	0	0	20	0	0	0	0	0	0	0	0	20	0	0	0	0	0	0	0	0	0
DUSP18	ENSG00000167065	ENST00000412865	nonsense_mediated_decay	0	0	0	20	0	0	0	0	0	0	0	0	20	0	0	0	0	0	0	0	0	0
DUSP18	ENSG00000167065	ENST00000430175	nonsense_mediated_decay	0	0	0	20	0	0	0	0	0	0	0	0	20	0	0	0	0	0	0	0	0	0
DUSP18	ENSG00000167065	ENST00000442752	protein_coding	0	0	0	20	0	0	0	0	0	0	20	0	0	0	0	0	0	0	0	0	0	0
DUSP18	ENSG00000167065	ENST00000461301	processed_transcript	0	0	0	20	0	0	0	0	0	0	0	0	20	0	0	0	0	0	0	0	0	0
E2F6P2	ENSG00000224688	ENST00000420708	processed_pseudogene	0	0	0	11	0	0	0	0	0	0	11	0	0	0	0	0	0	0	0	0	0	0
E2F6P3	ENSG00000226885	ENST00000441743	processed_pseudogene	0	0	0	3	0	0	0	0	0	0	3	0	0	0	0	0	0	0	0	0	0	0
EFCAB6	ENSG00000186976	ENST00000262726	protein_coding	0	0	2	245	0	0	0	0	0	0	17	0	228	2	0	0	0	0	0	0	0	0
EFCAB6	ENSG00000186976	ENST00000356087	protein_coding	0	0	0	7	0	0	0	0	0	0	2	0	5	0	0	0	0	0	0	0	0	0
EFCAB6	ENSG00000186976	ENST00000396231	protein_coding	0	0	2	246	0	0	0	0	0	0	18	0	228	2	0	0	0	0	0	0	0	0
EFCAB6	ENSG00000186976	ENST00000404038	retained_intron	0	0	0	11	0	0	0	0	0	0	0	0	11	0	0	0	0	0	0	0	0	0
EFCAB6	ENSG00000186976	ENST00000461800	processed_transcript	0	0	0	115	0	0	0	0	0	0	18	0	72	0	0	0	0	0	0	0	0	25
EFCAB6	ENSG00000186976	ENST00000468552	retained_intron	0	0	0	194	0	0	0	0	0	0	0	0	192	0	2	0	0	0	0	0	0	0
EFCAB6	ENSG00000186976	ENST00000477145	processed_transcript	0	0	0	37	0	0	0	0	0	0	17	0	15	0	0	0	0	0	0	0	0	5
EFCAB6	ENSG00000186976	ENST00000483324	processed_transcript	0	0	0	37	0	0	0	0	0	0	17	0	20	0	0	0	0	0	0	0	0	0
EFCAB6-AS1	ENSG00000223843	ENST00000431327		0	0	0	48	0	0	0	0	0	0	5	0	43	0	0	0	0	0	0	0	0	0
EFCAB6-AS1	ENSG00000223843	ENST00000656483		0	0	0	66	0	0	0	0	0	0	8	0	53	0	5	0	0	0	0	0	0	0
EFCAB6-DT	ENSG00000261251	ENST00000563715		0	0	0	2	0	0	0	0	0	0	2	0	0	0	0	0	0	0	0	0	0	0
EIF3L	ENSG00000100129	ENST00000381683	protein_coding	0	0	0	55	0	0	0	0	0	0	16	0	39	0	0	0	0	0	0	0	0	0
EIF3L	ENSG00000100129	ENST00000406934	protein_coding	0	0	0	55	3	0	0	0	0	0	13	0	39	0	0	0	0	0	0	0	0	0
EIF3L	ENSG00000100129	ENST00000412331	protein_coding	0	0	0	55	8	0	0	0	0	0	8	0	39	0	0	0	0	0	0	0	0	0
EIF3L	ENSG00000100129	ENST00000414316	protein_coding	0	0	0	5	0	0	0	0	0	0	5	0	0	0	0	0	0	0	0	0	0	0
EIF3L	ENSG00000100129	ENST00000436452	nonsense_mediated_decay	0	0	0	13	0	0	0	0	0	0	7	0	6	0	0	0	0	0	0	0	0	0
EIF3L	ENSG00000100129	ENST00000439997	nonsense_mediated_decay	0	0	0	13	0	0	0	0	0	0	7	0	6	0	0	0	0	0	0	0	0	0
EIF3L	ENSG00000100129	ENST00000450376	protein_coding	0	0	0	42	3	0	0	0	0	0	13	0	15	0	0	0	0	0	0	0	0	11
EIF3L	ENSG00000100129	ENST00000451427	protein_coding	0	0	0	5	0	0	0	0	0	0	5	0	0	0	0	0	0	0	0	0	0	0
EIF3L	ENSG00000100129	ENST00000460638	retained_intron	0	0	0	31	0	0	0	0	0	0	13	0	5	0	3	0	0	0	0	0	0	10
EIF3L	ENSG00000100129	ENST00000464790	processed_transcript	0	0	0	19	0	0	0	0	0	0	9	0	10	0	0	0	0	0	0	0	0	0
EIF3L	ENSG00000100129	ENST00000476955	processed_transcript	0	0	0	18	0	0	0	0	0	0	8	0	10	0	0	0	0	0	0	0	0	0
EIF3L	ENSG00000100129	ENST00000477256	retained_intron	0	0	0	50	0	0	0	0	0	0	16	0	34	0	0	0	0	0	0	0	0	0
EIF3L	ENSG00000100129	ENST00000482600	retained_intron	0	0	0	55	0	0	0	0	0	0	13	0	33	0	3	0	0	0	0	0	0	6
EIF3L	ENSG00000100129	ENST00000624234	protein_coding	0	0	0	55	5	0	0	0	0	0	11	0	39	0	0	0	0	0	0	0	0	0
EIF3L	ENSG00000100129	ENST00000652021	protein_coding	0	0	0	55	8	0	0	0	0	0	8	0	39	0	0	0	0	0	0	0	0	0
EIF4ENIF1	ENSG00000184708	ENST00000330125	protein_coding	0	0	0	53	0	0	0	0	0	0	0	0	38	0	0	0	0	0	0	0	0	15
EIF4ENIF1	ENSG00000184708	ENST00000344710	protein_coding	0	0	0	53	0	0	0	0	0	0	0	0	38	0	0	0	0	0	0	0	0	15
EIF4ENIF1	ENSG00000184708	ENST00000397518	protein_coding	0	0	0	54	0	0	0	0	0	0	0	0	38	0	0	0	0	0	0	0	0	16
EIF4ENIF1	ENSG00000184708	ENST00000397520	protein_coding	0	0	0	67	0	0	0	0	0	0	0	0	57	0	0	0	0	0	0	0	0	10
EIF4ENIF1	ENSG00000184708	ENST00000397523	protein_coding	0	0	0	51	0	0	0	0	0	0	0	0	38	0	0	0	0	0	0	0	0	13
EIF4ENIF1	ENSG00000184708	ENST00000397525	protein_coding	0	0	0	51	0	0	0	0	0	0	0	0	38	0	0	0	0	0	0	0	0	13
EIF4ENIF1	ENSG00000184708	ENST00000423097	protein_coding	0	0	0	51	0	0	0	0	0	0	0	0	38	0	0	0	0	0	0	0	0	13
EIF4HP2	ENSG00000237977	ENST00000424380	processed_pseudogene	0	0	0	8	0	0	0	0	0	0	0	0	0	0	0	0	0	0	0	0	0	8
ELFN2	ENSG00000166897	ENST00000402918	protein_coding	0	0	0	52	0	0	0	0	0	0	0	0	52	0	0	0	0	0	0	0	0	0
ELFN2	ENSG00000166897	ENST00000414347	processed_transcript	0	0	0	48	0	0	0	0	0	0	0	0	45	0	0	0	0	0	0	0	0	3
ELFN2	ENSG00000166897	ENST00000415408	processed_transcript	0	0	0	52	0	0	0	0	0	0	0	0	52	0	0	0	0	0	0	0	0	0
ELFN2	ENSG00000166897	ENST00000424973	processed_transcript	0	0	0	48	0	0	0	0	0	0	0	0	45	0	0	0	0	0	0	0	0	3
ELFN2	ENSG00000166897	ENST00000435824	processed_transcript	0	0	0	48	0	0	0	0	0	0	0	0	45	0	0	0	0	0	0	0	0	3
ELFN2	ENSG00000166897	ENST00000451509	processed_transcript	0	0	0	52	0	0	0	0	0	0	0	0	52	0	0	0	0	0	0	0	0	0
ELFN2	ENSG00000243902	ENST00000430883		0	0	0	9	0	0	0	0	0	0	0	0	0	0	0	0	0	0	0	0	0	9
ELFN2	ENSG00000243902	ENST00000452946		0	0	0	52	0	0	0	0	0	0	0	0	52	0	0	0	0	0	0	0	0	0
ENSG00000100101	ENSG00000100101	ENST00000455236	nonsense_mediated_decay	0	0	0	41	0	0	0	0	0	0	0	0	40	0	1	0	0	0	0	0	0	0
ENSG00000161132	ENSG00000161132	ENST00000438948	unprocessed_pseudogene	0	0	0	10	0	0	0	0	0	0	0	0	10	0	0	0	0	0	0	0	0	0
ENSG00000181123	ENSG00000181123	ENST00000442126		0	0	0	5	0	0	0	0	0	0	4	0	0	0	0	0	0	0	0	0	0	1
ENSG00000181123	ENSG00000181123	ENST00000610156		0	0	0	5	0	0	0	0	0	0	4	0	1	0	0	0	0	0	0	0	0	0
ENSG00000181123	ENSG00000181123	ENST00000610737		0	0	0	5	0	0	0	0	0	0	4	0	1	0	0	0	0	0	0	0	0	0
ENSG00000181123	ENSG00000181123	ENST00000610936		0	0	0	5	0	0	0	0	0	0	4	0	1	0	0	0	0	0	0	0	0	0
ENSG00000181123	ENSG00000181123	ENST00000628773		0	0	0	1	0	0	0	0	0	0	1	0	0	0	0	0	0	0	0	0	0	0
ENSG00000185065	ENSG00000185065	ENST00000431090		0	0	0	9	0	0	0	0	0	0	1	0	0	0	0	0	0	0	0	0	0	8
ENSG00000188078	ENSG00000188078	ENST00000339367	unprocessed_pseudogene	0	0	0	24	0	0	0	0	0	0	0	0	3	0	4	0	0	0	0	0	0	17
ENSG00000197210	ENSG00000197210	ENST00000420508		0	0	0	11	0	0	0	0	0	0	0	0	8	0	3	0	0	0	0	0	0	0
ENSG00000199783	ENSG00000199783	ENST00000362913	snoRNA	0	0	0	7	0	0	0	0	0	0	7	0	0	0	0	0	0	0	0	0	0	0
ENSG00000211683	ENSG00000211683	ENST00000390329		1	0	0	36	0	0	0	0	0	0	19	0	16	0	2	0	1	0	0	0	0	0
ENSG00000213683	ENSG00000213683	ENST00000395613	processed_pseudogene	0	0	0	60	0	0	0	0	0	0	43	0	0	0	4	0	0	0	0	0	0	13
ENSG00000213752	ENSG00000213752	ENST00000445867	processed_pseudogene	0	0	0	10	0	0	0	0	0	0	10	0	0	0	0	0	0	0	0	0	0	0
ENSG00000220702	ENSG00000220702	ENST00000406912		0	0	0	17	0	0	0	0	0	0	13	0	0	0	0	0	0	0	0	0	0	4
ENSG00000222044	ENSG00000222044	ENST00000410099		0	0	0	32	0	0	0	0	0	0	13	0	0	0	0	0	0	0	0	0	0	19
ENSG00000223461	ENSG00000223461	ENST00000456035		0	0	0	53	0	0	0	0	0	0	18	0	7	0	4	0	0	0	0	0	0	24
ENSG00000224205	ENSG00000224205	ENST00000437021	transcribed_unprocessed_pseudogene	0	0	0	5	0	0	0	0	0	0	5	0	0	0	0	0	0	0	0	0	0	0
ENSG00000224715	ENSG00000224715	ENST00000434707		0	0	0	7	0	0	0	0	0	0	0	0	0	0	7	0	0	0	0	0	0	0
ENSG00000224883	ENSG00000224883	ENST00000424613		0	0	0	10	0	0	0	0	0	0	5	0	2	0	1	0	0	0	0	0	0	2
ENSG00000225282	ENSG00000225282	ENST00000439492	processed_pseudogene	0	0	0	4	0	0	0	0	0	0	0	0	0	0	0	0	0	0	0	0	0	4
ENSG00000225335	ENSG00000225335	ENST00000426483		0	0	0	25	0	0	0	0	0	0	13	0	3	0	0	0	0	0	0	0	0	9
ENSG00000225335	ENSG00000225335	ENST00000607927		0	0	0	28	0	0	0	0	0	0	13	0	0	0	3	0	0	0	0	0	0	12
ENSG00000225335	ENSG00000225335	ENST00000622035		0	0	0	17	0	0	0	0	0	0	5	0	0	0	0	0	0	0	0	0	0	12
ENSG00000225528	ENSG00000225528	ENST00000424496	protein_coding	0	0	0	2	0	0	0	0	0	0	2	0	0	0	0	0	0	0	0	0	0	0
ENSG00000225676	ENSG00000225676	ENST00000432360		0	0	0	43	0	0	0	0	0	0	0	0	35	0	0	0	0	0	0	0	0	8
ENSG00000225720	ENSG00000225720	ENST00000424436	processed_transcript	0	0	0	7	0	0	0	0	0	0	7	0	0	0	0	0	0	0	0	0	0	0
ENSG00000225720	ENSG00000225720	ENST00000560933	transcribed_unprocessed_pseudogene	0	0	0	7	0	0	0	0	0	0	7	0	0	0	0	0	0	0	0	0	0	0
ENSG00000225720	ENSG00000225720	ENST00000684966	processed_transcript	0	0	0	7	0	0	0	0	0	0	7	0	0	0	0	0	0	0	0	0	0	0
ENSG00000226233	ENSG00000226233	ENST00000436709	processed_pseudogene	0	0	0	14	0	0	0	0	0	0	14	0	0	0	0	0	0	0	0	0	0	0
ENSG00000226534	ENSG00000226534	ENST00000422450	processed_pseudogene	0	0	0	6	0	0	0	0	0	0	1	0	0	0	3	0	0	0	0	0	0	2
ENSG00000226772	ENSG00000226772	ENST00000456740		0	0	0	10	0	0	0	0	0	0	2	0	6	0	0	0	0	0	0	0	0	2
ENSG00000227370	ENSG00000227370	ENST00000417586	processed_pseudogene	0	0	0	4	0	0	0	0	0	0	0	0	0	0	0	0	0	0	0	0	0	4
ENSG00000227484	ENSG00000227484	ENST00000453835		2	1	0	68	0	0	0	0	0	0	36	0	12	0	7	2	0	2	0	0	0	17
ENSG00000227519	ENSG00000227519	ENST00000430449		0	0	0	16	0	0	0	0	0	0	13	0	3	0	0	0	0	0	0	0	0	0
ENSG00000227755	ENSG00000227755	ENST00000426024	transcribed_processed_pseudogene	0	0	0	2	0	0	0	0	0	0	2	0	0	0	0	0	0	0	0	0	0	0
ENSG00000227755	ENSG00000227755	ENST00000454268	processed_transcript	0	0	0	3	0	0	0	0	0	0	3	0	0	0	0	0	0	0	0	0	0	0
ENSG00000227755	ENSG00000227755	ENST00000457193	processed_transcript	0	0	0	3	0	0	0	0	0	0	3	0	0	0	0	0	0	0	0	0	0	0
ENSG00000228039	ENSG00000228039	ENST00000423307	processed_pseudogene	0	0	0	16	0	0	0	0	0	0	5	0	0	0	2	0	0	0	0	0	0	9
ENSG00000228161	ENSG00000228161	ENST00000413294	unprocessed_pseudogene	0	0	0	36	0	0	0	0	0	0	24	0	0	0	0	0	0	0	0	0	0	12
ENSG00000228587	ENSG00000228587	ENST00000417782		0	0	0	6	0	0	0	0	0	0	1	0	0	0	1	0	0	0	0	0	0	4
ENSG00000228923	ENSG00000228923	ENST00000432032		0	0	0	4	0	0	0	0	0	0	0	0	0	0	0	0	0	0	0	0	0	4
ENSG00000229169	ENSG00000229169	ENST00000416920	processed_pseudogene	0	0	0	29	0	0	0	0	0	0	29	0	0	0	0	0	0	0	0	0	0	0
ENSG00000229673	ENSG00000229673	ENST00000444982		0	0	0	8	0	0	0	0	0	0	4	0	4	0	0	0	0	0	0	0	0	0
ENSG00000229971	ENSG00000229971	ENST00000433970		0	0	0	8	0	0	0	0	0	0	8	0	0	0	0	0	0	0	0	0	0	0
ENSG00000230120	ENSG00000230120	ENST00000426354		0	0	0	10	0	0	0	0	0	0	4	0	0	0	0	0	0	0	0	0	0	6
ENSG00000230194	ENSG00000230194	ENST00000433141	processed_pseudogene	0	0	0	4	0	0	0	0	0	0	0	0	0	0	0	0	0	0	0	0	0	4
ENSG00000230637	ENSG00000230637	ENST00000433457	unprocessed_pseudogene	0	0	0	7	0	0	0	0	0	0	0	0	7	0	0	0	0	0	0	0	0	0
ENSG00000230741	ENSG00000230741	ENST00000453924		0	0	0	5	0	0	0	0	0	0	5	0	0	0	0	0	0	0	0	0	0	0
ENSG00000231271	ENSG00000231271	ENST00000440099	unprocessed_pseudogene	0	0	0	9	0	0	0	0	0	0	9	0	0	0	0	0	0	0	0	0	0	0
ENSG00000231369	ENSG00000231369	ENST00000422915	processed_pseudogene	0	0	0	33	0	0	0	0	0	0	9	0	0	0	6	0	0	0	0	0	0	18
ENSG00000232396	ENSG00000232396	ENST00000416352		0	0	0	30	0	0	0	0	0	0	11	0	18	0	0	0	0	0	0	0	0	1
ENSG00000232396	ENSG00000232396	ENST00000451180		0	0	0	12	0	0	0	0	0	0	12	0	0	0	0	0	0	0	0	0	0	0
ENSG00000232464	ENSG00000232464	ENST00000436423		0	0	0	1	0	0	0	0	0	0	0	0	1	0	0	0	0	0	0	0	0	0
ENSG00000232545	ENSG00000232545	ENST00000444093		0	0	0	8	0	0	0	0	0	0	8	0	0	0	0	0	0	0	0	0	0	0
ENSG00000232710	ENSG00000232710	ENST00000428786		0	0	0	10	0	0	0	0	0	0	0	0	5	0	0	0	0	0	0	0	0	5
ENSG00000232754	ENSG00000232754	ENST00000415054		0	0	0	12	0	0	0	0	0	0	2	0	10	0	0	0	0	0	0	0	0	0
ENSG00000232926	ENSG00000232926	ENST00000420617	processed_pseudogene	0	0	0	12	0	0	0	0	0	0	0	0	0	0	0	0	0	0	0	0	0	12
ENSG00000233577	ENSG00000233577	ENST00000411511		0	0	0	12	0	0	0	0	0	0	2	0	6	0	0	0	0	0	0	0	0	4
ENSG00000233577	ENSG00000233577	ENST00000432495		0	1	0	9	0	0	0	0	0	0	6	0	1	0	1	0	0	1	0	0	0	2
ENSG00000233720	ENSG00000233720	ENST00000440562	unprocessed_pseudogene	0	0	0	8	0	0	0	0	0	0	6	0	0	0	0	0	0	0	0	0	0	2
ENSG00000233739	ENSG00000233739	ENST00000445483		0	0	0	24	0	0	0	0	0	0	0	0	16	0	0	0	0	0	0	0	0	8
ENSG00000234208	ENSG00000234208	ENST00000411969		0	0	0	24	0	0	0	0	0	0	0	0	18	0	0	0	0	0	0	0	0	6
ENSG00000234353	ENSG00000234353	ENST00000425948	transcribed_unprocessed_pseudogene	0	0	0	9	0	0	0	0	0	0	9	0	0	0	0	0	0	0	0	0	0	0
ENSG00000234353	ENSG00000234353	ENST00000430707	processed_transcript	0	0	0	9	0	0	0	0	0	0	9	0	0	0	0	0	0	0	0	0	0	0
ENSG00000234503	ENSG00000234503	ENST00000417463		0	0	0	12	0	0	0	0	0	0	9	0	3	0	0	0	0	0	0	0	0	0
ENSG00000234626	ENSG00000234626	ENST00000446543		0	0	0	7	0	0	0	0	0	0	0	0	7	0	0	0	0	0	0	0	0	0
ENSG00000234626	ENSG00000234626	ENST00000667569		0	0	0	7	0	0	0	0	0	0	0	0	7	0	0	0	0	0	0	0	0	0
ENSG00000234626	ENSG00000234626	ENST00000668765		0	0	0	6	0	0	0	0	0	0	0	0	6	0	0	0	0	0	0	0	0	0
ENSG00000234630	ENSG00000234630	ENST00000412149		0	0	0	4	0	0	0	0	0	0	0	0	0	0	4	0	0	0	0	0	0	0
ENSG00000234688	ENSG00000234688	ENST00000430281		0	0	0	57	0	0	0	0	0	0	3	0	40	0	0	0	0	0	0	0	0	14
ENSG00000234735	ENSG00000234735	ENST00000446663	processed_pseudogene	0	0	0	22	0	0	0	0	0	0	0	0	0	0	0	0	0	0	0	0	0	22
ENSG00000234892	ENSG00000234892	ENST00000419643		0	0	0	16	0	0	0	0	0	0	1	0	1	0	0	0	0	0	0	0	0	14
ENSG00000235159	ENSG00000235159	ENST00000412643		0	0	0	1	0	0	0	0	0	0	0	0	0	0	1	0	0	0	0	0	0	0
ENSG00000235159	ENSG00000235159	ENST00000686483		0	0	0	1	0	0	0	0	0	0	0	0	1	0	0	0	0	0	0	0	0	0
ENSG00000235209	ENSG00000235209	ENST00000450216		0	0	0	1	0	0	0	0	0	0	0	0	0	0	0	0	0	0	0	0	0	1
ENSG00000235237	ENSG00000235237	ENST00000419128		0	0	0	8	0	0	0	0	0	0	0	0	4	0	0	0	0	0	0	0	0	4
ENSG00000235246	ENSG00000235246	ENST00000420172		0	0	0	17	0	0	0	0	0	0	5	0	0	0	0	0	0	0	0	0	0	12
ENSG00000235271	ENSG00000235271	ENST00000438113		0	0	0	16	0	0	0	0	0	0	4	0	6	0	0	0	0	0	0	0	0	6
ENSG00000235271	ENSG00000235271	ENST00000447149		0	0	0	12	0	0	0	0	0	0	0	0	6	0	0	0	0	0	0	0	0	6
ENSG00000235347	ENSG00000235347	ENST00000438230	processed_pseudogene	0	0	0	10	0	0	0	0	0	0	4	0	0	0	0	0	0	0	0	0	0	6
ENSG00000235617	ENSG00000235617	ENST00000450866	unprocessed_pseudogene	0	0	0	1	0	0	0	0	0	0	1	0	0	0	0	0	0	0	0	0	0	0
ENSG00000235776	ENSG00000235776	ENST00000424559	processed_pseudogene	0	0	0	5	0	0	0	0	0	0	1	0	0	0	0	0	0	0	0	0	0	4
ENSG00000236118	ENSG00000236118	ENST00000448601	unprocessed_pseudogene	0	0	0	6	0	0	0	0	0	0	4	0	0	0	0	0	0	0	0	0	0	2
ENSG00000236132	ENSG00000236132	ENST00000429025	processed_pseudogene	0	1	0	6	0	0	0	0	0	0	3	0	3	0	1	0	0	1	0	0	0	0
ENSG00000236540	ENSG00000236540	ENST00000595864		0	0	0	10	0	0	0	0	0	0	0	0	0	0	0	0	0	0	0	0	0	10
ENSG00000236540	ENSG00000236540	ENST00000596334		0	0	0	10	0	0	0	0	0	0	0	0	0	0	0	0	0	0	0	0	0	10
ENSG00000236540	ENSG00000236540	ENST00000598339		0	0	0	10	0	0	0	0	0	0	0	0	0	0	0	0	0	0	0	0	0	10
ENSG00000236540	ENSG00000236540	ENST00000600617		0	0	0	10	0	0	0	0	0	0	0	0	0	0	0	0	0	0	0	0	0	10
ENSG00000236540	ENSG00000236540	ENST00000600937		0	0	0	7	0	0	0	0	0	0	0	0	0	0	0	0	0	0	0	0	0	7
ENSG00000236540	ENSG00000236540	ENST00000601746		0	0	0	10	0	0	0	0	0	0	0	0	0	0	0	0	0	0	0	0	0	10
ENSG00000236540	ENSG00000236540	ENST00000609191		0	0	0	10	0	0	0	0	0	0	0	0	0	0	0	0	0	0	0	0	0	10
ENSG00000236540	ENSG00000236540	ENST00000609644		0	0	0	7	0	0	0	0	0	0	0	0	0	0	0	0	0	0	0	0	0	7
ENSG00000236754	ENSG00000236754	ENST00000443935		0	0	0	81	0	0	0	0	0	0	8	0	34	0	4	0	0	0	0	0	0	35
ENSG00000236754	ENSG00000236754	ENST00000611039		0	0	0	81	0	0	0	0	0	0	8	0	34	0	0	0	0	0	0	0	0	39
ENSG00000236890	ENSG00000236890	ENST00000427227	processed_pseudogene	0	0	0	16	0	0	0	0	0	0	11	0	0	0	0	0	0	0	0	0	0	5
ENSG00000237347	ENSG00000237347	ENST00000412461	processed_pseudogene	0	0	0	17	0	0	0	0	0	0	0	0	0	0	0	0	0	0	0	0	0	17
ENSG00000237601	ENSG00000237601	ENST00000456260	processed_pseudogene	0	0	0	1	0	0	0	0	0	0	0	0	0	0	0	0	0	0	0	0	0	1
ENSG00000239446	ENSG00000239446	ENST00000420180		0	0	0	12	0	0	0	0	0	0	12	0	0	0	0	0	0	0	0	0	0	0
ENSG00000243762	ENSG00000243762	ENST00000412713		0	0	0	14	0	0	0	0	0	0	4	0	0	0	0	0	0	0	0	0	0	10
ENSG00000249333	ENSG00000249333	ENST00000423821	unprocessed_pseudogene	0	0	0	38	0	0	0	0	0	0	24	0	0	0	0	0	0	0	0	0	0	14
ENSG00000249590	ENSG00000249590	ENST00000439023	protein_coding	0	0	0	37	0	0	0	0	0	0	0	0	34	0	0	0	0	0	0	0	0	3
ENSG00000249590	ENSG00000249590	ENST00000439838	protein_coding	0	3	5	29	0	0	0	0	0	0	0	0	27	5	0	0	0	1	0	0	2	3
ENSG00000249590	ENSG00000249590	ENST00000454552	nonsense_mediated_decay	0	0	0	41	4	0	0	0	0	0	0	0	30	0	4	0	0	0	0	0	0	3
ENSG00000250470	ENSG00000250470	ENST00000506097	unprocessed_pseudogene	0	0	0	5	0	0	0	0	0	0	5	0	0	0	0	0	0	0	0	0	0	0
ENSG00000252020	ENSG00000252020	ENST00000516211	scaRNA	0	0	0	26	0	0	0	0	0	0	26	0	0	0	0	0	0	0	0	0	0	0
ENSG00000259421	ENSG00000259421	ENST00000558766	unprocessed_pseudogene	0	0	0	9	0	0	0	0	0	0	0	0	0	0	0	0	0	0	0	0	0	9
ENSG00000261675	ENSG00000261675	ENST00000562756		0	0	0	8	0	0	0	0	0	0	8	0	0	0	0	0	0	0	0	0	0	0
ENSG00000269972	ENSG00000269972	ENST00000602955		0	0	0	42	0	0	0	0	0	0	35	0	0	0	2	0	0	0	0	0	0	5
ENSG00000269987	ENSG00000269987	ENST00000602847		0	0	0	42	0	0	0	0	0	0	23	0	9	0	5	0	0	0	0	0	0	5
ENSG00000270022	ENSG00000270022	ENST00000602478		0	0	0	22	0	0	0	0	0	0	0	0	0	0	0	0	0	0	0	0	0	22
ENSG00000270083	ENSG00000270083	ENST00000602718		0	0	0	1	0	0	0	0	0	0	1	0	0	0	0	0	0	0	0	0	0	0
ENSG00000272578	ENSG00000272578	ENST00000417194	processed_transcript	0	0	0	18	0	0	0	0	0	0	18	0	0	0	0	0	0	0	0	0	0	0
ENSG00000272578	ENSG00000272578	ENST00000435868	transcribed_unprocessed_pseudogene	0	0	0	18	0	0	0	0	0	0	18	0	0	0	0	0	0	0	0	0	0	0
ENSG00000272578	ENSG00000272578	ENST00000438858	processed_transcript	0	0	0	18	0	0	0	0	0	0	18	0	0	0	0	0	0	0	0	0	0	0
ENSG00000272600	ENSG00000272600	ENST00000608856		0	0	0	7	0	0	0	0	0	0	0	0	0	0	0	0	0	0	0	0	0	7
ENSG00000272682	ENSG00000272682	ENST00000609936		0	0	0	56	0	0	0	0	0	0	26	0	11	0	7	0	0	0	0	0	0	12
ENSG00000272689	ENSG00000272689	ENST00000608952		0	0	0	16	0	0	0	0	0	0	15	0	0	0	0	0	0	0	0	0	0	1
ENSG00000272720	ENSG00000272720	ENST00000609162		0	0	0	14	0	0	0	0	0	0	0	0	0	0	0	0	0	0	0	0	0	14
ENSG00000272779	ENSG00000272779	ENST00000413293	transcribed_unprocessed_pseudogene	0	0	0	21	0	0	0	0	0	0	14	0	0	0	0	0	0	0	0	0	0	7
ENSG00000272787	ENSG00000272787	ENST00000609736		0	0	0	12	0	0	0	0	0	0	5	0	0	0	0	0	0	0	0	0	0	7
ENSG00000272821	ENSG00000272821	ENST00000608319		0	0	0	14	0	0	0	0	0	0	3	0	0	0	0	0	0	0	0	0	0	11
ENSG00000272834	ENSG00000272834	ENST00000609279		0	0	0	24	0	0	0	0	0	0	17	0	0	0	7	0	0	0	0	0	0	0
ENSG00000272940	ENSG00000272940	ENST00000609758		0	0	0	13	0	0	0	0	0	0	10	0	0	0	0	0	0	0	0	0	0	3
ENSG00000273188	ENSG00000273188	ENST00000607943		0	0	0	18	0	0	0	0	0	0	12	0	0	0	5	0	0	0	0	0	0	1
ENSG00000273203	ENSG00000273203	ENST00000608373		0	0	0	20	0	0	0	0	0	0	20	0	0	0	0	0	0	0	0	0	0	0
ENSG00000273212	ENSG00000273212	ENST00000608816		0	0	0	5	0	0	0	0	0	0	1	0	0	0	0	0	0	0	0	0	0	4
ENSG00000273214	ENSG00000273214	ENST00000609265		0	0	0	60	0	0	0	0	0	0	16	0	0	0	11	0	0	0	0	0	0	33
ENSG00000273253	ENSG00000273253	ENST00000608025		0	0	0	1	0	0	0	0	0	0	1	0	0	0	0	0	0	0	0	0	0	0
ENSG00000273272	ENSG00000273272	ENST00000609268		0	0	0	18	0	0	0	0	0	0	10	0	0	0	0	0	0	0	0	0	0	8
ENSG00000273287	ENSG00000273287	ENST00000609206		0	0	0	35	0	0	0	0	0	0	35	0	0	0	0	0	0	0	0	0	0	0
ENSG00000273300	ENSG00000273300	ENST00000607934		0	0	0	5	0	0	0	0	0	0	4	0	0	0	0	0	0	0	0	0	0	1
ENSG00000273325	ENSG00000273325	ENST00000608926		0	0	0	2	0	0	0	0	0	0	2	0	0	0	0	0	0	0	0	0	0	0
ENSG00000273350	ENSG00000273350	ENST00000608677		0	0	0	25	0	0	0	0	0	0	1	0	0	0	0	0	0	0	0	0	0	24
ENSG00000273353	ENSG00000273353	ENST00000610217		0	0	0	6	0	0	0	0	0	0	6	0	0	0	0	0	0	0	0	0	0	0
ENSG00000274422	ENSG00000274422	ENST00000610778		0	0	0	13	0	0	0	0	0	0	4	0	0	0	3	0	0	0	0	0	0	6
ENSG00000274625	ENSG00000274625	ENST00000614296	scaRNA	0	0	0	29	0	0	0	0	0	0	24	0	0	0	0	0	0	0	0	0	0	5
ENSG00000274717	ENSG00000274717	ENST00000616842	processed_pseudogene	0	0	0	5	0	0	0	0	0	0	0	0	5	0	0	0	0	0	0	0	0	0
ENSG00000275307	ENSG00000275307	ENST00000619464	misc_RNA	0	0	0	37	0	0	0	0	0	0	31	0	0	0	0	0	0	0	0	0	0	6
ENSG00000275609	ENSG00000275609	ENST00000622821	processed_pseudogene	0	0	0	5	0	0	0	0	0	0	5	0	0	0	0	0	0	0	0	0	0	0
ENSG00000275656	ENSG00000275656	ENST00000618747	misc_RNA	0	0	0	2	0	0	0	0	0	0	0	0	0	0	0	0	0	0	0	0	0	2
ENSG00000276057	ENSG00000276057	ENST00000614234	misc_RNA	0	0	0	23	0	0	0	0	0	0	23	0	0	0	0	0	0	0	0	0	0	0
ENSG00000276664	ENSG00000276664	ENST00000610654	misc_RNA	0	0	0	22	0	0	0	0	0	0	22	0	0	0	0	0	0	0	0	0	0	0
ENSG00000276874	ENSG00000276874	ENST00000622906		0	0	0	20	0	0	0	0	0	0	11	0	1	0	0	0	0	0	0	0	0	8
ENSG00000276965	ENSG00000276965	ENST00000616187	misc_RNA	0	0	0	37	0	0	0	0	0	0	34	0	0	0	3	0	0	0	0	0	0	0
ENSG00000278655	ENSG00000278655	ENST00000614827	unprocessed_pseudogene	0	0	0	10	0	0	0	0	0	0	3	0	0	0	0	0	0	0	0	0	0	7
ENSG00000278657	ENSG00000278657	ENST00000620649		0	0	0	38	0	0	0	0	0	0	19	0	15	0	0	0	0	0	0	0	0	4
ENSG00000278881	ENSG00000278881	ENST00000623531	TEC	0	0	0	8	0	0	0	0	0	0	0	0	0	0	8	0	0	0	0	0	0	0
ENSG00000278881	ENSG00000278881	ENST00000639527	TEC	0	0	0	8	0	0	0	0	0	0	0	0	0	0	8	0	0	0	0	0	0	0
ENSG00000278920	ENSG00000278920	ENST00000623789		0	0	0	9	0	0	0	0	0	0	0	0	0	0	9	0	0	0	0	0	0	0
ENSG00000278960	ENSG00000278960	ENST00000624255		0	0	0	27	0	0	0	0	0	0	27	0	0	0	0	0	0	0	0	0	0	0
ENSG00000279080	ENSG00000279080	ENST00000624072		0	0	0	59	0	0	0	0	0	0	28	0	0	0	30	0	0	0	0	0	0	1
ENSG00000279085	ENSG00000279085	ENST00000623888		0	0	0	8	0	0	0	0	0	0	0	0	0	0	3	0	0	0	0	0	0	5
ENSG00000279159	ENSG00000279159	ENST00000624945		0	0	0	5	0	0	0	0	0	0	2	0	0	0	2	0	0	0	0	0	0	1
ENSG00000279175	ENSG00000279175	ENST00000623440		0	0	0	9	0	0	0	0	0	0	0	0	0	0	9	0	0	0	0	0	0	0
ENSG00000279182	ENSG00000279182	ENST00000623684		0	0	0	71	0	0	0	0	0	0	24	0	0	0	11	0	0	0	0	0	0	36
ENSG00000279278	ENSG00000279278	ENST00000624350		0	0	0	11	0	0	0	0	0	0	11	0	0	0	0	0	0	0	0	0	0	0
ENSG00000279298	ENSG00000279298	ENST00000623422		0	0	0	10	0	0	0	0	0	0	8	0	0	0	1	0	0	0	0	0	0	1
ENSG00000279440	ENSG00000279440	ENST00000623027		0	0	0	24	0	0	0	0	0	0	4	0	0	0	13	0	0	0	0	0	0	7
ENSG00000279548	ENSG00000279548	ENST00000624101		0	0	0	7	0	0	0	0	0	0	5	0	0	0	1	0	0	0	0	0	0	1
ENSG00000279642	ENSG00000279642	ENST00000624619	TEC	0	0	0	7	0	0	0	0	0	0	0	0	0	0	0	0	0	0	0	0	0	7
ENSG00000279652	ENSG00000279652	ENST00000625157		0	0	0	2	0	0	0	0	0	0	2	0	0	0	0	0	0	0	0	0	0	0
ENSG00000279738	ENSG00000279738	ENST00000623726		0	0	0	51	0	0	0	0	0	0	6	0	0	0	39	0	0	0	0	0	0	6
ENSG00000279805	ENSG00000279805	ENST00000624395	TEC	0	0	0	3	0	0	0	0	0	0	0	0	0	0	0	0	0	0	0	0	0	3
ENSG00000279833	ENSG00000279833	ENST00000624656		0	0	0	41	0	0	0	0	0	0	15	0	0	0	22	0	0	0	0	0	0	4
ENSG00000279933	ENSG00000279933	ENST00000623969	TEC	0	0	0	6	0	0	0	0	0	0	6	0	0	0	0	0	0	0	0	0	0	0
ENSG00000280007	ENSG00000280007	ENST00000623543		0	0	0	3	0	0	0	0	0	0	0	0	0	0	3	0	0	0	0	0	0	0
ENSG00000280011	ENSG00000280011	ENST00000624215		0	0	0	7	0	0	0	0	0	0	0	0	0	0	7	0	0	0	0	0	0	0
ENSG00000280216	ENSG00000280216	ENST00000623458	TEC	0	0	0	16	0	0	0	0	0	0	12	0	0	0	0	0	0	0	0	0	0	4
ENSG00000280383	ENSG00000280383	ENST00000623075		0	0	0	27	0	0	0	0	0	0	27	0	0	0	0	0	0	0	0	0	0	0
ENSG00000280434	ENSG00000280434	ENST00000624919		0	0	0	3	0	0	0	0	0	0	0	0	0	0	3	0	0	0	0	0	0	0
ENSG00000281295	ENSG00000281295	ENST00000630737	snoRNA	0	0	0	7	0	0	0	0	0	0	7	0	0	0	0	0	0	0	0	0	0	0
ENSG00000281538	ENSG00000281538	ENST00000626627		0	0	0	10	0	0	0	0	0	0	5	0	5	0	0	0	0	0	0	0	0	0
ENSG00000282012	ENSG00000282012	ENST00000633827		0	0	0	2	0	0	0	0	0	0	0	0	0	0	0	0	0	0	0	0	0	2
ENSG00000283145	ENSG00000283145	ENST00000637734	unprocessed_pseudogene	0	0	0	6	0	0	0	0	0	0	6	0	0	0	0	0	0	0	0	0	0	0
ENSG00000283809	ENSG00000283809	ENST00000638240	protein_coding	0	0	0	48	0	0	0	0	0	0	0	0	45	0	0	0	0	0	0	0	0	3
ENSG00000284070	ENSG00000284070	ENST00000639904		0	0	0	4	0	0	0	0	0	0	4	0	0	0	0	0	0	0	0	0	0	0
ENSG00000284128	ENSG00000284128	ENST00000382243	transcribed_unprocessed_pseudogene	0	0	0	4	0	0	0	0	0	0	0	0	0	0	0	0	0	0	0	0	0	4
ENSG00000284233	ENSG00000284233	ENST00000639500	transcribed_unprocessed_pseudogene	0	0	0	19	0	0	0	0	0	0	0	0	0	0	0	0	0	0	0	0	0	19
ENSG00000284431	ENSG00000284431	ENST00000639722	nonsense_mediated_decay	0	0	0	23	1	0	0	0	0	0	0	0	20	0	1	0	0	0	0	0	0	1
ENSG00000284633	ENSG00000284633	ENST00000641859		0	0	0	21	0	0	0	0	0	0	0	0	21	0	0	0	0	0	0	0	0	0
ENSG00000284633	ENSG00000284633	ENST00000642075		0	0	0	21	0	0	0	0	0	0	0	0	6	0	0	0	0	0	0	0	0	15
ENSG00000284665	ENSG00000284665	ENST00000641915	unprocessed_pseudogene	0	1	0	21	0	0	0	0	0	0	1	0	8	0	0	0	0	1	0	0	0	13
ENSG00000285025	ENSG00000285025	ENST00000637854	protein_coding	0	0	0	2	0	0	0	0	0	0	0	0	0	0	0	0	0	0	0	0	0	2
ENSG00000285304	ENSG00000285304	ENST00000451997	protein_coding	0	0	0	7	0	0	0	0	0	0	0	0	2	0	0	0	0	0	0	0	0	5
ENSG00000285404	ENSG00000285404	ENST00000646701	protein_coding	0	0	0	84	0	0	0	0	0	0	1	0	83	0	0	0	0	0	0	0	0	0
ENSG00000285531	ENSG00000285531	ENST00000647971	processed_pseudogene	0	0	0	3	0	0	0	0	0	0	0	0	0	0	3	0	0	0	0	0	0	0
ENSG00000285690	ENSG00000285690	ENST00000649082	transcribed_unprocessed_pseudogene	0	0	0	42	0	0	0	0	0	0	3	0	29	0	0	0	0	0	0	0	0	10
ENSG00000285697	ENSG00000285697	ENST00000650462	processed_transcript	0	0	0	3	0	0	0	0	0	0	0	0	0	0	0	0	0	0	0	0	0	3
ENSG00000285762	ENSG00000285762	ENST00000404092	protein_coding	0	0	0	10	0	0	0	0	0	0	5	0	5	0	0	0	0	0	0	0	0	0
ENSG00000285968	ENSG00000285968	ENST00000650352		0	0	0	49	0	0	0	0	0	0	2	0	37	0	3	0	0	0	0	0	0	7
ENSG00000286070	ENSG00000286070	ENST00000404603	nonsense_mediated_decay	0	0	0	133	1	0	0	0	0	0	0	0	127	0	5	0	0	0	0	0	0	0
ENSG00000286070	ENSG00000286070	ENST00000439775	nonsense_mediated_decay	0	0	0	134	2	0	0	0	0	0	0	0	126	0	6	0	0	0	0	0	0	0
ENSG00000286070	ENSG00000286070	ENST00000651180	processed_transcript	0	0	0	124	0	0	0	0	0	0	13	0	40	0	10	0	0	0	0	0	0	61
ENSG00000286070	ENSG00000286070	ENST00000652248	nonsense_mediated_decay	0	0	0	195	11	0	0	0	0	0	13	0	156	0	15	0	0	0	0	0	0	0
ENSG00000286129	ENSG00000286129	ENST00000652112		0	0	0	74	0	0	0	0	0	0	4	0	63	0	3	0	0	0	0	0	0	4
ENSG00000286195	ENSG00000286195	ENST00000651475		0	0	0	2	0	0	0	0	0	0	0	0	2	0	0	0	0	0	0	0	0	0
ENSG00000286367	ENSG00000286367	ENST00000658236		0	0	0	21	0	0	0	0	0	0	7	0	7	0	5	0	0	0	0	0	0	2
ENSG00000286381	ENSG00000286381	ENST00000657875		0	0	0	1	0	0	0	0	0	0	1	0	0	0	0	0	0	0	0	0	0	0
ENSG00000286381	ENSG00000286381	ENST00000667851		0	0	0	1	0	0	0	0	0	0	1	0	0	0	0	0	0	0	0	0	0	0
ENSG00000286491	ENSG00000286491	ENST00000664614		0	0	0	32	0	0	0	0	0	0	11	0	9	0	0	0	0	0	0	0	0	12
ENSG00000286508	ENSG00000286508	ENST00000661649		0	0	0	20	0	0	0	0	0	0	8	0	0	0	0	0	0	0	0	0	0	12
ENSG00000286659	ENSG00000286659	ENST00000662963		0	0	0	4	0	0	0	0	0	0	4	0	0	0	0	0	0	0	0	0	0	0
ENSG00000287817	ENSG00000287817	ENST00000665497		0	0	0	44	0	0	0	0	0	0	19	0	0	0	0	0	0	0	0	0	0	25
ENSG00000288106	ENSG00000288106	ENST00000656940		0	0	0	29	0	0	0	0	0	0	0	0	16	0	3	0	0	0	0	0	0	10
ENSG00000288153	ENSG00000288153	ENST00000673554	unprocessed_pseudogene	0	0	0	18	0	0	0	0	0	0	0	0	0	0	0	0	0	0	0	0	0	18
ENSG00000288683	ENSG00000288683	ENST00000474897	nonsense_mediated_decay	0	0	0	31	0	0	0	0	0	0	0	0	21	0	0	0	0	0	0	0	0	10
ENSG00000288719	ENSG00000288719	ENST00000682224		0	0	0	30	0	0	0	0	0	0	5	0	19	0	0	0	0	0	0	0	0	6
ENSG00000288811	ENSG00000288811	ENST00000687007		0	0	0	27	0	0	0	0	0	0	8	0	10	0	0	0	0	0	0	0	0	9
ENSG00000289044	ENSG00000289044	ENST00000690688		0	0	0	1	0	0	0	0	0	0	0	0	0	0	0	0	0	0	0	0	0	1
ENSG00000289244	ENSG00000289244	ENST00000691832		0	0	0	19	0	0	0	0	0	0	19	0	0	0	0	0	0	0	0	0	0	0
ENSG00000289292	ENSG00000289292	ENST00000688408		0	0	0	33	0	0	0	0	0	0	4	0	26	0	3	0	0	0	0	0	0	0
ENSG00000289481	ENSG00000289481	ENST00000685149		0	0	0	20	0	0	0	0	0	0	9	0	0	0	7	0	0	0	0	0	0	4
ENSG00000289517	ENSG00000289517	ENST00000617178	nonsense_mediated_decay	0	0	0	59	0	0	0	0	0	0	0	0	59	0	0	0	0	0	0	0	0	0
ENTHD1	ENSG00000176177	ENST00000325157	protein_coding	0	0	0	111	0	0	0	0	0	0	0	0	111	0	0	0	0	0	0	0	0	0
EP300	ENSG00000100393	ENST00000263253	protein_coding	0	0	0	12	0	0	0	0	0	0	0	0	12	0	0	0	0	0	0	0	0	0
EP300	ENSG00000100393	ENST00000635083	retained_intron	0	0	0	7	0	0	0	0	0	0	0	0	0	0	0	0	0	0	0	0	0	7
EP300	ENSG00000100393	ENST00000635584	processed_transcript	0	0	0	9	0	0	0	0	0	0	7	0	2	0	0	0	0	0	0	0	0	0
EP300	ENSG00000100393	ENST00000674155	protein_coding	0	0	0	12	0	0	0	0	0	0	0	0	12	0	0	0	0	0	0	0	0	0
EP300-AS1	ENSG00000231993	ENST00000420537		0	0	0	17	0	0	0	0	0	0	7	0	10	0	0	0	0	0	0	0	0	0
ESS2	ENSG00000100056	ENST00000252137	protein_coding	0	0	0	31	9	0	0	0	0	0	15	0	7	0	0	0	0	0	0	0	0	0
ESS2	ENSG00000100056	ENST00000434568	nonsense_mediated_decay	0	0	0	19	0	0	0	0	0	0	12	0	7	0	0	0	0	0	0	0	0	0
ESS2	ENSG00000100056	ENST00000472073	retained_intron	0	0	0	19	0	0	0	0	0	0	12	0	7	0	0	0	0	0	0	0	0	0
FAM118A	ENSG00000100376	ENST00000216214	protein_coding	0	1	0	19	0	0	0	0	0	0	0	0	20	0	0	0	0	1	0	0	0	0
FAM118A	ENSG00000100376	ENST00000405673	protein_coding	0	0	0	20	0	0	0	0	0	0	0	0	13	0	0	0	0	0	0	0	0	7
FAM118A	ENSG00000100376	ENST00000424557	protein_coding	0	0	0	2	0	0	0	0	0	0	0	0	0	0	0	0	0	0	0	0	0	2
FAM118A	ENSG00000100376	ENST00000427777	protein_coding	0	0	0	2	0	0	0	0	0	0	0	0	0	0	0	0	0	0	0	0	0	2
FAM118A	ENSG00000100376	ENST00000441876	protein_coding	0	0	0	20	0	0	0	0	0	0	0	0	13	0	0	0	0	0	0	0	0	7
FAM118A	ENSG00000100376	ENST00000452238	protein_coding	0	0	0	2	0	0	0	0	0	0	0	0	0	0	0	0	0	0	0	0	0	2
FAM118A	ENSG00000100376	ENST00000477714	retained_intron	0	0	0	20	0	0	0	0	0	0	0	0	13	0	0	0	0	0	0	0	0	7
FAM118A	ENSG00000100376	ENST00000481447	processed_transcript	0	0	0	18	0	0	0	0	0	0	11	0	7	0	0	0	0	0	0	0	0	0
FAM118A	ENSG00000100376	ENST00000491671	processed_transcript	0	1	0	17	0	0	0	0	0	0	11	0	7	0	0	0	0	1	0	0	0	0
FAM227A	ENSG00000184949	ENST00000355830	protein_coding	0	0	0	33	0	0	0	0	0	0	0	0	33	0	0	0	0	0	0	0	0	0
FAM227A	ENSG00000184949	ENST00000424706	processed_transcript	0	0	0	9	0	0	0	0	0	0	0	0	9	0	0	0	0	0	0	0	0	0
FAM227A	ENSG00000184949	ENST00000484582	retained_intron	0	0	0	9	0	0	0	0	0	0	0	0	9	0	0	0	0	0	0	0	0	0
FAM227A	ENSG00000184949	ENST00000535113	protein_coding	0	0	0	33	0	0	0	0	0	0	0	0	33	0	0	0	0	0	0	0	0	0
FAM227A	ENSG00000184949	ENST00000540952	protein_coding	0	0	0	33	0	0	0	0	0	0	0	0	33	0	0	0	0	0	0	0	0	0
FAM227A	ENSG00000184949	ENST00000541689	processed_transcript	0	0	0	24	0	0	0	0	0	0	0	0	24	0	0	0	0	0	0	0	0	0
FAM227A	ENSG00000184949	ENST00000543295	processed_transcript	0	0	0	21	0	0	0	0	0	0	6	0	15	0	0	0	0	0	0	0	0	0
FAM227A	ENSG00000184949	ENST00000544346	processed_transcript	0	0	0	33	0	0	0	0	0	0	0	0	33	0	0	0	0	0	0	0	0	0
FAM227A	ENSG00000184949	ENST00000608409	processed_transcript	0	0	0	9	0	0	0	0	0	0	0	0	9	0	0	0	0	0	0	0	0	0
FAM230B	ENSG00000215498	ENST00000415376		0	0	0	31	0	0	0	0	0	0	0	0	20	0	0	0	0	0	0	0	0	11
FAM230B	ENSG00000215498	ENST00000415704		0	0	0	22	0	0	0	0	0	0	9	0	2	0	0	0	0	0	0	0	0	11
FAM230B	ENSG00000215498	ENST00000420583	retained_intron	0	0	0	22	0	0	0	0	0	0	11	0	0	0	0	0	0	0	0	0	0	11
FAM230B	ENSG00000215498	ENST00000421576		0	0	0	25	0	0	0	0	0	0	0	0	14	0	0	0	0	0	0	0	0	11
FAM230B	ENSG00000215498	ENST00000424410		0	0	0	25	0	0	0	0	0	0	0	0	14	0	0	0	0	0	0	0	0	11
FAM230B	ENSG00000215498	ENST00000430463	retained_intron	0	0	0	22	0	0	0	0	0	0	11	0	0	0	0	0	0	0	0	0	0	11
FAM230B	ENSG00000215498	ENST00000446717	retained_intron	0	0	0	25	0	0	0	0	0	0	0	0	14	0	0	0	0	0	0	0	0	11
FAM230B	ENSG00000215498	ENST00000451257		0	0	0	31	0	0	0	0	0	0	0	0	20	0	3	0	0	0	0	0	0	8
FAM230D	ENSG00000187979	ENST00000434390		0	0	0	19	0	0	0	0	0	0	0	0	7	0	0	0	0	0	0	0	0	12
FAM230F	ENSG00000276095	ENST00000614596		0	0	0	24	0	0	0	0	0	0	0	0	8	0	0	0	0	0	0	0	0	16
FAM230H	ENSG00000206142	ENST00000411581		0	0	0	7	0	0	0	0	0	0	0	0	0	0	2	0	0	0	0	0	0	5
FAM230H	ENSG00000206142	ENST00000416405		0	0	0	7	0	0	0	0	0	0	0	0	2	0	0	0	0	0	0	0	0	5
FAM230H	ENSG00000206142	ENST00000416615		0	0	0	28	0	0	0	0	0	0	0	0	5	0	0	0	0	0	0	0	0	23
FAM230H	ENSG00000206142	ENST00000431488		0	0	0	25	0	0	0	0	0	0	0	0	2	0	0	0	0	0	0	0	0	23
FAM230H	ENSG00000206142	ENST00000436681		0	0	0	3	0	0	0	0	0	0	0	0	3	0	0	0	0	0	0	0	0	0
FAM230H	ENSG00000206142	ENST00000447720		0	0	0	28	0	0	0	0	0	0	0	0	5	0	0	0	0	0	0	0	0	23
FAM230H	ENSG00000206142	ENST00000451574		0	0	0	25	0	0	0	0	0	0	0	0	0	0	2	0	0	0	0	0	0	23
FAM230H	ENSG00000206142	ENST00000452952		0	0	0	25	0	0	0	0	0	0	0	0	0	0	2	0	0	0	0	0	0	23
FAM230H	ENSG00000206142	ENST00000453273		0	0	0	25	0	0	0	0	0	0	0	0	2	0	0	0	0	0	0	0	0	23
FAM230I	ENSG00000178248	ENST00000320372		0	0	0	26	0	0	0	0	0	0	0	0	19	0	0	0	0	0	0	0	0	7
FAM230J	ENSG00000274044	ENST00000613790		0	0	0	34	0	0	0	0	0	0	9	0	19	0	0	0	0	0	0	0	0	6
FAM230J	ENSG00000274044	ENST00000615974		0	0	0	34	0	0	0	0	0	0	9	0	25	0	0	0	0	0	0	0	0	0
FAM230J	ENSG00000274044	ENST00000618517		0	0	0	44	0	0	0	0	0	0	2	0	30	0	6	0	0	0	0	0	0	6
FAM230J	ENSG00000274044	ENST00000619172		0	0	0	44	0	0	0	0	0	0	2	0	21	0	15	0	0	0	0	0	0	6
FAM246A	ENSG00000286102	ENST00000652479	protein_coding	0	0	0	4	0	0	0	0	0	0	4	0	0	0	0	0	0	0	0	0	0	0
FAM246C	ENSG00000286025	ENST00000652053	polymorphic_pseudogene	0	0	0	31	0	0	0	0	0	0	3	0	0	0	0	0	0	0	0	0	0	28
FAM247A	ENSG00000283972	ENST00000639507	processed_transcript	0	0	0	6	0	0	0	0	0	0	6	0	0	0	0	0	0	0	0	0	0	0
FAM83F	ENSG00000133477	ENST00000333407	protein_coding	0	0	0	32	17	0	0	0	0	0	12	0	2	0	0	0	0	0	0	0	0	1
FAM83F	ENSG00000133477	ENST00000473717	protein_coding	0	0	0	5	0	0	0	0	0	0	4	0	1	0	0	0	0	0	0	0	0	0
FAM83F	ENSG00000133477	ENST00000488874	processed_transcript	0	0	0	2	0	0	0	0	0	0	0	0	1	0	0	0	0	0	0	0	0	1
FBLN1	ENSG00000077942	ENST00000262722	protein_coding	0	0	0	6	0	0	0	0	0	0	6	0	0	0	0	0	0	0	0	0	0	0
FBLN1	ENSG00000077942	ENST00000327858	protein_coding	0	0	0	38	0	0	0	0	0	0	3	0	35	0	0	0	0	0	0	0	0	0
FBLN1	ENSG00000077942	ENST00000402984	protein_coding	0	0	0	6	0	0	0	0	0	0	6	0	0	0	0	0	0	0	0	0	0	0
FBLN1	ENSG00000077942	ENST00000442170	protein_coding	0	0	0	6	0	0	0	0	0	0	4	0	2	0	0	0	0	0	0	0	0	0
FBLN1	ENSG00000077942	ENST00000460300	protein_coding	0	0	0	5	0	0	0	0	0	0	3	0	2	0	0	0	0	0	0	0	0	0
FBXO7	ENSG00000100225	ENST00000266087	protein_coding	1	0	2	24	0	0	0	0	0	0	3	0	22	2	0	1	0	0	0	0	0	0
FBXO7	ENSG00000100225	ENST00000397426	protein_coding	1	0	0	26	0	0	2	0	0	0	3	0	22	0	0	1	0	0	0	0	0	0
FBXO7	ENSG00000100225	ENST00000420700	nonsense_mediated_decay	1	0	0	26	0	0	0	0	0	0	3	0	24	0	0	1	0	0	0	0	0	0
FBXO7	ENSG00000100225	ENST00000425028	nonsense_mediated_decay	1	0	0	26	0	0	0	0	0	0	3	0	24	0	0	1	0	0	0	0	0	0
FBXO7	ENSG00000100225	ENST00000444207	protein_coding	0	0	0	22	0	0	2	0	0	0	8	0	12	0	0	0	0	0	0	0	0	0
FBXO7	ENSG00000100225	ENST00000452138	protein_coding	1	0	0	26	0	0	0	0	0	0	3	0	24	0	0	1	0	0	0	0	0	0
FBXO7	ENSG00000100225	ENST00000465418	processed_transcript	0	0	0	14	0	0	0	0	0	0	11	0	0	0	2	0	0	0	0	0	0	1
FBXO7	ENSG00000100225	ENST00000484607	retained_intron	0	0	0	11	0	0	0	0	0	0	1	0	0	0	8	0	0	0	0	0	0	2
FBXO7	ENSG00000100225	ENST00000492535	retained_intron	1	0	0	26	0	0	0	0	0	0	3	0	24	0	0	1	0	0	0	0	0	0
GAL3ST1	ENSG00000128242	ENST00000402369	protein_coding	0	0	0	3	0	0	0	0	0	0	0	0	3	0	0	0	0	0	0	0	0	0
GAL3ST1	ENSG00000128242	ENST00000406361	protein_coding	0	0	0	3	0	0	0	0	0	0	0	0	3	0	0	0	0	0	0	0	0	0
GAL3ST1	ENSG00000128242	ENST00000411821	protein_coding	0	0	0	3	0	0	0	0	0	0	0	0	3	0	0	0	0	0	0	0	0	0
GAL3ST1	ENSG00000128242	ENST00000416358	protein_coding	0	0	0	3	0	0	0	0	0	0	0	0	3	0	0	0	0	0	0	0	0	0
GAL3ST1	ENSG00000128242	ENST00000423371	protein_coding	0	0	0	3	0	0	0	0	0	0	0	0	3	0	0	0	0	0	0	0	0	0
GAL3ST1	ENSG00000128242	ENST00000426220	protein_coding	0	0	0	3	0	0	0	0	0	0	0	0	3	0	0	0	0	0	0	0	0	0
GAL3ST1	ENSG00000128242	ENST00000431313	protein_coding	0	0	0	3	0	0	0	0	0	0	0	0	3	0	0	0	0	0	0	0	0	0
GAL3ST1	ENSG00000128242	ENST00000443136	protein_coding	0	0	0	3	0	0	0	0	0	0	0	0	3	0	0	0	0	0	0	0	0	0
GAL3ST1	ENSG00000128242	ENST00000445645	protein_coding	0	0	0	3	0	0	0	0	0	0	0	0	3	0	0	0	0	0	0	0	0	0
GAL3ST1	ENSG00000128242	ENST00000448604	protein_coding	0	0	0	3	0	0	0	0	0	0	0	0	3	0	0	0	0	0	0	0	0	0
GAPDHP37	ENSG00000231907	ENST00000442317	processed_pseudogene	0	0	0	10	0	0	0	0	0	0	5	0	0	0	2	0	0	0	0	0	0	3
GGA1	ENSG00000100083	ENST00000325180	protein_coding	0	0	0	25	0	0	0	0	0	0	5	0	20	0	0	0	0	0	0	0	0	0
GGA1	ENSG00000100083	ENST00000326597	protein_coding	0	0	0	9	0	0	0	0	0	0	9	0	0	0	0	0	0	0	0	0	0	0
GGA1	ENSG00000100083	ENST00000343632	protein_coding	0	0	0	25	0	0	0	0	0	0	5	0	20	0	0	0	0	0	0	0	0	0
GGA1	ENSG00000100083	ENST00000381756	protein_coding	0	0	0	26	0	0	0	0	0	0	4	0	20	0	0	0	0	0	0	0	0	2
GGA1	ENSG00000100083	ENST00000405147	protein_coding	0	0	0	9	0	0	0	0	0	0	9	0	0	0	0	0	0	0	0	0	0	0
GGA1	ENSG00000100083	ENST00000406772	protein_coding	0	0	0	25	0	0	0	0	0	0	5	0	20	0	0	0	0	0	0	0	0	0
GGA1	ENSG00000100083	ENST00000411501	protein_coding	0	0	0	9	0	0	0	0	0	0	9	0	0	0	0	0	0	0	0	0	0	0
GGA1	ENSG00000100083	ENST00000413251	protein_coding	0	0	0	9	0	0	0	0	0	0	9	0	0	0	0	0	0	0	0	0	0	0
GGA1	ENSG00000100083	ENST00000423024	protein_coding	0	0	0	9	0	0	0	0	0	0	9	0	0	0	0	0	0	0	0	0	0	0
GGA1	ENSG00000100083	ENST00000429218	protein_coding	0	0	0	9	0	0	0	0	0	0	9	0	0	0	0	0	0	0	0	0	0	0
GGA1	ENSG00000100083	ENST00000431745	protein_coding	0	0	0	9	0	0	0	0	0	0	9	0	0	0	0	0	0	0	0	0	0	0
GGA1	ENSG00000100083	ENST00000439161	protein_coding	0	0	0	9	0	0	0	0	0	0	9	0	0	0	0	0	0	0	0	0	0	0
GGA1	ENSG00000100083	ENST00000447515	protein_coding	0	0	0	9	0	0	0	0	0	0	9	0	0	0	0	0	0	0	0	0	0	0
GGA1	ENSG00000100083	ENST00000449944	protein_coding	0	0	0	18	0	0	0	0	0	0	9	0	9	0	0	0	0	0	0	0	0	0
GGA1	ENSG00000100083	ENST00000453208	protein_coding	0	0	0	9	0	0	0	0	0	0	9	0	0	0	0	0	0	0	0	0	0	0
GGA1	ENSG00000100083	ENST00000460957	retained_intron	0	0	0	15	0	0	0	0	0	0	4	0	0	0	0	0	0	0	0	0	0	11
GGA1	ENSG00000100083	ENST00000463672	retained_intron	0	0	0	11	0	0	0	0	0	0	0	0	0	0	0	0	0	0	0	0	0	11
GGA1	ENSG00000100083	ENST00000475445	retained_intron	0	0	0	20	0	0	0	0	0	0	11	0	0	0	0	0	0	0	0	0	0	9
GGA1	ENSG00000100083	ENST00000481613	retained_intron	0	0	0	18	0	0	0	0	0	0	9	0	9	0	0	0	0	0	0	0	0	0
GGA1	ENSG00000100083	ENST00000489772	retained_intron	0	0	0	9	0	0	0	0	0	0	9	0	0	0	0	0	0	0	0	0	0	0
GGA1	ENSG00000100083	ENST00000491295	retained_intron	0	0	0	9	0	0	0	0	0	0	9	0	0	0	0	0	0	0	0	0	0	0
GGT1	ENSG00000100031	ENST00000400380	protein_coding	0	0	4	48	5	0	0	0	0	0	13	0	30	4	0	0	0	0	0	0	0	0
GGT1	ENSG00000100031	ENST00000400382	protein_coding	0	0	4	48	5	0	0	0	0	0	13	0	30	4	0	0	0	0	0	0	0	0
GGT1	ENSG00000100031	ENST00000401885	protein_coding	0	0	4	26	5	0	1	0	0	0	13	0	2	4	0	0	0	0	0	0	0	5
GGT1	ENSG00000100031	ENST00000403838	protein_coding	0	0	4	26	5	0	2	0	0	0	13	0	1	4	0	0	0	0	0	0	0	5
GGT1	ENSG00000100031	ENST00000404223	protein_coding	0	0	4	25	5	0	1	0	0	0	13	0	1	4	0	0	0	0	0	0	0	5
GGT1	ENSG00000100031	ENST00000404532	protein_coding	0	0	4	26	5	0	0	0	0	0	13	0	3	4	0	0	0	0	0	0	0	5
GGT1	ENSG00000100031	ENST00000404920	protein_coding	0	0	3	26	0	0	0	0	0	0	18	0	2	3	0	0	0	0	0	0	0	6
GGT1	ENSG00000100031	ENST00000411974	protein_coding	0	0	0	2	0	0	0	0	0	0	2	0	0	0	0	0	0	0	0	0	0	0
GGT1	ENSG00000100031	ENST00000412658	protein_coding	0	0	2	50	0	0	0	0	0	0	20	0	30	2	0	0	0	0	0	0	0	0
GGT1	ENSG00000100031	ENST00000412898	protein_coding	0	0	0	2	0	0	0	0	0	0	2	0	0	0	0	0	0	0	0	0	0	0
GGT1	ENSG00000100031	ENST00000419133	protein_coding	0	0	0	27	0	0	0	0	0	0	25	0	2	0	0	0	0	0	0	0	0	0
GGT1	ENSG00000100031	ENST00000425895	nonsense_mediated_decay	0	0	0	60	8	0	0	0	0	0	13	0	29	0	10	0	0	0	0	0	0	0
GGT1	ENSG00000100031	ENST00000428855	protein_coding	0	0	0	2	0	0	0	0	0	0	2	0	0	0	0	0	0	0	0	0	0	0
GGT1	ENSG00000100031	ENST00000430289	protein_coding	0	0	0	2	0	0	0	0	0	0	2	0	0	0	0	0	0	0	0	0	0	0
GGT1	ENSG00000100031	ENST00000432867	protein_coding	0	0	0	2	0	0	0	0	0	0	2	0	0	0	0	0	0	0	0	0	0	0
GGT1	ENSG00000100031	ENST00000438643	protein_coding	0	0	0	2	0	0	0	0	0	0	2	0	0	0	0	0	0	0	0	0	0	0
GGT1	ENSG00000100031	ENST00000445029	protein_coding	0	0	0	2	0	0	0	0	0	0	2	0	0	0	0	0	0	0	0	0	0	0
GGT1	ENSG00000100031	ENST00000447416	protein_coding	0	0	0	2	0	0	0	0	0	0	2	0	0	0	0	0	0	0	0	0	0	0
GGT1	ENSG00000100031	ENST00000451366	protein_coding	0	0	0	2	0	0	0	0	0	0	2	0	0	0	0	0	0	0	0	0	0	0
GGT1	ENSG00000100031	ENST00000452551	protein_coding	0	0	0	2	0	0	0	0	0	0	2	0	0	0	0	0	0	0	0	0	0	0
GGT1	ENSG00000100031	ENST00000455483	protein_coding	0	0	0	2	0	0	0	0	0	0	2	0	0	0	0	0	0	0	0	0	0	0
GGT1	ENSG00000100031	ENST00000456869	protein_coding	0	0	0	2	0	0	0	0	0	0	2	0	0	0	0	0	0	0	0	0	0	0
GGT1	ENSG00000100031	ENST00000466310	processed_transcript	0	0	0	52	0	0	0	0	0	0	13	0	27	0	10	0	0	0	0	0	0	2
GGT1	ENSG00000100031	ENST00000474191	processed_transcript	0	0	0	2	0	0	0	0	0	0	2	0	0	0	0	0	0	0	0	0	0	0
GGT1	ENSG00000100031	ENST00000487766	retained_intron	0	0	0	27	0	0	0	0	0	0	25	0	2	0	0	0	0	0	0	0	0	0
GGT1	ENSG00000100031	ENST00000490087	processed_transcript	0	0	0	25	0	0	0	0	0	0	13	0	2	0	6	0	0	0	0	0	0	4
GGT2	ENSG00000133475	ENST00000401924	protein_coding	0	0	0	17	0	0	0	0	0	0	0	0	17	0	0	0	0	0	0	0	0	0
GGT2	ENSG00000133475	ENST00000405188	protein_coding	0	0	0	17	0	0	0	0	0	0	0	0	17	0	0	0	0	0	0	0	0	0
GGT5	ENSG00000099998	ENST00000263112	protein_coding	0	4	5	39	1	0	0	1	0	0	4	0	34	4	0	0	0	1	0	0	4	0
GGT5	ENSG00000099998	ENST00000327365	protein_coding	0	4	5	39	1	0	0	1	0	0	4	0	34	4	0	0	0	1	0	0	4	0
GGT5	ENSG00000099998	ENST00000398292	protein_coding	0	4	5	39	1	0	0	1	0	0	4	0	34	4	0	0	0	1	0	0	4	0
GGT5	ENSG00000099998	ENST00000424217	protein_coding	0	0	0	13	0	0	0	0	0	0	0	0	13	0	0	0	0	0	0	0	0	0
GGT5	ENSG00000099998	ENST00000425408	protein_coding	0	2	2	31	1	0	0	0	0	0	4	0	10	2	0	0	0	0	0	0	2	16
GGT5	ENSG00000099998	ENST00000623756	retained_intron	0	0	0	13	0	0	0	0	0	0	13	0	0	0	0	0	0	0	0	0	0	0
GGTLC5P	ENSG00000276160	ENST00000617623	unprocessed_pseudogene	0	0	0	9	0	0	0	0	0	0	9	0	0	0	0	0	0	0	0	0	0	0
GNB1L	ENSG00000185838	ENST00000329517	protein_coding	0	0	0	47	0	0	0	0	0	0	0	0	47	0	0	0	0	0	0	0	0	0
GNB1L	ENSG00000185838	ENST00000403325	protein_coding	0	0	0	47	0	0	0	0	0	0	0	0	47	0	0	0	0	0	0	0	0	0
GNB1L	ENSG00000185838	ENST00000405009	protein_coding	0	0	0	47	0	0	0	0	0	0	0	0	47	0	0	0	0	0	0	0	0	0
GNB1L	ENSG00000185838	ENST00000453108	protein_coding	0	0	0	39	0	0	0	0	0	0	11	0	28	0	0	0	0	0	0	0	0	0
GNB1L	ENSG00000185838	ENST00000460402	processed_transcript	0	0	0	47	0	0	0	0	0	0	0	0	47	0	0	0	0	0	0	0	0	0
GNB1L	ENSG00000185838	ENST00000481086	processed_transcript	0	0	0	42	0	0	0	0	0	0	3	0	39	0	0	0	0	0	0	0	0	0
GOLGA2P4	ENSG00000229608	ENST00000441462	unprocessed_pseudogene	0	0	0	13	0	0	0	0	0	0	0	0	0	0	0	0	0	0	0	0	0	13
GRAMD4	ENSG00000075240	ENST00000361034	protein_coding	0	0	1	166	5	0	0	0	0	0	17	0	144	1	0	0	0	0	0	0	0	0
GRAMD4	ENSG00000075240	ENST00000406902	protein_coding	0	0	1	170	5	0	0	0	0	0	17	0	144	1	0	0	0	0	0	0	0	4
GRAMD4	ENSG00000075240	ENST00000408031	protein_coding	0	0	0	32	5	0	0	0	0	0	17	0	0	0	0	0	0	0	0	0	0	10
GRAMD4	ENSG00000075240	ENST00000431155	protein_coding	0	0	0	29	0	0	0	0	0	0	9	0	20	0	0	0	0	0	0	0	0	0
GRAMD4	ENSG00000075240	ENST00000447351	protein_coding	0	0	0	31	0	0	0	0	0	0	2	0	29	0	0	0	0	0	0	0	0	0
GRAMD4	ENSG00000075240	ENST00000456069	protein_coding	0	0	1	29	0	0	0	0	0	0	6	0	9	1	0	0	0	0	0	0	0	14
GRAMD4	ENSG00000075240	ENST00000490378	processed_transcript	0	0	0	11	0	0	0	0	0	0	2	0	9	0	0	0	0	0	0	0	0	0
GRAP2	ENSG00000100351	ENST00000344138	protein_coding	0	0	0	62	0	0	0	0	0	0	0	0	62	0	0	0	0	0	0	0	0	0
GRAP2	ENSG00000100351	ENST00000407075	protein_coding	0	0	0	2	0	0	0	0	0	0	0	0	2	0	0	0	0	0	0	0	0	0
GRAP2	ENSG00000100351	ENST00000420971	protein_coding	0	0	0	15	0	0	0	0	0	0	0	0	6	0	0	0	0	0	0	0	0	9
GRAP2	ENSG00000100351	ENST00000460449	retained_intron	0	0	0	2	0	0	0	0	0	0	0	0	0	0	0	0	0	0	0	0	0	2
GRAP2	ENSG00000100351	ENST00000461082	retained_intron	0	0	0	15	0	0	0	0	0	0	0	0	6	0	0	0	0	0	0	0	0	9
GRAP2	ENSG00000100351	ENST00000478445	processed_transcript	0	0	0	17	0	0	0	0	0	0	2	0	6	0	0	0	0	0	0	0	0	9
GRAP2	ENSG00000100351	ENST00000481263	retained_intron	0	0	0	2	0	0	0	0	0	0	0	0	2	0	0	0	0	0	0	0	0	0
GRK3	ENSG00000100077	ENST00000324198	protein_coding	0	0	0	38	0	0	0	0	0	0	0	0	38	0	0	0	0	0	0	0	0	0
GRK3	ENSG00000100077	ENST00000455558	nonsense_mediated_decay	0	0	0	38	0	0	0	0	0	0	0	0	38	0	0	0	0	0	0	0	0	0
GSTT2B	ENSG00000133433	ENST00000290765	protein_coding	0	0	0	20	0	0	0	0	0	0	9	0	2	0	0	0	0	0	0	0	0	9
GSTT2B	ENSG00000133433	ENST00000404172	protein_coding	0	0	0	20	0	0	0	0	0	0	9	0	2	0	0	0	0	0	0	0	0	9
GTPBP1	ENSG00000100226	ENST00000216044	protein_coding	0	0	0	2	0	0	0	0	0	0	0	0	2	0	0	0	0	0	0	0	0	0
GTPBP1	ENSG00000100226	ENST00000418601	nonsense_mediated_decay	0	0	0	2	0	0	0	0	0	0	0	0	2	0	0	0	0	0	0	0	0	0
GTPBP1	ENSG00000100226	ENST00000461428	retained_intron	0	0	0	2	0	0	0	0	0	0	0	0	2	0	0	0	0	0	0	0	0	0
GTPBP1	ENSG00000100226	ENST00000470836	protein_coding	0	0	0	2	0	0	0	0	0	0	0	0	2	0	0	0	0	0	0	0	0	0
GTPBP1	ENSG00000100226	ENST00000484657	protein_coding	0	0	0	2	0	0	0	0	0	0	0	0	2	0	0	0	0	0	0	0	0	0
GTPBP1	ENSG00000100226	ENST00000488787	protein_coding	0	0	0	2	0	0	0	0	0	0	0	0	2	0	0	0	0	0	0	0	0	0
GTSE1	ENSG00000075218	ENST00000454366	protein_coding	0	0	0	29	0	0	0	0	0	0	0	0	29	0	0	0	0	0	0	0	0	0
GTSE1	ENSG00000075218	ENST00000466510	retained_intron	0	0	0	29	0	0	0	0	0	0	0	0	16	0	13	0	0	0	0	0	0	0
GTSE1	ENSG00000075218	ENST00000479645	retained_intron	0	0	0	29	0	0	0	0	0	0	0	0	29	0	0	0	0	0	0	0	0	0
GTSE1	ENSG00000075218	ENST00000491863	retained_intron	0	0	0	13	0	0	0	0	0	0	0	0	0	0	0	0	0	0	0	0	0	13
GUCD1	ENSG00000138867	ENST00000404664	protein_coding	0	0	0	5	0	0	0	0	0	0	0	0	0	0	0	0	0	0	0	0	0	5
GUCD1	ENSG00000138867	ENST00000407973	protein_coding	0	0	0	5	0	0	0	0	0	0	0	0	0	0	0	0	0	0	0	0	0	5
GUCD1	ENSG00000138867	ENST00000621833	protein_coding	0	0	0	5	0	0	0	0	0	0	0	0	0	0	0	0	0	0	0	0	0	5
GUSBP11	ENSG00000228315	ENST00000421064		0	0	0	18	0	0	0	0	0	0	0	0	18	0	0	0	0	0	0	0	0	0
GUSBP11	ENSG00000228315	ENST00000422506		0	0	0	27	0	0	0	0	0	0	9	0	18	0	0	0	0	0	0	0	0	0
GUSBP11	ENSG00000228315	ENST00000423913		0	0	0	18	0	0	0	0	0	0	0	0	18	0	0	0	0	0	0	0	0	0
GUSBP11	ENSG00000228315	ENST00000430357		0	0	0	27	0	0	0	0	0	0	9	0	0	0	0	0	0	0	0	0	0	18
GUSBP11	ENSG00000228315	ENST00000434893		0	0	0	18	0	0	0	0	0	0	0	0	18	0	0	0	0	0	0	0	0	0
GUSBP11	ENSG00000228315	ENST00000445682		0	0	0	27	0	0	0	0	0	0	9	0	18	0	0	0	0	0	0	0	0	0
GUSBP11	ENSG00000228315	ENST00000451837		0	0	0	27	0	0	0	0	0	0	9	0	18	0	0	0	0	0	0	0	0	0
GUSBP11	ENSG00000228315	ENST00000452737		0	0	0	27	0	0	0	0	0	0	9	0	18	0	0	0	0	0	0	0	0	0
GUSBP11	ENSG00000228315	ENST00000455485		0	0	0	27	0	0	0	0	0	0	9	0	18	0	0	0	0	0	0	0	0	0
GUSBP11	ENSG00000228315	ENST00000651432		0	0	0	18	0	0	0	0	0	0	0	0	18	0	0	0	0	0	0	0	0	0
H2AZP6	ENSG00000233733	ENST00000444403	processed_pseudogene	0	0	0	20	0	0	0	0	0	0	3	0	0	0	0	0	0	0	0	0	0	17
HIRA	ENSG00000100084	ENST00000263208	protein_coding	1	0	2	72	0	0	0	0	0	0	0	0	72	2	0	0	0	0	1	0	0	0
HIRA	ENSG00000100084	ENST00000340170	protein_coding	1	0	2	72	0	0	0	0	0	0	0	0	72	2	0	0	0	0	1	0	0	0
HIRA	ENSG00000100084	ENST00000452818	nonsense_mediated_decay	0	0	0	35	0	0	0	0	0	0	4	0	31	0	0	0	0	0	0	0	0	0
HIRA	ENSG00000100084	ENST00000464189	processed_transcript	0	0	0	23	0	0	0	0	0	0	4	0	19	0	0	0	0	0	0	0	0	0
HMGB1P10	ENSG00000213707	ENST00000395823	processed_pseudogene	0	0	0	1	0	0	0	0	0	0	1	0	0	0	0	0	0	0	0	0	0	0
HORMAD2	ENSG00000176635	ENST00000336726	protein_coding	0	0	0	38	0	0	0	0	0	0	0	0	34	0	0	0	0	0	0	0	0	4
HORMAD2	ENSG00000176635	ENST00000403975	protein_coding	0	0	0	38	0	0	0	0	0	0	0	0	34	0	0	0	0	0	0	0	0	4
HORMAD2	ENSG00000176635	ENST00000450612	nonsense_mediated_decay	0	0	0	21	0	0	0	0	0	0	15	0	2	0	0	0	0	0	0	0	0	4
HORMAD2	ENSG00000176635	ENST00000491605	retained_intron	0	0	0	2	0	0	0	0	0	0	0	0	0	0	0	0	0	0	0	0	0	2
HORMAD2-AS1	ENSG00000227117	ENST00000429350		0	0	0	29	0	0	0	0	0	0	0	0	29	0	0	0	0	0	0	0	0	0
HORMAD2-AS1	ENSG00000227117	ENST00000432568		0	0	0	26	0	0	0	0	0	0	0	0	26	0	0	0	0	0	0	0	0	0
HORMAD2-AS1	ENSG00000227117	ENST00000453743		0	0	0	29	0	0	0	0	0	0	0	0	29	0	0	0	0	0	0	0	0	0
IGLC1	ENSG00000211675	ENST00000390321	IG_C_gene	0	0	0	54	0	0	0	0	0	0	2	0	0	0	0	0	0	0	0	0	0	52
IGLC2	ENSG00000211677	ENST00000390323	IG_C_gene	0	0	0	2	0	0	0	0	0	0	0	0	0	0	0	0	0	0	0	0	0	2
IGLCOR22-1	ENSG00000254127	ENST00000523725	IG_C_pseudogene	0	0	0	7	0	0	0	0	0	0	2	0	0	0	2	0	0	0	0	0	0	3
IGLCOR22-2	ENSG00000271093	ENST00000605398	IG_C_pseudogene	0	0	0	3	0	0	0	0	0	0	3	0	0	0	0	0	0	0	0	0	0	0
IGLJ1	ENSG00000211674	ENST00000390320	IG_J_gene	0	0	0	52	0	0	0	0	0	0	0	0	0	0	0	0	0	0	0	0	0	52
IGLJ2	ENSG00000211676	ENST00000390322	IG_J_gene	0	0	0	2	0	0	0	0	0	0	0	0	0	0	0	0	0	0	0	0	0	2
IGLL3P	ENSG00000206066	ENST00000412472	unprocessed_pseudogene	0	0	0	5	0	0	0	0	0	0	2	0	0	0	0	0	0	0	0	0	0	3
IGLL5	ENSG00000254709	ENST00000526893	protein_coding	0	0	0	54	0	0	0	0	0	0	2	0	52	0	0	0	0	0	0	0	0	0
IGLL5	ENSG00000254709	ENST00000531372	protein_coding	0	0	0	54	0	0	0	0	0	0	2	0	52	0	0	0	0	0	0	0	0	0
IGLL5	ENSG00000254709	ENST00000532223	protein_coding	0	0	0	54	0	0	0	0	0	0	2	0	52	0	0	0	0	0	0	0	0	0
IGLV1-50	ENSG00000211645	ENST00000390291	IG_V_gene	0	0	0	25	0	0	0	0	0	0	5	0	0	0	0	0	0	0	0	0	0	20
IGLV1-51	ENSG00000211644	ENST00000390290	IG_V_gene	0	0	0	33	0	0	0	0	0	0	20	0	0	0	0	0	0	0	0	0	0	13
IGLV10-67	ENSG00000253794	ENST00000519446	IG_V_pseudogene	0	0	0	30	0	0	0	0	0	0	6	0	0	0	0	0	0	0	0	0	0	24
IGLV3-2	ENSG00000253963	ENST00000519345	IG_V_pseudogene	0	0	0	31	0	0	0	0	0	0	0	0	0	0	0	0	0	0	0	0	0	31
IGLV3-31	ENSG00000253920	ENST00000523713	IG_V_pseudogene	0	0	0	9	0	0	0	0	0	0	0	0	0	0	0	0	0	0	0	0	0	9
IGLV3-32	ENSG00000211657	ENST00000390303	IG_V_gene	0	0	0	16	0	0	0	0	0	0	16	0	0	0	0	0	0	0	0	0	0	0
IGLV3-7	ENSG00000254077	ENST00000522952	IG_V_pseudogene	0	0	0	22	0	0	0	0	0	0	22	0	0	0	0	0	0	0	0	0	0	0
IGLV4-3	ENSG00000211672	ENST00000390318	IG_V_gene	0	0	0	31	0	0	0	0	0	0	0	0	0	0	0	0	0	0	0	0	0	31
IGLV4-60	ENSG00000211639	ENST00000390284	IG_V_gene	0	0	0	6	0	0	0	0	0	0	0	0	0	0	0	0	0	0	0	0	0	6
IGLV4-69	ENSG00000211637	ENST00000390282	IG_V_gene	0	0	0	7	0	0	0	0	0	0	4	0	0	0	0	0	0	0	0	0	0	3
IGLV5-52	ENSG00000211643	ENST00000390289	IG_V_gene	0	0	0	38	0	0	0	0	0	0	8	0	0	0	0	0	0	0	0	0	0	30
IGLVI-68	ENSG00000254355	ENST00000519525	IG_V_pseudogene	0	0	0	15	0	0	0	0	0	0	14	0	0	0	0	0	0	0	0	0	0	1
IGLVI-70	ENSG00000253239	ENST00000523272	IG_V_pseudogene	0	0	0	11	0	0	0	0	0	0	3	0	0	0	0	0	0	0	0	0	0	8
IGLVIV-53	ENSG00000253935	ENST00000520107	IG_V_pseudogene	0	0	0	2	0	0	0	0	0	0	2	0	0	0	0	0	0	0	0	0	0	0
IGLVIV-66-1	ENSG00000253874	ENST00000521832	IG_V_pseudogene	0	0	0	7	0	0	0	0	0	0	0	0	0	0	0	0	0	0	0	0	0	7
IGLVV-66	ENSG00000254075	ENST00000523818	IG_V_pseudogene	0	0	0	3	0	0	0	0	0	0	0	0	0	0	0	0	0	0	0	0	0	3
IL2RB	ENSG00000100385	ENST00000216223	protein_coding	0	0	0	2	0	0	0	0	0	0	0	0	0	0	0	0	0	0	0	0	0	2
IL2RB	ENSG00000100385	ENST00000429622	protein_coding	0	0	0	18	0	0	0	0	0	0	0	0	18	0	0	0	0	0	0	0	0	0
IL2RB	ENSG00000100385	ENST00000445595	protein_coding	0	0	0	18	0	0	0	0	0	0	0	0	18	0	0	0	0	0	0	0	0	0
IL2RB	ENSG00000100385	ENST00000453962	protein_coding	0	0	0	18	0	0	0	0	0	0	0	0	18	0	0	0	0	0	0	0	0	0
IL2RB	ENSG00000100385	ENST00000461607	retained_intron	0	0	0	18	0	0	0	0	0	0	0	0	18	0	0	0	0	0	0	0	0	0
INPP5J	ENSG00000185133	ENST00000331075	protein_coding	0	0	0	1	0	0	0	0	0	0	1	0	0	0	0	0	0	0	0	0	0	0
INPP5J	ENSG00000185133	ENST00000400294	protein_coding	0	0	0	1	0	0	0	0	0	0	1	0	0	0	0	0	0	0	0	0	0	0
INPP5J	ENSG00000185133	ENST00000401755	protein_coding	0	0	0	1	0	0	0	0	0	0	1	0	0	0	0	0	0	0	0	0	0	0
INPP5J	ENSG00000185133	ENST00000402238	protein_coding	0	0	0	1	0	0	0	0	0	0	1	0	0	0	0	0	0	0	0	0	0	0
INPP5J	ENSG00000185133	ENST00000404390	protein_coding	0	0	0	1	0	0	0	0	0	0	1	0	0	0	0	0	0	0	0	0	0	0
INPP5J	ENSG00000185133	ENST00000404453	protein_coding	0	0	0	1	0	0	0	0	0	0	1	0	0	0	0	0	0	0	0	0	0	0
INPP5J	ENSG00000185133	ENST00000405300	protein_coding	0	0	0	1	0	0	0	0	0	0	1	0	0	0	0	0	0	0	0	0	0	0
INPP5J	ENSG00000185133	ENST00000412277	protein_coding	0	0	0	1	0	0	0	0	0	0	1	0	0	0	0	0	0	0	0	0	0	0
INPP5J	ENSG00000185133	ENST00000461241	retained_intron	0	0	0	1	0	0	0	0	0	0	1	0	0	0	0	0	0	0	0	0	0	0
INPP5J	ENSG00000185133	ENST00000620191	protein_coding	0	0	0	1	0	0	0	0	0	0	1	0	0	0	0	0	0	0	0	0	0	0
JOSD1	ENSG00000100221	ENST00000216039	protein_coding	1	0	1	27	0	0	0	0	0	0	0	1	27	1	0	0	0	0	0	0	0	0
JOSD1	ENSG00000100221	ENST00000412832	protein_coding	1	0	1	27	0	0	0	0	0	0	3	1	24	1	0	0	0	0	0	0	0	0
JOSD1	ENSG00000100221	ENST00000417712	protein_coding	0	0	0	20	0	0	0	0	0	0	20	0	0	0	0	0	0	0	0	0	0	0
JOSD1	ENSG00000100221	ENST00000427389	protein_coding	1	0	1	27	0	0	0	0	0	0	0	1	27	1	0	0	0	0	0	0	0	0
JOSD1	ENSG00000100221	ENST00000456626	protein_coding	0	0	0	20	0	0	0	0	0	0	20	0	0	0	0	0	0	0	0	0	0	0
JOSD1	ENSG00000100221	ENST00000462610	processed_transcript	0	0	0	15	0	0	0	0	0	0	15	0	0	0	0	0	0	0	0	0	0	0
JOSD1	ENSG00000100221	ENST00000482442	retained_intron	0	0	0	9	0	0	0	0	0	0	0	0	0	0	4	0	0	0	0	0	0	5
JOSD1	ENSG00000100221	ENST00000490169	processed_transcript	0	0	0	15	0	0	0	0	0	0	15	0	0	0	0	0	0	0	0	0	0	0
JOSD1	ENSG00000100221	ENST00000545590	protein_coding	0	0	0	29	0	0	0	0	0	0	0	0	29	0	0	0	0	0	0	0	0	0
JOSD1	ENSG00000100221	ENST00000683374	protein_coding	1	0	1	27	0	0	0	0	0	0	0	1	27	1	0	0	0	0	0	0	0	0
JTBP1	ENSG00000233603	ENST00000441314	processed_pseudogene	0	0	0	40	0	0	0	0	0	0	37	0	0	0	2	0	0	0	0	0	0	1
KCNJ4	ENSG00000168135	ENST00000303592	protein_coding	0	0	0	1	0	0	0	0	0	0	0	0	0	0	0	0	0	0	0	0	0	1
KDELR3	ENSG00000100196	ENST00000216014	protein_coding	0	4	6	82	10	0	0	0	0	0	3	0	57	6	0	0	0	1	0	0	3	13
KDELR3	ENSG00000100196	ENST00000409006	protein_coding	0	3	6	83	0	0	0	0	0	0	23	0	47	6	0	0	0	0	0	0	3	13
KDELR3	ENSG00000100196	ENST00000471268	processed_transcript	1	1	0	69	0	0	0	0	0	0	13	0	40	0	9	0	1	2	0	0	0	9
KIAA0930	ENSG00000100364	ENST00000251993	protein_coding	0	0	0	13	0	0	0	0	0	0	0	0	13	0	0	0	0	0	0	0	0	0
KIAA0930	ENSG00000100364	ENST00000336156	protein_coding	0	0	0	46	0	0	0	0	0	0	0	0	26	0	0	0	0	0	0	0	0	20
KIAA0930	ENSG00000100364	ENST00000391627	protein_coding	0	0	0	26	0	0	0	0	0	0	0	0	26	0	0	0	0	0	0	0	0	0
KIAA0930	ENSG00000100364	ENST00000414854	protein_coding	0	0	0	27	0	0	0	0	0	0	3	0	19	0	0	0	0	0	0	0	0	5
KIAA0930	ENSG00000100364	ENST00000417906	nonsense_mediated_decay	0	0	0	42	0	0	0	0	0	0	3	0	19	0	0	0	0	0	0	0	0	20
KIAA0930	ENSG00000100364	ENST00000423262	protein_coding	0	0	0	13	0	0	0	0	0	0	0	0	7	0	0	0	0	0	0	0	0	6
KIAA0930	ENSG00000100364	ENST00000424508	protein_coding	0	0	0	17	0	0	0	0	0	0	3	0	6	0	0	0	0	0	0	0	0	8
KIAA0930	ENSG00000100364	ENST00000440039	nonsense_mediated_decay	0	0	0	9	0	0	0	0	0	0	0	0	9	0	0	0	0	0	0	0	0	0
KIAA0930	ENSG00000100364	ENST00000474515	processed_transcript	0	0	0	7	0	0	0	0	0	0	0	0	4	0	0	0	0	0	0	0	0	3
KIAA0930	ENSG00000100364	ENST00000483374	retained_intron	0	0	0	4	0	0	0	0	0	0	0	0	0	0	3	0	0	0	0	0	0	1
KIAA0930	ENSG00000100364	ENST00000486640	processed_transcript	0	0	0	22	0	0	0	0	0	0	3	0	19	0	0	0	0	0	0	0	0	0
KIAA0930	ENSG00000100364	ENST00000488038	retained_intron	0	0	0	13	0	0	0	0	0	0	0	0	13	0	0	0	0	0	0	0	0	0
KIAA0930	ENSG00000100364	ENST00000492273	protein_coding	0	0	0	6	0	0	0	0	0	0	6	0	0	0	0	0	0	0	0	0	0	0
KIAA0930	ENSG00000100364	ENST00000493003	processed_transcript	0	0	0	7	0	0	0	0	0	0	0	0	4	0	0	0	0	0	0	0	0	3
KIAA0930	ENSG00000100364	ENST00000496226	protein_coding	0	0	0	6	0	0	0	0	0	0	6	0	0	0	0	0	0	0	0	0	0	0
KIAA0930	ENSG00000100364	ENST00000498418	retained_intron	0	0	0	7	0	0	0	0	0	0	0	0	4	0	0	0	0	0	0	0	0	3
KIAA1671	ENSG00000197077	ENST00000358431	protein_coding	0	0	0	161	0	0	0	0	0	0	0	0	160	0	0	0	0	0	0	0	0	1
KIAA1671	ENSG00000197077	ENST00000401395	protein_coding	0	0	0	106	0	0	0	0	0	0	0	0	106	0	0	0	0	0	0	0	0	0
KIAA1671	ENSG00000197077	ENST00000406486	protein_coding	0	0	0	161	0	0	0	0	0	0	0	0	160	0	0	0	0	0	0	0	0	1
KIAA1671	ENSG00000197077	ENST00000494730	retained_intron	0	0	0	106	0	0	0	0	0	0	0	0	106	0	0	0	0	0	0	0	0	0
KIAA1671	ENSG00000197077	ENST00000637069	protein_coding	0	0	0	106	0	0	0	0	0	0	0	0	106	0	0	0	0	0	0	0	0	0
KIAA1671-AS1	ENSG00000203280	ENST00000366110		0	0	0	11	0	0	0	0	0	0	0	0	0	0	0	0	0	0	0	0	0	11
KLHDC7B	ENSG00000130487	ENST00000395676	protein_coding	0	0	0	32	0	0	0	0	0	0	22	0	0	0	0	0	0	0	0	0	0	10
KLHDC7B	ENSG00000130487	ENST00000434237	processed_transcript	0	0	0	12	0	0	0	0	0	0	2	0	10	0	0	0	0	0	0	0	0	0
KLHDC7B	ENSG00000130487	ENST00000648057	protein_coding	0	5	5	22	0	0	0	0	0	0	22	0	0	5	0	0	0	0	0	0	5	0
KLHDC7B-DT	ENSG00000272666	ENST00000609178		0	0	0	18	0	0	0	0	0	0	8	0	0	0	0	0	0	0	0	0	0	10
KLHL22	ENSG00000099910	ENST00000328879	protein_coding	1	0	0	1	0	0	0	0	0	0	0	1	1	0	0	0	0	0	0	0	0	0
KLHL22	ENSG00000099910	ENST00000479601	retained_intron	0	0	0	2	0	0	0	0	0	0	0	0	1	0	1	0	0	0	0	0	0	0
KLHL22	ENSG00000099910	ENST00000487090	processed_transcript	0	0	0	2	0	0	0	0	0	0	0	0	1	0	1	0	0	0	0	0	0	0
KREMEN1	ENSG00000183762	ENST00000327813	protein_coding	0	0	2	50	0	0	0	0	0	0	7	0	43	2	0	0	0	0	0	0	0	0
KREMEN1	ENSG00000183762	ENST00000400335	protein_coding	0	0	2	41	0	0	0	0	0	0	3	0	38	2	0	0	0	0	0	0	0	0
KREMEN1	ENSG00000183762	ENST00000407188	protein_coding	0	0	2	38	0	0	0	0	0	0	0	0	38	2	0	0	0	0	0	0	0	0
KREMEN1	ENSG00000183762	ENST00000453585	nonsense_mediated_decay	0	0	0	26	0	0	0	0	0	0	8	0	9	0	0	0	0	0	0	0	0	9
KREMEN1	ENSG00000183762	ENST00000474001	retained_intron	0	0	0	26	0	0	0	0	0	0	8	0	9	0	0	0	0	0	0	0	0	9
KREMEN1	ENSG00000183762	ENST00000479755	processed_transcript	0	0	0	16	0	0	0	0	0	0	0	0	5	0	1	0	0	0	0	0	0	10
KRT18P23	ENSG00000215333	ENST00000435622	processed_pseudogene	0	0	0	4	0	0	0	0	0	0	0	0	0	0	0	0	0	0	0	0	0	4
KRT18P62	ENSG00000233471	ENST00000446618	processed_pseudogene	0	0	0	7	0	0	0	0	0	0	7	0	0	0	0	0	0	0	0	0	0	0
L3MBTL2	ENSG00000100395	ENST00000216237	protein_coding	0	0	0	18	0	0	0	0	0	0	2	0	16	0	0	0	0	0	0	0	0	0
L3MBTL2	ENSG00000100395	ENST00000449635	protein_coding	0	0	0	13	0	0	0	0	0	0	10	0	3	0	0	0	0	0	0	0	0	0
L3MBTL2	ENSG00000100395	ENST00000450939	nonsense_mediated_decay	0	0	0	16	0	0	0	0	0	0	7	0	9	0	0	0	0	0	0	0	0	0
L3MBTL2	ENSG00000100395	ENST00000452106	nonsense_mediated_decay	0	0	0	18	0	0	0	0	0	0	2	0	16	0	0	0	0	0	0	0	0	0
L3MBTL2	ENSG00000100395	ENST00000466589	retained_intron	0	0	0	18	0	0	0	0	0	0	2	0	16	0	0	0	0	0	0	0	0	0
L3MBTL2	ENSG00000100395	ENST00000479978	retained_intron	0	0	0	18	0	0	0	0	0	0	2	0	16	0	0	0	0	0	0	0	0	0
L3MBTL2	ENSG00000100395	ENST00000481902	retained_intron	0	0	0	18	0	0	0	0	0	0	3	0	15	0	0	0	0	0	0	0	0	0
L3MBTL2	ENSG00000100395	ENST00000489136	processed_transcript	0	0	0	3	0	0	0	0	0	0	0	0	3	0	0	0	0	0	0	0	0	0
L3MBTL2-AS1	ENSG00000235513	ENST00000441316		0	0	0	4	0	0	0	0	0	0	0	0	3	0	0	0	0	0	0	0	0	1
L3MBTL2-AS1	ENSG00000235513	ENST00000451176		0	0	0	4	0	0	0	0	0	0	0	0	3	0	0	0	0	0	0	0	0	1
L3MBTL2-AS1	ENSG00000235513	ENST00000657161		0	0	0	18	0	0	0	0	0	0	0	0	15	0	0	0	0	0	0	0	0	3
L3MBTL2-AS1	ENSG00000235513	ENST00000658453		0	0	0	5	0	0	0	0	0	0	0	0	3	0	0	0	0	0	0	0	0	2
LARGE-AS1	ENSG00000224973	ENST00000424291		0	0	0	4	0	0	0	0	0	0	0	0	4	0	0	0	0	0	0	0	0	0
LARGE-AS1	ENSG00000224973	ENST00000438159		0	0	0	4	0	0	0	0	0	0	0	0	1	0	3	0	0	0	0	0	0	0
LARGE-AS1	ENSG00000224973	ENST00000448275		0	0	0	4	0	0	0	0	0	0	0	0	4	0	0	0	0	0	0	0	0	0
LARGE-AS1	ENSG00000224973	ENST00000450974		0	0	0	4	0	0	0	0	0	0	0	0	4	0	0	0	0	0	0	0	0	0
LARGE-AS1	ENSG00000224973	ENST00000453336		0	0	0	4	0	0	0	0	0	0	0	0	1	0	3	0	0	0	0	0	0	0
LARGE-AS1	ENSG00000224973	ENST00000661135		0	0	0	4	0	0	0	0	0	0	0	0	4	0	0	0	0	0	0	0	0	0
LARGE-AS1	ENSG00000224973	ENST00000663088		0	0	0	4	0	0	0	0	0	0	0	0	4	0	0	0	0	0	0	0	0	0
LARGE-AS1	ENSG00000224973	ENST00000664675		0	0	0	4	0	0	0	0	0	0	0	0	4	0	0	0	0	0	0	0	0	0
LARGE1	ENSG00000133424	ENST00000354992	protein_coding	0	0	0	47	0	0	0	0	0	0	0	0	47	0	0	0	0	0	0	0	0	0
LARGE1	ENSG00000133424	ENST00000397394	protein_coding	0	0	0	47	0	0	0	0	0	0	0	0	47	0	0	0	0	0	0	0	0	0
LARGE1	ENSG00000133424	ENST00000402320	protein_coding	0	0	0	47	0	0	0	0	0	0	0	0	47	0	0	0	0	0	0	0	0	0
LARGE1	ENSG00000133424	ENST00000413114	protein_coding	0	0	0	47	0	0	0	0	0	0	0	0	47	0	0	0	0	0	0	0	0	0
LARGE1	ENSG00000133424	ENST00000421768	nonsense_mediated_decay	0	0	0	14	0	0	0	0	0	0	0	0	14	0	0	0	0	0	0	0	0	0
LARGE1	ENSG00000133424	ENST00000423375	protein_coding	0	0	0	39	0	0	0	0	0	0	0	0	39	0	0	0	0	0	0	0	0	0
LARGE1	ENSG00000133424	ENST00000430220	protein_coding	0	0	0	39	0	0	0	0	0	0	0	0	39	0	0	0	0	0	0	0	0	0
LARGE1	ENSG00000133424	ENST00000432776	protein_coding	0	0	0	39	0	0	0	0	0	0	0	0	39	0	0	0	0	0	0	0	0	0
LARGE1	ENSG00000133424	ENST00000434071	protein_coding	0	0	0	39	0	0	0	0	0	0	0	0	39	0	0	0	0	0	0	0	0	0
LARGE1	ENSG00000133424	ENST00000476315	protein_coding	0	0	0	25	0	0	0	0	0	0	0	0	25	0	0	0	0	0	0	0	0	0
LARGE1	ENSG00000133424	ENST00000608642	protein_coding	0	0	0	56	0	0	0	0	0	0	0	0	56	0	0	0	0	0	0	0	0	0
LARGE1	ENSG00000133424	ENST00000609799	protein_coding	0	0	0	56	0	0	0	0	0	0	0	0	56	0	0	0	0	0	0	0	0	0
LARGE1	ENSG00000133424	ENST00000610186	protein_coding	0	0	0	56	0	0	0	0	0	0	0	0	56	0	0	0	0	0	0	0	0	0
LARGE1	ENSG00000133424	ENST00000674543	nonsense_mediated_decay	0	0	0	47	0	0	0	0	0	0	0	0	47	0	0	0	0	0	0	0	0	0
LARGE1	ENSG00000133424	ENST00000674668	protein_coding	0	0	0	39	0	0	0	0	0	0	0	0	39	0	0	0	0	0	0	0	0	0
LARGE1	ENSG00000133424	ENST00000674708	retained_intron	0	0	0	14	0	0	0	0	0	0	0	0	14	0	0	0	0	0	0	0	0	0
LARGE1	ENSG00000133424	ENST00000674780	protein_coding	0	0	0	14	0	0	0	0	0	0	0	0	14	0	0	0	0	0	0	0	0	0
LARGE1	ENSG00000133424	ENST00000674789	protein_coding	0	0	0	47	0	0	0	0	0	0	0	0	47	0	0	0	0	0	0	0	0	0
LARGE1	ENSG00000133424	ENST00000674816	processed_transcript	0	0	0	14	0	0	0	0	0	0	0	0	14	0	0	0	0	0	0	0	0	0
LARGE1	ENSG00000133424	ENST00000674999	protein_coding	0	0	0	14	0	0	0	0	0	0	0	0	14	0	0	0	0	0	0	0	0	0
LARGE1	ENSG00000133424	ENST00000675277	protein_coding	0	0	0	47	0	0	0	0	0	0	0	0	47	0	0	0	0	0	0	0	0	0
LARGE1	ENSG00000133424	ENST00000675382	nonsense_mediated_decay	0	0	0	39	0	0	0	0	0	0	0	0	39	0	0	0	0	0	0	0	0	0
LARGE1	ENSG00000133424	ENST00000675416	protein_coding	0	0	0	47	0	0	0	0	0	0	0	0	47	0	0	0	0	0	0	0	0	0
LARGE1	ENSG00000133424	ENST00000676031	nonsense_mediated_decay	0	0	0	39	0	0	0	0	0	0	0	0	39	0	0	0	0	0	0	0	0	0
LARGE1	ENSG00000133424	ENST00000676070	protein_coding	0	0	0	47	0	0	0	0	0	0	0	0	47	0	0	0	0	0	0	0	0	0
LARGE1	ENSG00000133424	ENST00000676126	protein_coding	0	0	0	39	0	0	0	0	0	0	0	0	39	0	0	0	0	0	0	0	0	0
LARGE1	ENSG00000133424	ENST00000676132	protein_coding	0	0	0	47	0	0	0	0	0	0	0	0	47	0	0	0	0	0	0	0	0	0
LARGE1	ENSG00000133424	ENST00000676370	protein_coding	0	0	0	47	0	0	0	0	0	0	0	0	47	0	0	0	0	0	0	0	0	0
LGALS1	ENSG00000100097	ENST00000215909	protein_coding	0	2	3	0	0	0	0	0	0	0	0	0	1	3	0	0	0	1	0	0	1	0
LGALS1	ENSG00000100097	ENST00000425542	nonsense_mediated_decay	0	1	0	8	4	0	0	0	0	0	0	0	1	0	4	0	0	1	0	0	0	0
LGALS1	ENSG00000100097	ENST00000454173	nonsense_mediated_decay	0	1	0	8	4	0	0	0	0	0	0	0	1	0	4	0	0	1	0	0	0	0
LGALS1	ENSG00000100097	ENST00000464120	retained_intron	0	0	0	5	0	0	0	0	0	0	5	0	0	0	0	0	0	0	0	0	0	0
LGALS1	ENSG00000100097	ENST00000472321	retained_intron	0	1	0	4	0	0	0	0	0	0	0	0	1	0	4	0	0	1	0	0	0	0
LGALS1	ENSG00000100097	ENST00000480207	processed_transcript	0	0	0	5	0	0	0	0	0	0	5	0	0	0	0	0	0	0	0	0	0	0
LGALS1	ENSG00000100097	ENST00000489315	processed_transcript	0	1	0	4	0	0	0	0	0	0	0	0	1	0	4	0	0	1	0	0	0	0
LGALS2	ENSG00000100079	ENST00000215886	protein_coding	0	0	0	31	0	0	0	0	0	0	0	0	18	0	0	0	0	0	0	0	0	13
LGALS2	ENSG00000100079	ENST00000416480	protein_coding	0	0	0	31	0	0	0	0	0	0	0	0	30	0	0	0	0	0	0	0	0	1
LIMK2	ENSG00000182541	ENST00000331728	protein_coding	0	0	0	15	0	0	0	0	0	0	10	0	5	0	0	0	0	0	0	0	0	0
LIMK2	ENSG00000182541	ENST00000333611	protein_coding	0	0	0	15	0	0	0	0	0	0	10	0	5	0	0	0	0	0	0	0	0	0
LIMK2	ENSG00000182541	ENST00000340552	protein_coding	0	0	0	5	0	0	0	0	0	0	0	0	5	0	0	0	0	0	0	0	0	0
LIMK2	ENSG00000182541	ENST00000406516	protein_coding	0	0	0	5	0	0	0	0	0	0	0	0	5	0	0	0	0	0	0	0	0	0
LIMK2	ENSG00000182541	ENST00000465937	retained_intron	0	0	0	5	0	0	0	0	0	0	5	0	0	0	0	0	0	0	0	0	0	0
LIMK2	ENSG00000182541	ENST00000467301	processed_transcript	0	0	0	7	0	0	0	0	0	0	7	0	0	0	0	0	0	0	0	0	0	0
LINC00207	ENSG00000187012	ENST00000334566		0	0	0	4	0	0	0	0	0	0	0	0	0	0	0	0	0	0	0	0	0	4
LINC00207	ENSG00000187012	ENST00000603530		0	0	0	4	0	0	0	0	0	0	0	0	0	0	0	0	0	0	0	0	0	4
LINC00207	ENSG00000187012	ENST00000605505		0	0	0	4	0	0	0	0	0	0	0	0	0	0	0	0	0	0	0	0	0	4
LINC00207	ENSG00000187012	ENST00000657777		0	0	0	4	0	0	0	0	0	0	0	0	0	0	0	0	0	0	0	0	0	4
LINC00229	ENSG00000234300	ENST00000443783		0	0	0	5	0	0	0	0	0	0	5	0	0	0	0	0	0	0	0	0	0	0
LINC01311	ENSG00000260924	ENST00000565162		0	0	0	20	0	0	0	0	0	0	4	0	0	0	0	0	0	0	0	0	0	16
LINC01422	ENSG00000223704	ENST00000434868		0	0	0	61	0	0	0	0	0	0	15	0	15	0	19	0	0	0	0	0	0	12
LINC01422	ENSG00000223704	ENST00000653531		0	0	0	65	0	0	0	0	0	0	4	0	32	0	17	0	0	0	0	0	0	12
LINC01422	ENSG00000223704	ENST00000658323		0	0	0	85	0	0	0	0	0	0	19	0	49	0	4	0	0	0	0	0	0	13
LINC01422	ENSG00000223704	ENST00000664041		0	0	0	69	0	0	0	0	0	0	9	0	42	0	5	0	0	0	0	0	0	13
LINC01422	ENSG00000223704	ENST00000664057		0	0	0	69	0	0	0	0	0	0	9	0	42	0	5	0	0	0	0	0	0	13
LINC01422	ENSG00000223704	ENST00000670559		0	0	0	162	0	0	0	0	0	0	0	0	145	0	4	0	0	0	0	0	0	13
LINC01422	ENSG00000223704	ENST00000671424		0	0	0	87	0	0	0	0	0	0	19	0	49	0	8	0	0	0	0	0	0	11
LINC01521	ENSG00000213888	ENST00000504184		0	0	0	9	0	0	0	0	0	0	0	0	0	0	0	0	0	0	0	0	0	9
LINC01521	ENSG00000213888	ENST00000614284		0	0	0	9	0	0	0	0	0	0	0	0	0	0	0	0	0	0	0	0	0	9
LINC01589	ENSG00000238120	ENST00000422971		0	0	0	9	0	0	0	0	0	0	4	0	0	0	0	0	0	0	0	0	0	5
LINC01643	ENSG00000236052	ENST00000412218		0	0	0	21	0	0	0	0	0	0	0	0	21	0	0	0	0	0	0	0	0	0
LINC01643	ENSG00000236052	ENST00000652942		0	0	0	21	0	0	0	0	0	0	0	0	21	0	0	0	0	0	0	0	0	0
LINC01643	ENSG00000236052	ENST00000653369		0	0	0	21	0	0	0	0	0	0	0	0	21	0	0	0	0	0	0	0	0	0
LINC01643	ENSG00000236052	ENST00000654009		0	0	0	21	0	0	0	0	0	0	0	0	21	0	0	0	0	0	0	0	0	0
LINC01643	ENSG00000236052	ENST00000655455		0	0	0	21	0	0	0	0	0	0	0	0	21	0	0	0	0	0	0	0	0	0
LINC01643	ENSG00000236052	ENST00000655904		0	0	0	21	0	0	0	0	0	0	0	0	21	0	0	0	0	0	0	0	0	0
LINC01643	ENSG00000236052	ENST00000656244		0	0	0	21	0	0	0	0	0	0	0	0	21	0	0	0	0	0	0	0	0	0
LINC01643	ENSG00000236052	ENST00000656434		0	0	0	21	0	0	0	0	0	0	0	0	21	0	0	0	0	0	0	0	0	0
LINC01643	ENSG00000236052	ENST00000657115		0	0	0	21	0	0	0	0	0	0	0	0	21	0	0	0	0	0	0	0	0	0
LINC01643	ENSG00000236052	ENST00000658014		0	0	0	21	0	0	0	0	0	0	0	0	21	0	0	0	0	0	0	0	0	0
LINC01643	ENSG00000236052	ENST00000658055		0	0	0	21	0	0	0	0	0	0	0	0	21	0	0	0	0	0	0	0	0	0
LINC01643	ENSG00000236052	ENST00000658589		0	0	0	21	0	0	0	0	0	0	0	0	21	0	0	0	0	0	0	0	0	0
LINC01643	ENSG00000236052	ENST00000658699		0	0	0	21	0	0	0	0	0	0	0	0	21	0	0	0	0	0	0	0	0	0
LINC01643	ENSG00000236052	ENST00000659067		0	0	0	21	0	0	0	0	0	0	0	0	21	0	0	0	0	0	0	0	0	0
LINC01643	ENSG00000236052	ENST00000661800		0	0	0	21	0	0	0	0	0	0	0	0	21	0	0	0	0	0	0	0	0	0
LINC01643	ENSG00000236052	ENST00000661903		0	0	0	21	0	0	0	0	0	0	0	0	21	0	0	0	0	0	0	0	0	0
LINC01643	ENSG00000236052	ENST00000663820		0	0	0	21	0	0	0	0	0	0	0	0	21	0	0	0	0	0	0	0	0	0
LINC01643	ENSG00000236052	ENST00000664028		0	0	0	21	0	0	0	0	0	0	0	0	21	0	0	0	0	0	0	0	0	0
LINC01643	ENSG00000236052	ENST00000664480		0	0	0	21	0	0	0	0	0	0	0	0	21	0	0	0	0	0	0	0	0	0
LINC01643	ENSG00000236052	ENST00000664743		0	0	0	21	0	0	0	0	0	0	0	0	21	0	0	0	0	0	0	0	0	0
LINC01643	ENSG00000236052	ENST00000665392		0	0	0	21	0	0	0	0	0	0	0	0	21	0	0	0	0	0	0	0	0	0
LINC01643	ENSG00000236052	ENST00000665458		0	0	0	21	0	0	0	0	0	0	0	0	21	0	0	0	0	0	0	0	0	0
LINC01643	ENSG00000236052	ENST00000665701		0	0	0	21	0	0	0	0	0	0	0	0	21	0	0	0	0	0	0	0	0	0
LINC01643	ENSG00000236052	ENST00000667570		0	0	0	21	0	0	0	0	0	0	0	0	21	0	0	0	0	0	0	0	0	0
LINC01643	ENSG00000236052	ENST00000668175		0	0	0	21	0	0	0	0	0	0	0	0	21	0	0	0	0	0	0	0	0	0
LINC01643	ENSG00000236052	ENST00000668901		0	0	0	21	0	0	0	0	0	0	0	0	21	0	0	0	0	0	0	0	0	0
LINC01643	ENSG00000236052	ENST00000669488		0	0	0	21	0	0	0	0	0	0	0	0	21	0	0	0	0	0	0	0	0	0
LINC01643	ENSG00000236052	ENST00000669802		0	0	0	21	0	0	0	0	0	0	0	0	21	0	0	0	0	0	0	0	0	0
LINC01643	ENSG00000236052	ENST00000670329		0	0	0	21	0	0	0	0	0	0	0	0	21	0	0	0	0	0	0	0	0	0
LINC01643	ENSG00000236052	ENST00000670742		0	0	0	21	0	0	0	0	0	0	0	0	21	0	0	0	0	0	0	0	0	0
LINC01643	ENSG00000236052	ENST00000671554		0	0	0	21	0	0	0	0	0	0	0	0	21	0	0	0	0	0	0	0	0	0
LINC01651	ENSG00000279920	ENST00000624642		0	0	0	52	0	0	0	0	0	0	2	0	12	0	5	0	0	0	0	0	0	33
LINC01651	ENSG00000279920	ENST00000666255		0	0	0	52	0	0	0	0	0	0	0	0	14	0	4	0	0	0	0	0	0	34
LINC01659	ENSG00000234928	ENST00000428415		0	0	0	12	0	0	0	0	0	0	12	0	0	0	0	0	0	0	0	0	0	0
LINC01659	ENSG00000234928	ENST00000449711		0	0	0	12	0	0	0	0	0	0	12	0	0	0	0	0	0	0	0	0	0	0
LINC01659	ENSG00000234928	ENST00000684978		0	0	0	12	0	0	0	0	0	0	12	0	0	0	0	0	0	0	0	0	0	0
LINC01659	ENSG00000234928	ENST00000685366		0	0	0	12	0	0	0	0	0	0	12	0	0	0	0	0	0	0	0	0	0	0
LINC02558	ENSG00000230866	ENST00000416995		0	0	0	69	0	0	0	0	0	0	19	0	47	0	0	0	0	0	0	0	0	3
LINC02558	ENSG00000230866	ENST00000436395		0	0	0	20	0	0	0	0	0	0	7	0	10	0	0	0	0	0	0	0	0	3
LINC02558	ENSG00000230866	ENST00000658411		0	0	0	122	0	0	0	0	0	0	0	0	119	0	0	0	0	0	0	0	0	3
LL22NC01-81G9.3	ENSG00000215403	ENST00000400221		0	0	0	9	0	0	0	0	0	0	0	0	0	0	0	0	0	0	0	0	0	9
LMF2	ENSG00000100258	ENST00000216080	protein_coding	0	1	2	15	0	0	0	0	0	0	15	0	0	2	0	0	0	0	0	0	1	0
LMF2	ENSG00000100258	ENST00000474879	protein_coding	0	1	2	15	0	0	0	0	0	0	15	0	0	2	0	0	0	0	0	0	1	0
LMF2	ENSG00000100258	ENST00000504717	retained_intron	0	0	0	18	0	0	0	0	0	0	15	0	0	0	0	0	0	0	0	0	0	3
LMF2	ENSG00000100258	ENST00000505981	processed_transcript	0	0	0	13	0	0	0	0	0	0	10	0	0	0	3	0	0	0	0	0	0	0
LMF2	ENSG00000100258	ENST00000507607	retained_intron	0	0	0	13	0	0	0	0	0	0	10	0	0	0	3	0	0	0	0	0	0	0
LMF2	ENSG00000100258	ENST00000514938	retained_intron	0	0	0	18	0	0	0	0	0	0	15	0	0	0	0	0	0	0	0	0	0	3
LRRC37A14P	ENSG00000215771	ENST00000452297	processed_pseudogene	0	0	0	7	0	0	0	0	0	0	1	0	0	0	0	0	0	0	0	0	0	6
LRRC74B	ENSG00000187905	ENST00000442047	protein_coding	0	0	0	1	0	0	0	0	0	0	1	0	0	0	0	0	0	0	0	0	0	0
LRRC74B	ENSG00000187905	ENST00000469766	retained_intron	0	0	0	1	0	0	0	0	0	0	1	0	0	0	0	0	0	0	0	0	0	0
LRRC74B	ENSG00000187905	ENST00000473769	retained_intron	0	0	0	1	0	0	0	0	0	0	1	0	0	0	0	0	0	0	0	0	0	0
LRRC74B	ENSG00000187905	ENST00000497328	retained_intron	0	0	0	2	0	0	0	0	0	0	1	0	0	0	1	0	0	0	0	0	0	0
LRRC75B	ENSG00000178026	ENST00000318753	protein_coding	0	0	0	61	0	0	0	0	0	0	61	0	0	0	0	0	0	0	0	0	0	0
LRRC75B	ENSG00000178026	ENST00000404045	nonsense_mediated_decay	0	0	0	61	0	0	0	0	0	0	61	0	0	0	0	0	0	0	0	0	0	0
LRRC75B	ENSG00000178026	ENST00000446942	nonsense_mediated_decay	0	0	0	61	0	0	0	0	0	0	61	0	0	0	0	0	0	0	0	0	0	0
LRRC75B	ENSG00000178026	ENST00000460524	retained_intron	0	0	0	61	0	0	0	0	0	0	61	0	0	0	0	0	0	0	0	0	0	0
LRRC75B	ENSG00000178026	ENST00000465334	retained_intron	0	0	0	3	0	0	0	0	0	0	3	0	0	0	0	0	0	0	0	0	0	0
LRRC75B	ENSG00000178026	ENST00000491910	retained_intron	0	0	0	61	0	0	0	0	0	0	61	0	0	0	0	0	0	0	0	0	0	0
LRRC75B	ENSG00000178026	ENST00000495297	processed_transcript	0	0	0	11	0	0	0	0	0	0	11	0	0	0	0	0	0	0	0	0	0	0
MAFF	ENSG00000185022	ENST00000338483	protein_coding	0	0	0	84	0	0	1	0	0	0	27	0	52	0	0	0	0	0	0	0	0	4
MAFF	ENSG00000185022	ENST00000407965	protein_coding	0	0	0	65	0	0	0	0	0	0	27	0	0	0	0	0	0	0	0	0	0	38
MAFF	ENSG00000185022	ENST00000417948	protein_coding	0	0	0	73	0	0	0	0	0	0	16	0	52	0	0	0	0	0	0	0	0	5
MAFF	ENSG00000185022	ENST00000426621	protein_coding	0	0	0	84	0	0	0	0	0	0	27	0	52	0	0	0	0	0	0	0	0	5
MAFF	ENSG00000185022	ENST00000441709	protein_coding	0	0	0	73	0	0	1	0	0	0	16	0	52	0	0	0	0	0	0	0	0	4
MAFF	ENSG00000185022	ENST00000538320	protein_coding	0	0	0	84	0	0	1	0	0	0	27	0	52	0	0	0	0	0	0	0	0	4
MAFF	ENSG00000185022	ENST00000538999	protein_coding	0	0	0	84	0	0	1	0	0	0	27	0	52	0	0	0	0	0	0	0	0	4
MAFF	ENSG00000185022	ENST00000624676	retained_intron	0	0	0	21	0	0	0	0	0	0	11	0	0	0	10	0	0	0	0	0	0	0
MAPK1	ENSG00000100030	ENST00000215832	protein_coding	0	0	0	27	0	0	0	0	0	0	0	0	27	0	0	0	0	0	0	0	0	0
MAPK1	ENSG00000100030	ENST00000398822	protein_coding	0	0	0	27	0	0	0	0	0	0	0	0	27	0	0	0	0	0	0	0	0	0
MAPK1	ENSG00000100030	ENST00000544786	protein_coding	0	0	0	27	0	0	0	0	0	0	0	0	27	0	0	0	0	0	0	0	0	0
MAPK8IP2	ENSG00000008735	ENST00000008876	retained_intron	0	0	0	36	0	0	0	0	0	0	26	0	1	0	0	0	0	0	0	0	0	9
MAPK8IP2	ENSG00000008735	ENST00000329492	protein_coding	0	0	0	40	0	0	0	0	0	0	26	0	1	0	0	0	0	0	0	0	0	13
MCHR1	ENSG00000128285	ENST00000249016	protein_coding	1	0	1	3	0	0	0	0	0	0	0	1	0	1	0	0	0	0	0	0	0	3
MCHR1	ENSG00000128285	ENST00000381433	protein_coding	1	0	1	3	0	0	0	0	0	0	0	1	0	1	0	0	0	0	0	0	0	3
MCHR1	ENSG00000128285	ENST00000465662	processed_transcript	0	0	0	5	0	0	0	0	0	0	2	0	0	0	0	0	0	0	0	0	0	3
MCHR1	ENSG00000128285	ENST00000498400	processed_transcript	0	0	0	5	0	0	0	0	0	0	0	0	0	0	2	0	0	0	0	0	0	3
MEI1	ENSG00000167077	ENST00000401548	protein_coding	0	1	0	90	0	0	0	0	0	0	0	0	90	0	0	0	0	0	0	0	1	0
MEI1	ENSG00000167077	ENST00000403492	protein_coding	0	0	0	16	0	0	0	0	0	0	0	0	13	0	0	0	0	0	0	0	0	3
MEI1	ENSG00000167077	ENST00000423900	protein_coding	0	0	0	5	0	0	0	0	0	0	0	0	0	0	0	0	0	0	0	0	0	5
MEI1	ENSG00000167077	ENST00000460702	retained_intron	0	0	0	18	0	0	0	0	0	0	0	0	0	0	0	0	0	0	0	0	0	18
MEI1	ENSG00000167077	ENST00000462246	processed_transcript	0	0	0	7	0	0	0	0	0	0	4	0	3	0	0	0	0	0	0	0	0	0
MEI1	ENSG00000167077	ENST00000462450	retained_intron	0	0	0	7	0	0	0	0	0	0	4	0	3	0	0	0	0	0	0	0	0	0
MEI1	ENSG00000167077	ENST00000473736	retained_intron	0	0	0	7	0	0	0	0	0	0	4	0	3	0	0	0	0	0	0	0	0	0
MEI1	ENSG00000167077	ENST00000476614	processed_transcript	0	0	0	19	0	0	0	0	0	0	0	0	6	0	1	0	0	0	0	0	0	12
MEI1	ENSG00000167077	ENST00000476893	processed_transcript	0	0	0	16	0	0	0	0	0	0	0	0	13	0	0	0	0	0	0	0	0	3
MEI1	ENSG00000167077	ENST00000482055	processed_transcript	0	0	0	19	0	0	0	0	0	0	0	0	6	0	3	0	0	0	0	0	0	10
MEI1	ENSG00000167077	ENST00000484966	processed_transcript	0	0	0	16	0	0	0	0	0	0	0	0	13	0	0	0	0	0	0	0	0	3
MEI1	ENSG00000167077	ENST00000487535	processed_transcript	0	0	0	16	0	0	0	0	0	0	0	0	13	0	0	0	0	0	0	0	0	3
MEI1	ENSG00000167077	ENST00000492484	processed_transcript	0	0	0	19	0	0	0	0	0	0	0	0	6	0	4	0	0	0	0	0	0	9
MEI1	ENSG00000167077	ENST00000498456	processed_transcript	0	0	0	7	0	0	0	0	0	0	0	0	7	0	0	0	0	0	0	0	0	0
MEI1	ENSG00000167077	ENST00000540833	protein_coding	0	1	0	74	0	0	0	0	0	0	0	0	74	0	0	0	0	0	0	0	1	0
MEI1	ENSG00000167077	ENST00000651135	retained_intron	0	0	0	79	0	0	0	0	0	0	0	0	71	0	1	0	0	0	0	0	0	7
MFNG	ENSG00000100060	ENST00000356998	protein_coding	0	0	2	54	2	0	0	0	0	0	21	0	31	2	0	0	0	0	0	0	0	0
MFNG	ENSG00000100060	ENST00000416983	protein_coding	0	0	2	54	2	0	0	0	0	0	21	0	31	2	0	0	0	0	0	0	0	0
MFNG	ENSG00000100060	ENST00000424765	protein_coding	0	2	0	18	0	0	0	0	0	0	0	0	18	0	0	0	0	0	0	0	2	0
MFNG	ENSG00000100060	ENST00000430411	nonsense_mediated_decay	0	0	0	20	0	0	0	0	0	0	0	0	18	0	2	0	0	0	0	0	0	0
MFNG	ENSG00000100060	ENST00000436341	protein_coding	0	0	0	34	0	0	2	0	0	0	14	0	6	0	0	0	0	0	0	0	0	12
MFNG	ENSG00000100060	ENST00000438891	nonsense_mediated_decay	0	0	0	35	0	0	0	0	0	0	15	0	18	0	2	0	0	0	0	0	0	0
MFNG	ENSG00000100060	ENST00000442496	protein_coding	0	0	0	20	0	0	2	0	0	0	0	0	12	0	0	0	0	0	0	0	0	6
MFNG	ENSG00000100060	ENST00000454291	protein_coding	0	0	0	36	2	0	0	0	0	0	21	0	13	0	0	0	0	0	0	0	0	0
MFNG	ENSG00000100060	ENST00000466943	retained_intron	0	0	0	20	0	0	0	0	0	0	0	0	0	0	8	0	0	0	0	0	0	12
MFNG	ENSG00000100060	ENST00000489515	retained_intron	0	0	0	36	0	0	0	0	0	0	21	0	15	0	0	0	0	0	0	0	0	0
MGAT3	ENSG00000128268	ENST00000341184	protein_coding	0	0	0	34	0	0	0	0	0	0	5	0	29	0	0	0	0	0	0	0	0	0
MGAT3	ENSG00000128268	ENST00000418314	protein_coding	0	0	0	29	0	0	2	0	0	0	0	0	19	0	0	0	0	0	0	0	0	8
MGAT3	ENSG00000128268	ENST00000429402	protein_coding	0	0	0	29	0	0	0	0	0	0	0	0	29	0	0	0	0	0	0	0	0	0
MGAT3-AS1	ENSG00000227188	ENST00000432239		0	0	0	12	0	0	0	0	0	0	0	0	0	0	0	0	0	0	0	0	0	12
MIATNB	ENSG00000244625	ENST00000421253		0	0	0	51	0	0	0	0	0	0	0	0	51	0	0	0	0	0	0	0	0	0
MIATNB	ENSG00000244625	ENST00000435162		0	0	0	82	0	0	0	0	0	0	0	0	82	0	0	0	0	0	0	0	0	0
MIATNB	ENSG00000244625	ENST00000437071		0	0	0	82	0	0	0	0	0	0	0	0	82	0	0	0	0	0	0	0	0	0
MIATNB	ENSG00000244625	ENST00000440816		0	0	0	82	0	0	0	0	0	0	0	0	82	0	0	0	0	0	0	0	0	0
MIATNB	ENSG00000244625	ENST00000444388		0	0	0	54	0	0	0	0	0	0	3	0	51	0	0	0	0	0	0	0	0	0
MIATNB	ENSG00000244625	ENST00000446336		0	0	0	13	0	0	0	0	0	0	10	0	3	0	0	0	0	0	0	0	0	0
MIATNB	ENSG00000244625	ENST00000449017		0	0	0	82	0	0	0	0	0	0	0	0	82	0	0	0	0	0	0	0	0	0
MIATNB	ENSG00000244625	ENST00000450963		0	0	0	82	0	0	0	0	0	0	0	0	82	0	0	0	0	0	0	0	0	0
MIATNB	ENSG00000244625	ENST00000651474		0	0	0	51	0	0	0	0	0	0	0	0	51	0	0	0	0	0	0	0	0	0
MIATNB	ENSG00000244625	ENST00000653953		0	1	0	63	0	0	0	0	0	0	3	0	55	0	6	0	0	1	0	0	0	0
MIATNB	ENSG00000244625	ENST00000662474		0	0	0	3	0	0	0	0	0	0	0	0	3	0	0	0	0	0	0	0	0	0
MIATNB	ENSG00000244625	ENST00000664301		0	0	0	13	0	0	0	0	0	0	0	0	0	0	5	0	0	0	0	0	0	8
MIATNB	ENSG00000244625	ENST00000668496		0	0	0	43	0	0	0	0	0	0	0	0	26	0	0	0	0	0	0	0	0	17
MIATNB	ENSG00000244625	ENST00000669899		0	0	0	5	0	0	0	0	0	0	0	0	0	0	0	0	0	0	0	0	0	5
MICALL1	ENSG00000100139	ENST00000215957	protein_coding	0	0	1	35	0	0	3	0	0	0	0	0	9	1	0	0	0	0	0	0	0	23
MICALL1	ENSG00000100139	ENST00000424008	protein_coding	0	0	1	35	0	0	0	0	0	0	0	0	9	1	0	0	0	0	0	0	0	26
MICALL1	ENSG00000100139	ENST00000445494	protein_coding	0	0	1	35	0	0	0	0	0	0	0	0	9	1	0	0	0	0	0	0	0	26
MICALL1	ENSG00000100139	ENST00000454685	protein_coding	0	0	0	39	0	0	0	0	0	0	0	0	14	0	0	0	0	0	0	0	0	25
MICALL1	ENSG00000100139	ENST00000489812	processed_transcript	0	0	0	36	0	0	0	0	0	0	0	0	9	0	0	0	0	0	0	0	0	27
MICALL1	ENSG00000100139	ENST00000679832	nonsense_mediated_decay	0	0	0	36	0	0	0	0	0	0	0	0	9	0	1	0	0	0	0	0	0	26
MICALL1	ENSG00000100139	ENST00000680375	nonsense_mediated_decay	0	0	0	36	0	0	0	0	0	0	0	0	9	0	1	0	0	0	0	0	0	26
MICALL1	ENSG00000100139	ENST00000680501	nonsense_mediated_decay	0	0	0	36	0	0	0	0	0	0	0	0	9	0	1	0	0	0	0	0	0	26
MICALL1	ENSG00000100139	ENST00000680578	protein_coding	0	0	1	35	0	0	0	0	0	0	0	0	9	1	0	0	0	0	0	0	0	26
MICALL1	ENSG00000100139	ENST00000680868	retained_intron	0	0	0	8	0	0	0	0	0	0	0	0	0	0	0	0	0	0	0	0	0	8
MICALL1	ENSG00000100139	ENST00000681920	nonsense_mediated_decay	0	0	0	36	0	0	0	0	0	0	0	0	9	0	1	0	0	0	0	0	0	26
MIEF1	ENSG00000100335	ENST00000325301	protein_coding	0	0	0	17	0	0	0	0	0	0	0	0	0	0	0	0	0	0	0	0	0	17
MIEF1	ENSG00000100335	ENST00000402881	protein_coding	0	0	0	23	0	0	0	0	0	0	0	0	0	0	0	0	0	0	0	0	0	23
MIEF1	ENSG00000100335	ENST00000404569	protein_coding	0	0	0	15	0	0	0	0	0	0	0	0	0	0	0	0	0	0	0	0	0	15
MIEF1	ENSG00000100335	ENST00000428069	nonsense_mediated_decay	0	0	0	14	0	0	0	0	0	0	0	0	0	0	0	0	0	0	0	0	0	14
MIEF1	ENSG00000100335	ENST00000433117	nonsense_mediated_decay	0	0	0	16	0	0	0	0	0	0	0	0	0	0	0	0	0	0	0	0	0	16
MIEF1	ENSG00000100335	ENST00000434364	protein_coding	0	0	0	14	0	0	0	0	0	0	0	0	0	0	0	0	0	0	0	0	0	14
MIEF1	ENSG00000100335	ENST00000464629	processed_transcript	0	0	0	23	0	0	0	0	0	0	0	0	0	0	2	0	0	0	0	0	0	21
MIEF1	ENSG00000100335	ENST00000465564	processed_transcript	0	0	0	18	0	0	0	0	0	0	0	0	0	0	0	0	0	0	0	0	0	18
MIEF1	ENSG00000100335	ENST00000467866	processed_transcript	0	0	0	23	0	0	0	0	0	0	0	0	0	0	0	0	0	0	0	0	0	23
MIEF1	ENSG00000100335	ENST00000478342	processed_transcript	0	0	0	18	0	0	0	0	0	0	0	0	0	0	0	0	0	0	0	0	0	18
MIEF1	ENSG00000100335	ENST00000479514	processed_transcript	0	0	0	2	0	0	0	0	0	0	0	0	0	0	0	0	0	0	0	0	0	2
MIEF1	ENSG00000100335	ENST00000481746	processed_transcript	0	0	0	18	0	0	0	0	0	0	0	0	0	0	0	0	0	0	0	0	0	18
MIEF1	ENSG00000100335	ENST00000489792	processed_transcript	0	0	0	18	0	0	0	0	0	0	0	0	0	0	0	0	0	0	0	0	0	18
MIEF1	ENSG00000100335	ENST00000494219	retained_intron	0	0	0	15	0	0	0	0	0	0	0	0	0	0	0	0	0	0	0	0	0	15
MIOX	ENSG00000100253	ENST00000216075	protein_coding	2	0	1	27	0	0	0	0	0	0	6	0	11	1	0	2	0	0	0	0	0	12
MIOX	ENSG00000100253	ENST00000395732	protein_coding	2	0	1	27	0	0	0	0	0	0	6	0	11	1	0	2	0	0	0	0	0	12
MIOX	ENSG00000100253	ENST00000395733	protein_coding	2	0	1	27	0	0	0	0	0	0	6	0	11	1	0	2	0	0	0	0	0	12
MIOX	ENSG00000100253	ENST00000451761	protein_coding	2	0	1	27	0	0	0	0	0	0	6	0	11	1	0	2	0	0	0	0	0	12
MIR1249	ENSG00000221598	ENST00000408671	miRNA	0	0	0	7	0	0	0	0	0	0	4	0	0	0	0	0	0	0	0	0	0	3
MIR1306	ENSG00000284464	ENST00000408439	miRNA	0	0	0	3	0	0	0	0	0	0	0	0	0	0	0	0	0	0	0	0	0	3
MIR185	ENSG00000208023	ENST00000385288	miRNA	0	0	0	2	0	0	0	0	0	0	0	0	0	0	0	0	0	0	0	0	0	2
MIR3200	ENSG00000264661	ENST00000580767	miRNA	0	0	0	23	0	0	0	0	0	0	18	0	0	0	1	0	0	0	0	0	0	4
MIR33A	ENSG00000207932	ENST00000385197	miRNA	0	0	0	5	0	0	0	0	0	0	5	0	0	0	0	0	0	0	0	0	0	0
MIR3618	ENSG00000284140	ENST00000580330	miRNA	0	0	0	3	0	0	0	0	0	0	0	0	0	0	0	0	0	0	0	0	0	3
MIR3619	ENSG00000266533	ENST00000579667	miRNA	0	0	0	6	0	0	0	0	0	0	0	0	0	0	0	0	0	0	0	0	0	6
MIR378I	ENSG00000283829	ENST00000582688	miRNA	0	0	0	44	0	0	0	0	0	0	20	0	0	0	3	0	0	0	0	0	0	21
MIR4761	ENSG00000284031	ENST00000585066	miRNA	0	0	0	89	0	0	0	0	0	0	36	0	0	0	0	0	0	0	0	0	0	53
MIR4762	ENSG00000264160	ENST00000585261	miRNA	0	0	0	7	0	0	0	0	0	0	0	0	0	0	0	0	0	0	0	0	0	7
MIR4763	ENSG00000284175	ENST00000581461	miRNA	0	0	0	4	0	0	0	0	0	0	4	0	0	0	0	0	0	0	0	0	0	0
MIR4766	ENSG00000266594	ENST00000584704	miRNA	0	0	0	45	0	0	0	0	0	0	6	0	0	0	0	0	0	0	0	0	0	39
MIR5571	ENSG00000264824	ENST00000577998	miRNA	0	0	0	20	0	0	0	0	0	0	20	0	0	0	0	0	0	0	0	0	0	0
MIR6816	ENSG00000278278	ENST00000620368	miRNA	0	0	0	13	0	0	0	0	0	0	13	0	0	0	0	0	0	0	0	0	0	0
MIR6820	ENSG00000284289	ENST00000611508	miRNA	0	0	0	42	0	0	0	0	0	0	3	0	0	0	0	0	0	0	0	0	0	39
MIR6889	ENSG00000274552	ENST00000613185	miRNA	0	0	0	29	0	0	0	0	0	0	4	0	0	0	0	0	0	0	0	0	0	25
MIR7109	ENSG00000284082	ENST00000613748	miRNA	0	0	0	4	0	0	0	0	0	0	0	0	0	0	0	0	0	0	0	0	0	4
MIRLET7A3	ENSG00000283990	ENST00000362116	miRNA	0	0	0	4	0	0	0	0	0	0	4	0	0	0	0	0	0	0	0	0	0	0
MIRLET7B	ENSG00000284520	ENST00000385140	miRNA	0	0	0	4	0	0	0	0	0	0	4	0	0	0	0	0	0	0	0	0	0	0
MIRLET7BHG	ENSG00000197182	ENST00000360737		0	0	0	15	0	0	0	0	0	0	4	0	7	0	0	0	0	0	0	0	0	4
MIRLET7BHG	ENSG00000197182	ENST00000381051		0	0	0	12	0	0	0	0	0	0	0	0	12	0	0	0	0	0	0	0	0	0
MIRLET7BHG	ENSG00000197182	ENST00000435439		0	0	0	15	0	0	0	0	0	0	4	0	7	0	0	0	0	0	0	0	0	4
MIRLET7BHG	ENSG00000197182	ENST00000443490		0	0	0	11	0	0	0	0	0	0	0	0	11	0	0	0	0	0	0	0	0	0
MIRLET7BHG	ENSG00000197182	ENST00000684877		0	0	0	4	0	0	0	0	0	0	4	0	0	0	0	0	0	0	0	0	0	0
MIRLET7BHG	ENSG00000197182	ENST00000686090		0	0	0	11	0	0	0	0	0	0	0	0	7	0	0	0	0	0	0	0	0	4
MIRLET7BHG	ENSG00000197182	ENST00000686105		0	0	0	4	0	0	0	0	0	0	4	0	0	0	0	0	0	0	0	0	0	0
MIRLET7BHG	ENSG00000197182	ENST00000686767		0	0	0	11	0	0	0	0	0	0	0	0	7	0	0	0	0	0	0	0	0	4
MIRLET7BHG	ENSG00000197182	ENST00000687637		0	0	0	11	0	0	0	0	0	0	0	0	11	0	0	0	0	0	0	0	0	0
MIRLET7BHG	ENSG00000197182	ENST00000691934		0	0	0	12	0	0	0	0	0	0	0	0	11	0	0	0	0	0	0	0	0	1
MORC2	ENSG00000133422	ENST00000215862	protein_coding	0	0	0	33	0	0	0	0	0	0	0	0	27	0	0	0	0	0	0	0	0	6
MORC2	ENSG00000133422	ENST00000397641	protein_coding	0	0	0	33	0	0	0	0	0	0	0	0	27	0	0	0	0	0	0	0	0	6
MORC2	ENSG00000133422	ENST00000476152	retained_intron	0	0	0	27	0	0	0	0	0	0	0	0	27	0	0	0	0	0	0	0	0	0
MORC2	ENSG00000133422	ENST00000675601	processed_transcript	0	0	0	21	0	0	0	0	0	0	0	0	0	0	0	0	0	0	0	0	0	21
MPPED1	ENSG00000186732	ENST00000334209	protein_coding	0	0	0	4	0	0	0	0	0	0	4	0	0	0	0	0	0	0	0	0	0	0
MPPED1	ENSG00000186732	ENST00000417669	protein_coding	0	0	0	37	0	0	0	0	0	0	0	0	37	0	0	0	0	0	0	0	0	0
MPPED1	ENSG00000186732	ENST00000443721	protein_coding	0	0	0	37	0	0	0	0	0	0	0	0	37	0	0	0	0	0	0	0	0	0
MRPL40	ENSG00000185608	ENST00000333130	protein_coding	0	0	0	3	0	0	0	0	0	0	3	0	0	0	0	0	0	0	0	0	0	0
MRPL40	ENSG00000185608	ENST00000443660	processed_transcript	0	0	0	3	0	0	0	0	0	0	3	0	0	0	0	0	0	0	0	0	0	0
MRPL40	ENSG00000185608	ENST00000471259	processed_transcript	0	0	0	3	0	0	0	0	0	0	3	0	0	0	0	0	0	0	0	0	0	0
MRTFA	ENSG00000196588	ENST00000355630	protein_coding	1	1	3	28	0	0	0	0	0	0	0	0	29	3	0	1	0	0	0	0	1	0
MRTFA	ENSG00000196588	ENST00000396617	protein_coding	1	0	1	31	0	0	3	0	0	0	0	0	29	1	0	1	0	0	0	0	0	0
MRTFA	ENSG00000196588	ENST00000402042	protein_coding	1	1	3	28	0	0	0	0	0	0	0	0	29	3	0	1	0	0	0	0	1	0
MRTFA	ENSG00000196588	ENST00000402630	protein_coding	0	0	0	2	0	0	0	0	0	0	2	0	0	0	0	0	0	0	0	0	0	0
MRTFA	ENSG00000196588	ENST00000407029	protein_coding	1	0	1	24	0	0	0	0	0	0	0	0	25	1	0	1	0	0	0	0	0	0
MRTFA	ENSG00000196588	ENST00000463769	protein_coding	0	1	2	4	0	0	0	0	0	0	0	0	4	2	0	0	0	0	0	0	1	0
MRTFA	ENSG00000196588	ENST00000466278	processed_transcript	0	0	0	7	0	0	0	0	0	0	0	0	4	0	3	0	0	0	0	0	0	0
MRTFA	ENSG00000196588	ENST00000477468	retained_intron	0	0	0	24	0	0	0	0	0	0	0	0	12	0	6	0	0	0	0	0	0	6
MRTFA	ENSG00000196588	ENST00000614754	protein_coding	1	0	1	24	0	0	0	0	0	0	0	0	25	1	0	1	0	0	0	0	0	0
MRTFA	ENSG00000196588	ENST00000620651	protein_coding	1	0	1	24	0	0	0	0	0	0	0	0	25	1	0	1	0	0	0	0	0	0
MRTFA	ENSG00000196588	ENST00000650658	retained_intron	0	0	0	7	0	0	0	0	0	0	0	0	4	0	3	0	0	0	0	0	0	0
MRTFA	ENSG00000196588	ENST00000651595	protein_coding	1	1	3	28	0	0	0	0	0	0	0	0	29	3	0	1	0	0	0	0	1	0
MRTFA	ENSG00000196588	ENST00000651694	protein_coding	0	0	0	2	0	0	0	0	0	0	2	0	0	0	0	0	0	0	0	0	0	0
MRTFA	ENSG00000196588	ENST00000652095	protein_coding	1	0	1	24	0	0	0	0	0	0	0	0	25	1	0	1	0	0	0	0	0	0
MTATP6P20	ENSG00000237948	ENST00000414147	processed_pseudogene	0	0	0	3	0	0	0	0	0	0	1	0	0	0	0	0	0	0	0	0	0	2
MTCO1P20	ENSG00000233764	ENST00000425366	processed_pseudogene	0	0	0	3	0	0	0	0	0	0	3	0	0	0	0	0	0	0	0	0	0	0
MTCO2P20	ENSG00000231576	ENST00000437339	processed_pseudogene	0	0	0	3	0	0	0	0	0	0	3	0	0	0	0	0	0	0	0	0	0	0
MTCO3P20	ENSG00000225557	ENST00000454926	processed_pseudogene	0	0	0	3	0	0	0	0	0	0	1	0	0	0	0	0	0	0	0	0	0	2
MTCYBP34	ENSG00000237129	ENST00000439552	processed_pseudogene	0	0	0	3	0	0	0	0	0	0	1	0	0	0	0	0	0	0	0	0	0	2
MTFP1	ENSG00000242114	ENST00000266263	protein_coding	0	0	0	1	0	0	0	0	0	0	0	0	0	0	0	0	0	0	0	0	0	1
MTFP1	ENSG00000242114	ENST00000355143	protein_coding	0	0	0	1	0	0	0	0	0	0	0	0	0	0	0	0	0	0	0	0	0	1
MTFP1	ENSG00000242114	ENST00000407550	protein_coding	0	0	0	1	0	0	0	0	0	0	0	0	0	0	0	0	0	0	0	0	0	1
MTFP1	ENSG00000242114	ENST00000412752	nonsense_mediated_decay	0	0	0	1	0	0	0	0	0	0	0	0	0	0	0	0	0	0	0	0	0	1
MTFP1	ENSG00000242114	ENST00000614920	retained_intron	0	0	0	1	0	0	0	0	0	0	0	0	0	0	0	0	0	0	0	0	0	1
MTFP1	ENSG00000242114	ENST00000629597	protein_coding	0	0	0	1	0	0	0	0	0	0	0	0	0	0	0	0	0	0	0	0	0	1
MTMR3	ENSG00000100330	ENST00000323630	protein_coding	0	0	0	126	0	0	0	0	0	0	0	0	120	0	0	0	0	0	0	0	0	6
MTMR3	ENSG00000100330	ENST00000333027	protein_coding	0	0	0	128	0	0	0	0	0	0	2	0	120	0	0	0	0	0	0	0	0	6
MTMR3	ENSG00000100330	ENST00000351488	protein_coding	0	0	0	126	0	0	0	0	0	0	0	0	120	0	0	0	0	0	0	0	0	6
MTMR3	ENSG00000100330	ENST00000401950	protein_coding	0	0	0	128	0	0	0	0	0	0	2	0	120	0	0	0	0	0	0	0	0	6
MTMR3	ENSG00000100330	ENST00000406629	protein_coding	0	0	0	9	0	0	0	0	0	0	0	0	4	0	0	0	0	0	0	0	0	5
MTMR3	ENSG00000100330	ENST00000415511	processed_transcript	0	0	0	124	0	0	0	0	0	0	0	0	118	0	0	0	0	0	0	0	0	6
MTMR3	ENSG00000100330	ENST00000445401	protein_coding	0	0	0	124	0	0	0	0	0	0	0	0	118	0	0	0	0	0	0	0	0	6
MTMR3	ENSG00000100330	ENST00000480776	retained_intron	0	0	0	2	0	0	0	0	0	0	0	0	0	0	0	0	0	0	0	0	0	2
MTMR3	ENSG00000100330	ENST00000487907	processed_transcript	0	0	0	2	0	0	0	0	0	0	0	0	0	0	0	0	0	0	0	0	0	2
MTMR3	ENSG00000100330	ENST00000495098	processed_transcript	0	0	0	124	0	0	0	0	0	0	0	0	118	0	0	0	0	0	0	0	0	6
MTND1P10	ENSG00000229088	ENST00000426108	processed_pseudogene	0	0	0	3	0	0	0	0	0	0	0	0	0	0	0	0	0	0	0	0	0	3
MYO18B	ENSG00000133454	ENST00000335473	protein_coding	0	0	0	49	0	0	0	0	0	0	0	0	49	0	0	0	0	0	0	0	0	0
MYO18B	ENSG00000133454	ENST00000407587	protein_coding	0	0	0	49	0	0	0	0	0	0	0	0	49	0	0	0	0	0	0	0	0	0
MYO18B	ENSG00000133454	ENST00000418374	retained_intron	0	0	0	2	0	0	0	0	0	0	0	0	2	0	0	0	0	0	0	0	0	0
MYO18B	ENSG00000133454	ENST00000536101	protein_coding	0	0	0	49	0	0	0	0	0	0	0	0	49	0	0	0	0	0	0	0	0	0
MYO18B	ENSG00000133454	ENST00000539302	nonsense_mediated_decay	0	0	0	2	0	0	0	0	0	0	0	0	2	0	0	0	0	0	0	0	0	0
MYO18B	ENSG00000133454	ENST00000539544	processed_transcript	0	0	0	1	0	0	0	0	0	0	0	0	1	0	0	0	0	0	0	0	0	0
MYO18B	ENSG00000133454	ENST00000543971	protein_coding	0	0	0	2	0	0	0	0	0	0	0	0	2	0	0	0	0	0	0	0	0	0
Metazoa_SRP	ENSG00000273846	ENST00000617743	misc_RNA	0	0	0	61	0	0	0	0	0	0	19	0	0	0	0	0	0	0	0	0	0	42
Metazoa_SRP	ENSG00000273866	ENST00000615981	misc_RNA	0	0	0	30	0	0	0	0	0	0	12	0	0	0	2	0	0	0	0	0	0	16
Metazoa_SRP	ENSG00000275362	ENST00000611762	misc_RNA	0	0	0	7	0	0	0	0	0	0	0	0	0	0	0	0	0	0	0	0	0	7
Metazoa_SRP	ENSG00000277385	ENST00000622344	misc_RNA	0	0	0	3	0	0	0	0	0	0	0	0	0	0	0	0	0	0	0	0	0	3
Metazoa_SRP	ENSG00000277950	ENST00000619837	misc_RNA	0	0	0	10	0	0	0	0	0	0	10	0	0	0	0	0	0	0	0	0	0	0
NAGA	ENSG00000198951	ENST00000396398	protein_coding	0	0	0	10	3	0	0	0	0	0	7	0	0	0	0	0	0	0	0	0	0	0
NAGA	ENSG00000198951	ENST00000402937	protein_coding	0	0	0	6	2	0	0	0	0	0	4	0	0	0	0	0	0	0	0	0	0	0
NAGA	ENSG00000198951	ENST00000403363	protein_coding	0	0	0	6	2	0	0	0	0	0	4	0	0	0	0	0	0	0	0	0	0	0
NCAPH2	ENSG00000025770	ENST00000299821	protein_coding	0	5	6	22	0	0	0	0	0	0	0	0	19	6	0	0	0	1	0	0	5	3
NCAPH2	ENSG00000025770	ENST00000395698	protein_coding	0	0	1	32	0	0	0	0	0	0	11	0	18	1	0	0	0	0	0	0	0	3
NCAPH2	ENSG00000025770	ENST00000395701	protein_coding	0	4	5	24	2	0	0	0	0	0	0	0	19	5	0	0	0	0	0	0	4	3
NCAPH2	ENSG00000025770	ENST00000418794	nonsense_mediated_decay	0	0	0	25	0	0	0	0	0	0	9	0	13	0	0	0	0	0	0	0	0	3
NCAPH2	ENSG00000025770	ENST00000420993	protein_coding	0	5	6	25	0	0	0	0	0	0	3	0	19	6	0	0	0	1	0	0	5	3
NCAPH2	ENSG00000025770	ENST00000518394	nonsense_mediated_decay	0	0	0	32	0	0	0	0	0	0	16	0	13	0	0	0	0	0	0	0	0	3
NCAPH2	ENSG00000025770	ENST00000520297	processed_transcript	0	0	0	25	0	0	0	0	0	0	8	0	1	0	2	0	0	0	0	0	0	14
NCAPH2	ENSG00000025770	ENST00000522048	retained_intron	0	0	0	21	0	0	0	0	0	0	8	0	1	0	2	0	0	0	0	0	0	10
NCAPH2	ENSG00000025770	ENST00000522304	protein_coding	0	5	3	9	0	0	0	0	0	0	0	0	0	3	0	0	0	1	0	0	5	9
NCAPH2	ENSG00000025770	ENST00000523045	protein_coding	0	0	3	30	0	0	0	0	0	0	9	0	18	3	0	0	0	0	0	0	0	3
NCF4	ENSG00000100365	ENST00000248899	protein_coding	0	0	0	8	0	0	0	0	0	0	0	0	8	0	0	0	0	0	0	0	0	0
NCF4	ENSG00000100365	ENST00000397147	protein_coding	0	0	0	8	0	0	0	0	0	0	0	0	8	0	0	0	0	0	0	0	0	0
NCF4	ENSG00000100365	ENST00000415063	processed_transcript	0	0	0	7	0	0	0	0	0	0	0	0	7	0	0	0	0	0	0	0	0	0
NCF4	ENSG00000100365	ENST00000447071	protein_coding	0	0	0	8	0	0	0	0	0	0	3	0	5	0	0	0	0	0	0	0	0	0
NCF4	ENSG00000100365	ENST00000650698	protein_coding	0	0	0	8	0	0	0	0	0	0	0	0	8	0	0	0	0	0	0	0	0	0
NCF4	ENSG00000100365	ENST00000650827	protein_coding	0	0	0	8	0	0	0	0	0	0	0	0	8	0	0	0	0	0	0	0	0	0
NCF4	ENSG00000100365	ENST00000651053	processed_transcript	0	0	0	8	0	0	0	0	0	0	0	0	8	0	0	0	0	0	0	0	0	0
NCF4-AS1	ENSG00000183822	ENST00000431290		0	0	0	5	0	0	0	0	0	0	0	0	1	0	0	0	0	0	0	0	0	4
NCF4-AS1	ENSG00000183822	ENST00000619915		0	0	0	5	0	0	0	0	0	0	0	0	1	0	0	0	0	0	0	0	0	4
NDUFA6	ENSG00000184983	ENST00000470753	protein_coding	0	0	0	1	0	0	0	0	0	0	1	0	0	0	0	0	0	0	0	0	0	0
NDUFA6	ENSG00000184983	ENST00000498737	protein_coding	0	0	0	9	0	0	0	0	0	0	1	0	0	0	0	0	0	0	0	0	0	8
NDUFA6	ENSG00000184983	ENST00000617763	protein_coding	0	0	0	9	0	0	0	0	0	0	1	0	0	0	0	0	0	0	0	0	0	8
NDUFA6-DT	ENSG00000237037	ENST00000417327		0	0	0	28	0	0	0	0	0	0	7	0	21	0	0	0	0	0	0	0	0	0
NDUFA6-DT	ENSG00000237037	ENST00000434834		0	0	0	28	0	0	0	0	0	0	7	0	21	0	0	0	0	0	0	0	0	0
NDUFA6-DT	ENSG00000237037	ENST00000439129		0	0	0	38	0	0	0	0	0	0	10	0	28	0	0	0	0	0	0	0	0	0
NDUFA6-DT	ENSG00000237037	ENST00000451451		0	0	0	8	0	0	0	0	0	0	7	0	0	0	0	0	0	0	0	0	0	1
NDUFA6-DT	ENSG00000237037	ENST00000536447		0	0	0	28	0	0	0	0	0	0	7	0	21	0	0	0	0	0	0	0	0	0
NDUFA6-DT	ENSG00000237037	ENST00000547929	retained_intron	0	0	0	13	0	0	0	0	0	0	7	0	1	0	0	0	0	0	0	0	0	5
NDUFA6-DT	ENSG00000237037	ENST00000595777		0	0	0	28	0	0	0	0	0	0	7	0	21	0	0	0	0	0	0	0	0	0
NDUFA6-DT	ENSG00000237037	ENST00000600968		0	0	0	28	0	0	0	0	0	0	7	0	21	0	0	0	0	0	0	0	0	0
NDUFA6-DT	ENSG00000237037	ENST00000608643	retained_intron	0	0	0	8	0	0	0	0	0	0	7	0	0	0	0	0	0	0	0	0	0	1
NDUFA6-DT	ENSG00000237037	ENST00000608974		0	0	0	8	0	0	0	0	0	0	8	0	0	0	0	0	0	0	0	0	0	0
NDUFA6-DT	ENSG00000237037	ENST00000609499	retained_intron	0	0	0	13	0	0	0	0	0	0	7	0	1	0	0	0	0	0	0	0	0	5
NDUFA6-DT	ENSG00000237037	ENST00000609833	retained_intron	0	0	0	13	0	0	0	0	0	0	7	0	1	0	0	0	0	0	0	0	0	5
NDUFA6-DT	ENSG00000237037	ENST00000610250		0	0	0	13	0	0	0	0	0	0	7	0	1	0	0	0	0	0	0	0	0	5
NDUFA6-DT	ENSG00000237037	ENST00000617009		0	0	0	9	0	0	0	0	0	0	5	0	0	0	0	0	0	0	0	0	0	4
NDUFA6-DT	ENSG00000237037	ENST00000617396		0	0	0	13	0	0	0	0	0	0	7	0	0	0	1	0	0	0	0	0	0	5
NDUFA6-DT	ENSG00000237037	ENST00000621190		0	0	0	14	0	0	0	0	0	0	10	0	0	0	0	0	0	0	0	0	0	4
NEFH	ENSG00000100285	ENST00000310624	protein_coding	1	0	4	1	0	0	0	1	0	0	1	1	0	3	0	0	0	0	0	0	0	0
NF2	ENSG00000186575	ENST00000334961	protein_coding	1	1	1	96	0	0	0	0	0	0	6	1	87	1	0	0	0	0	0	0	1	3
NF2	ENSG00000186575	ENST00000338641	protein_coding	1	0	1	121	13	0	0	0	0	0	0	1	105	1	0	0	0	0	0	0	0	3
NF2	ENSG00000186575	ENST00000353887	protein_coding	1	1	1	120	0	0	0	0	0	0	13	1	104	1	0	0	0	0	0	0	1	3
NF2	ENSG00000186575	ENST00000361166	protein_coding	1	0	1	82	3	0	0	0	0	0	10	1	67	1	0	0	0	0	0	0	0	2
NF2	ENSG00000186575	ENST00000361452	protein_coding	1	1	1	120	13	0	0	0	0	0	0	1	104	1	0	0	0	0	0	0	1	3
NF2	ENSG00000186575	ENST00000361676	protein_coding	1	1	1	120	0	0	0	0	0	0	13	1	104	1	0	0	0	0	0	0	1	3
NF2	ENSG00000186575	ENST00000397789	protein_coding	1	1	1	120	0	0	0	0	0	0	13	1	104	1	0	0	0	0	0	0	1	3
NF2	ENSG00000186575	ENST00000403435	protein_coding	1	1	1	96	0	0	0	0	0	0	6	1	87	1	0	0	0	0	0	0	1	3
NF2	ENSG00000186575	ENST00000403999	protein_coding	1	1	1	96	1	0	0	0	0	0	6	1	86	1	0	0	0	0	0	0	1	3
NF2	ENSG00000186575	ENST00000413209	protein_coding	0	0	0	123	13	0	0	0	0	0	0	0	107	0	0	0	0	0	0	0	0	3
NF2	ENSG00000186575	ENST00000432151	nonsense_mediated_decay	0	0	0	126	3	0	0	0	0	0	10	0	105	0	5	0	0	0	0	0	0	3
NF2	ENSG00000186575	ENST00000672461	nonsense_mediated_decay	0	0	0	127	4	0	0	0	0	0	0	0	113	0	7	0	0	0	0	0	0	3
NF2	ENSG00000186575	ENST00000672805	nonsense_mediated_decay	0	0	0	128	5	0	0	0	0	0	10	0	105	0	5	0	0	0	0	0	0	3
NF2	ENSG00000186575	ENST00000672896	protein_coding	1	1	1	120	13	0	0	0	0	0	0	1	104	1	0	0	0	0	0	0	1	3
NF2	ENSG00000186575	ENST00000673312	nonsense_mediated_decay	0	0	0	128	5	0	0	0	0	0	10	0	105	0	5	0	0	0	0	0	0	3
NFAM1	ENSG00000235568	ENST00000329021	protein_coding	0	0	0	50	4	0	0	0	0	0	3	0	43	0	0	0	0	0	0	0	0	0
NFAM1	ENSG00000235568	ENST00000355469	nonsense_mediated_decay	0	0	0	25	0	0	0	0	0	0	0	0	25	0	0	0	0	0	0	0	0	0
NOL12	ENSG00000273899	ENST00000359114	protein_coding	0	0	1	22	3	0	0	0	0	0	12	0	7	1	0	0	0	0	0	0	0	0
NOL12	ENSG00000273899	ENST00000438329	nonsense_mediated_decay	0	0	0	23	0	0	0	0	0	0	12	0	10	0	1	0	0	0	0	0	0	0
NOL12	ENSG00000273899	ENST00000468597	retained_intron	0	0	0	18	0	0	0	0	0	0	10	0	5	0	3	0	0	0	0	0	0	0
NOL12	ENSG00000273899	ENST00000474032	retained_intron	0	0	0	11	0	0	0	0	0	0	11	0	0	0	0	0	0	0	0	0	0	0
NOL12	ENSG00000273899	ENST00000484650	retained_intron	0	0	0	18	0	0	0	0	0	0	10	0	7	0	1	0	0	0	0	0	0	0
NOL12	ENSG00000273899	ENST00000493862	processed_transcript	0	0	0	28	0	0	0	0	0	0	12	0	10	0	1	0	0	0	0	0	0	5
NOL12	ENSG00000273899	ENST00000611699	protein_coding	0	0	1	22	0	0	0	0	0	0	12	0	10	1	0	0	0	0	0	0	0	0
NPTXR	ENSG00000221890	ENST00000333039	protein_coding	1	1	1	16	0	0	0	0	0	0	0	0	16	1	0	0	0	0	1	0	1	0
NUP50	ENSG00000093000	ENST00000347635	protein_coding	0	0	0	6	0	0	0	0	0	0	0	0	6	0	0	0	0	0	0	0	0	0
NUP50	ENSG00000093000	ENST00000396096	protein_coding	0	0	0	6	0	0	0	0	0	0	0	0	6	0	0	0	0	0	0	0	0	0
NUP50	ENSG00000093000	ENST00000407019	protein_coding	0	0	0	6	0	0	0	0	0	0	0	0	6	0	0	0	0	0	0	0	0	0
NUP50	ENSG00000093000	ENST00000419387	nonsense_mediated_decay	0	0	0	6	0	0	0	0	0	0	6	0	0	0	0	0	0	0	0	0	0	0
NUP50	ENSG00000093000	ENST00000422489	protein_coding	0	0	0	6	0	0	0	0	0	0	0	0	6	0	0	0	0	0	0	0	0	0
NUP50	ENSG00000093000	ENST00000430547	protein_coding	0	0	0	6	0	0	0	0	0	0	6	0	0	0	0	0	0	0	0	0	0	0
NUP50	ENSG00000093000	ENST00000469163	retained_intron	0	0	0	6	0	0	0	0	0	0	0	0	6	0	0	0	0	0	0	0	0	0
NUP50	ENSG00000093000	ENST00000486184	processed_transcript	0	0	0	6	0	0	0	0	0	0	6	0	0	0	0	0	0	0	0	0	0	0
NUP50	ENSG00000093000	ENST00000491860	processed_transcript	0	0	0	6	0	0	0	0	0	0	6	0	0	0	0	0	0	0	0	0	0	0
NUP50	ENSG00000093000	ENST00000493456	processed_transcript	0	0	0	6	0	0	0	0	0	0	0	0	6	0	0	0	0	0	0	0	0	0
NUP50-DT	ENSG00000226328	ENST00000426282		0	0	0	34	0	0	0	0	0	0	32	0	0	0	2	0	0	0	0	0	0	0
NUP50-DT	ENSG00000226328	ENST00000432502		0	0	0	28	0	0	0	0	0	0	28	0	0	0	0	0	0	0	0	0	0	0
NUP50-DT	ENSG00000226328	ENST00000609284		0	0	0	28	0	0	0	0	0	0	28	0	0	0	0	0	0	0	0	0	0	0
NUP50-DT	ENSG00000226328	ENST00000665704		0	0	0	28	0	0	0	0	0	0	28	0	0	0	0	0	0	0	0	0	0	0
ODF3B	ENSG00000177989	ENST00000329363	protein_coding	0	3	0	7	0	0	0	0	0	0	5	0	4	0	0	0	0	2	0	0	1	0
ODF3B	ENSG00000177989	ENST00000401779	protein_coding	0	2	1	7	0	0	0	0	0	0	5	0	4	1	0	0	0	2	0	0	0	0
ODF3B	ENSG00000177989	ENST00000403326	protein_coding	0	3	0	7	0	0	0	0	0	0	5	0	4	0	0	0	0	2	0	0	1	0
ODF3B	ENSG00000177989	ENST00000405135	protein_coding	0	2	1	7	0	0	0	0	0	0	5	0	4	1	0	0	0	2	0	0	0	0
ODF3B	ENSG00000177989	ENST00000428989	protein_coding	0	3	0	7	0	0	0	0	0	0	5	0	4	0	0	0	0	2	0	0	1	0
ODF3B	ENSG00000177989	ENST00000437588	protein_coding	0	0	0	10	0	0	0	0	0	0	10	0	0	0	0	0	0	0	0	0	0	0
ODF3B	ENSG00000177989	ENST00000463472	retained_intron	0	0	0	10	0	0	0	0	0	0	6	0	0	0	4	0	0	0	0	0	0	0
ODF3B	ENSG00000177989	ENST00000468249	retained_intron	0	2	0	8	0	0	0	0	0	0	3	0	4	0	3	0	0	2	0	0	0	0
ODF3B	ENSG00000177989	ENST00000469660	retained_intron	0	0	0	10	0	0	0	0	0	0	8	0	0	0	2	0	0	0	0	0	0	0
ODF3B	ENSG00000177989	ENST00000682240	protein_coding	0	3	0	7	0	0	0	0	0	0	5	0	4	0	0	0	0	2	0	0	1	0
OGFRP1	ENSG00000182057	ENST00000332965		0	0	0	34	0	0	0	0	0	0	2	0	15	0	12	0	0	0	0	0	0	5
OGFRP1	ENSG00000182057	ENST00000415205		0	0	0	32	0	0	0	0	0	0	2	0	20	0	6	0	0	0	0	0	0	4
OGFRP1	ENSG00000182057	ENST00000420096		0	0	0	27	0	0	0	0	0	0	2	0	0	0	6	0	0	0	0	0	0	19
OGFRP1	ENSG00000182057	ENST00000446578		0	0	0	31	0	0	0	0	0	0	6	0	18	0	2	0	0	0	0	0	0	5
OGFRP1	ENSG00000182057	ENST00000609564		0	0	0	36	0	0	0	0	0	0	2	0	20	0	7	0	0	0	0	0	0	7
OLA1P1	ENSG00000213790	ENST00000396387	processed_pseudogene	0	0	0	2	0	0	0	0	0	0	0	0	0	0	0	0	0	0	0	0	0	2
OSBP2	ENSG00000184792	ENST00000332585	protein_coding	0	4	3	289	0	0	0	0	0	0	0	0	280	3	0	0	0	0	0	0	4	9
OSBP2	ENSG00000184792	ENST00000401475	protein_coding	0	1	2	227	0	0	0	0	0	0	0	0	219	2	0	0	0	0	0	0	1	8
OSBP2	ENSG00000184792	ENST00000403222	protein_coding	0	1	2	294	0	0	0	0	0	0	0	0	284	2	0	0	0	0	0	0	1	10
OSBP2	ENSG00000184792	ENST00000407373	protein_coding	0	1	2	294	0	0	0	0	0	0	0	0	284	2	0	0	0	0	0	0	1	10
OSBP2	ENSG00000184792	ENST00000424224	protein_coding	0	0	1	127	0	0	4	0	0	0	24	0	97	1	0	0	0	0	0	0	0	2
OSBP2	ENSG00000184792	ENST00000431368	protein_coding	0	1	2	44	0	0	0	0	0	0	0	0	44	2	0	0	0	0	0	0	1	0
OSBP2	ENSG00000184792	ENST00000433183	protein_coding	0	0	0	31	0	0	0	0	0	0	0	0	0	0	0	0	0	0	0	0	0	31
OSBP2	ENSG00000184792	ENST00000437268	protein_coding	0	2	2	109	0	0	0	0	0	0	0	0	108	2	0	0	0	0	0	0	2	1
OSBP2	ENSG00000184792	ENST00000438716	protein_coding	0	1	2	296	0	0	0	0	0	0	0	0	284	2	0	0	0	0	0	0	1	12
OSBP2	ENSG00000184792	ENST00000445781	protein_coding	0	0	0	222	0	0	0	0	0	0	35	0	179	0	0	0	0	0	0	0	0	8
OSBP2	ENSG00000184792	ENST00000446658	protein_coding	0	4	3	289	0	0	0	0	0	0	0	0	280	3	0	0	0	0	0	0	4	9
OSBP2	ENSG00000184792	ENST00000452656	protein_coding	0	1	2	44	0	0	0	0	0	0	0	0	40	2	0	0	0	0	0	0	1	4
OSBP2	ENSG00000184792	ENST00000453621	protein_coding	0	1	2	36	0	0	0	0	0	0	0	0	36	2	0	0	0	0	0	0	1	0
OSBP2	ENSG00000184792	ENST00000454145	protein_coding	0	0	1	38	0	0	0	0	0	0	24	0	14	1	0	0	0	0	0	0	0	0
OSBP2	ENSG00000184792	ENST00000464341	processed_transcript	0	0	0	140	0	0	0	0	0	0	0	0	132	0	0	0	0	0	0	0	0	8
OSBP2	ENSG00000184792	ENST00000477355	processed_transcript	0	0	0	183	0	0	0	0	0	0	0	0	175	0	0	0	0	0	0	0	0	8
OSBP2	ENSG00000184792	ENST00000496367	processed_transcript	0	0	0	171	0	0	0	0	0	0	0	0	140	0	0	0	0	0	0	0	0	31
OSBP2	ENSG00000184792	ENST00000496575	processed_transcript	0	0	0	39	0	0	0	0	0	0	0	0	16	0	0	0	0	0	0	0	0	23
OSBP2	ENSG00000184792	ENST00000535268	protein_coding	0	1	1	45	0	0	1	0	0	0	0	0	44	1	0	0	0	0	0	0	1	0
PACSIN2	ENSG00000100266	ENST00000263246	protein_coding	0	1	2	80	0	1	4	0	0	0	0	0	68	2	0	0	0	0	0	0	0	8
PACSIN2	ENSG00000100266	ENST00000337959	protein_coding	0	1	2	21	0	1	4	0	0	0	0	0	13	2	0	0	0	0	0	0	0	4
PACSIN2	ENSG00000100266	ENST00000402229	protein_coding	0	1	2	32	0	1	4	0	0	0	0	0	24	2	0	0	0	0	0	0	0	4
PACSIN2	ENSG00000100266	ENST00000403744	protein_coding	0	1	2	21	0	1	4	0	0	0	0	0	13	2	0	0	0	0	0	0	0	4
PACSIN2	ENSG00000100266	ENST00000407585	protein_coding	0	1	2	32	0	1	4	0	0	0	0	0	24	2	0	0	0	0	0	0	0	4
PACSIN2	ENSG00000100266	ENST00000418133	protein_coding	0	1	2	21	0	1	4	0	0	0	0	0	13	2	0	0	0	0	0	0	0	4
PACSIN2	ENSG00000100266	ENST00000422336	protein_coding	0	1	2	68	0	1	4	0	0	0	0	0	64	2	0	0	0	0	0	0	0	0
PACSIN2	ENSG00000100266	ENST00000445706	processed_transcript	0	0	0	82	0	0	0	0	0	0	0	0	68	0	6	0	0	0	0	0	0	8
PACSIN2	ENSG00000100266	ENST00000453079	protein_coding	0	1	2	32	0	1	4	0	0	0	0	0	24	2	0	0	0	0	0	0	0	4
PACSIN2	ENSG00000100266	ENST00000453643	protein_coding	0	1	2	80	0	1	4	0	0	0	0	0	68	2	0	0	0	0	0	0	0	8
PACSIN2	ENSG00000100266	ENST00000634914	protein_coding	0	1	2	17	0	1	4	0	0	0	0	0	10	2	0	0	0	0	0	0	0	3
PANX2	ENSG00000073150	ENST00000159647	protein_coding	0	0	2	28	0	0	0	0	0	0	3	0	3	2	0	0	0	0	0	0	0	22
PANX2	ENSG00000073150	ENST00000395842	protein_coding	0	0	2	28	0	0	0	0	0	0	3	0	3	2	0	0	0	0	0	0	0	22
PANX2	ENSG00000073150	ENST00000402472	nonsense_mediated_decay	0	0	0	30	0	0	0	0	0	0	3	0	3	0	1	0	0	0	0	0	0	23
PARVB	ENSG00000188677	ENST00000338758	protein_coding	0	0	0	91	2	0	0	0	0	0	0	0	78	0	0	0	0	0	0	0	0	11
PARVB	ENSG00000188677	ENST00000402876	processed_transcript	0	0	0	74	0	0	0	0	0	0	0	0	63	0	0	0	0	0	0	0	0	11
PARVB	ENSG00000188677	ENST00000404989	protein_coding	0	0	0	52	2	0	0	0	0	0	0	0	43	0	0	0	0	0	0	0	0	7
PARVB	ENSG00000188677	ENST00000406477	protein_coding	0	0	0	98	0	0	0	0	0	0	2	0	94	0	0	0	0	0	0	0	0	2
PARVB	ENSG00000188677	ENST00000444029	protein_coding	0	0	0	70	0	0	0	0	0	0	0	0	46	0	0	0	0	0	0	0	0	24
PARVB	ENSG00000188677	ENST00000477438	processed_transcript	0	0	0	2	0	0	0	0	0	0	2	0	0	0	0	0	0	0	0	0	0	0
PARVB	ENSG00000188677	ENST00000477795	processed_transcript	0	0	0	9	0	0	0	0	0	0	0	0	0	0	0	0	0	0	0	0	0	9
PARVB	ENSG00000188677	ENST00000484345	processed_transcript	0	0	0	7	0	0	0	0	0	0	2	0	0	0	0	0	0	0	0	0	0	5
PARVB	ENSG00000188677	ENST00000495824	processed_transcript	0	0	0	4	0	0	0	0	0	0	0	0	0	0	0	0	0	0	0	0	0	4
PARVB	ENSG00000188677	ENST00000619710	protein_coding	0	0	0	91	2	0	0	0	0	0	0	0	78	0	0	0	0	0	0	0	0	11
PARVG	ENSG00000138964	ENST00000356909	nonsense_mediated_decay	0	0	0	6	0	0	0	0	0	0	0	0	0	0	0	0	0	0	0	0	0	6
PARVG	ENSG00000138964	ENST00000415224	protein_coding	0	0	0	6	0	0	0	0	0	0	0	0	0	0	0	0	0	0	0	0	0	6
PARVG	ENSG00000138964	ENST00000416291	protein_coding	0	0	0	6	0	0	0	0	0	0	0	0	0	0	0	0	0	0	0	0	0	6
PARVG	ENSG00000138964	ENST00000417767	protein_coding	0	0	0	6	0	0	0	0	0	0	0	0	0	0	0	0	0	0	0	0	0	6
PARVG	ENSG00000138964	ENST00000422871	protein_coding	0	0	0	8	0	0	0	0	0	0	0	0	6	0	0	0	0	0	0	0	0	2
PARVG	ENSG00000138964	ENST00000444313	protein_coding	0	0	0	6	0	0	0	0	0	0	0	0	0	0	0	0	0	0	0	0	0	6
PARVG	ENSG00000138964	ENST00000453888	processed_transcript	0	0	0	8	0	0	0	0	0	0	0	0	6	0	0	0	0	0	0	0	0	2
PARVG	ENSG00000138964	ENST00000466375	protein_coding	0	0	0	6	0	0	0	0	0	0	0	0	0	0	0	0	0	0	0	0	0	6
PARVG	ENSG00000138964	ENST00000471836	retained_intron	0	0	0	6	0	0	0	0	0	0	0	0	0	0	0	0	0	0	0	0	0	6
PARVG	ENSG00000138964	ENST00000472551	processed_transcript	0	0	0	3	0	0	0	0	0	0	3	0	0	0	0	0	0	0	0	0	0	0
PARVG	ENSG00000138964	ENST00000475485	retained_intron	0	0	0	6	0	0	0	0	0	0	0	0	0	0	0	0	0	0	0	0	0	6
PATZ1	ENSG00000100105	ENST00000215919	protein_coding	0	0	0	27	0	0	0	0	0	0	18	0	5	0	0	0	0	0	0	0	0	4
PATZ1	ENSG00000100105	ENST00000266269	protein_coding	0	1	2	61	0	0	3	0	0	0	4	0	54	2	0	0	0	1	0	0	0	1
PATZ1	ENSG00000100105	ENST00000351933	protein_coding	0	0	1	63	0	0	2	0	0	0	4	0	55	1	0	0	0	0	0	0	0	2
PATZ1	ENSG00000100105	ENST00000405309	protein_coding	0	0	2	62	0	0	2	0	0	0	4	0	54	2	0	0	0	0	0	0	0	2
PATZ1	ENSG00000100105	ENST00000465287	retained_intron	0	0	0	27	0	0	0	0	0	0	18	0	5	0	0	0	0	0	0	0	0	4
PATZ1	ENSG00000100105	ENST00000494109	retained_intron	0	0	0	46	0	0	0	0	0	0	18	0	22	0	2	0	0	0	0	0	0	4
PDGFB	ENSG00000100311	ENST00000331163	protein_coding	0	0	0	24	6	0	0	0	0	0	18	0	0	0	0	0	0	0	0	0	0	0
PDGFB	ENSG00000100311	ENST00000381551	protein_coding	0	0	0	16	0	0	0	0	0	0	16	0	0	0	0	0	0	0	0	0	0	0
PDXP-DT	ENSG00000233360	ENST00000456099		0	0	0	7	0	0	0	0	0	0	7	0	0	0	0	0	0	0	0	0	0	0
PES1	ENSG00000100029	ENST00000335214	protein_coding	0	0	0	3	0	0	0	0	0	0	3	0	0	0	0	0	0	0	0	0	0	0
PES1	ENSG00000100029	ENST00000354694	protein_coding	0	0	0	3	0	0	0	0	0	0	3	0	0	0	0	0	0	0	0	0	0	0
PES1	ENSG00000100029	ENST00000402281	protein_coding	0	0	0	3	0	0	0	0	0	0	3	0	0	0	0	0	0	0	0	0	0	0
PES1	ENSG00000100029	ENST00000402284	protein_coding	0	0	0	3	0	0	0	0	0	0	3	0	0	0	0	0	0	0	0	0	0	0
PES1	ENSG00000100029	ENST00000405677	protein_coding	0	0	0	3	0	0	0	0	0	0	3	0	0	0	0	0	0	0	0	0	0	0
PES1	ENSG00000100029	ENST00000441668	protein_coding	0	0	0	3	0	0	0	0	0	0	3	0	0	0	0	0	0	0	0	0	0	0
PES1	ENSG00000100029	ENST00000488719	retained_intron	0	0	0	3	0	0	0	0	0	0	3	0	0	0	0	0	0	0	0	0	0	0
PEX26	ENSG00000215193	ENST00000329627	protein_coding	0	0	0	29	5	0	0	0	0	0	0	0	13	0	0	0	0	0	0	0	0	11
PEX26	ENSG00000215193	ENST00000399744	protein_coding	0	0	0	28	5	0	0	0	0	0	0	0	13	0	0	0	0	0	0	0	0	10
PEX26	ENSG00000215193	ENST00000428061	protein_coding	0	0	0	18	0	0	0	0	0	0	0	0	13	0	0	0	0	0	0	0	0	5
PHETA2	ENSG00000177096	ENST00000321753	protein_coding	0	0	0	5	1	0	0	0	0	0	0	0	4	0	0	0	0	0	0	0	0	0
PHETA2	ENSG00000177096	ENST00000419475	protein_coding	0	0	0	5	0	0	0	0	0	0	1	0	4	0	0	0	0	0	0	0	0	0
PHF21B	ENSG00000056487	ENST00000313237	protein_coding	0	0	0	4	0	0	0	0	0	0	0	0	4	0	0	0	0	0	0	0	0	0
PHF21B	ENSG00000056487	ENST00000396103	protein_coding	0	0	0	4	0	0	0	0	0	0	0	0	4	0	0	0	0	0	0	0	0	0
PHF21B	ENSG00000056487	ENST00000403565	protein_coding	0	0	0	4	0	0	0	0	0	0	0	0	4	0	0	0	0	0	0	0	0	0
PHF21B	ENSG00000056487	ENST00000414269	protein_coding	0	0	0	4	0	0	0	0	0	0	0	0	4	0	0	0	0	0	0	0	0	0
PHF21B	ENSG00000056487	ENST00000629843	protein_coding	0	0	0	4	0	0	0	0	0	0	0	0	4	0	0	0	0	0	0	0	0	0
PI4KA	ENSG00000241973	ENST00000255882	protein_coding	0	0	0	105	0	0	0	0	0	0	0	0	103	0	0	0	0	0	0	0	0	2
PI4KA	ENSG00000241973	ENST00000449120	protein_coding	0	0	0	10	0	0	0	0	0	0	3	0	5	0	0	0	0	0	0	0	0	2
PI4KA	ENSG00000241973	ENST00000466162	processed_transcript	0	0	0	85	0	0	0	0	0	0	3	0	74	0	0	0	0	0	0	0	0	8
PI4KA	ENSG00000241973	ENST00000475414	retained_intron	0	0	0	11	0	0	0	0	0	0	0	0	3	0	0	0	0	0	0	0	0	8
PI4KA	ENSG00000241973	ENST00000484220	retained_intron	0	0	0	82	0	0	0	0	0	0	22	0	44	0	0	0	0	0	0	0	0	16
PI4KA	ENSG00000241973	ENST00000485950	retained_intron	0	0	0	16	0	0	0	0	0	0	8	0	8	0	0	0	0	0	0	0	0	0
PI4KA	ENSG00000241973	ENST00000485963	retained_intron	0	0	0	28	0	0	0	0	0	0	8	0	18	0	0	0	0	0	0	0	0	2
PI4KAP1	ENSG00000274602	ENST00000611748	processed_transcript	0	0	0	17	0	0	0	0	0	0	0	0	17	0	0	0	0	0	0	0	0	0
PI4KAP1	ENSG00000274602	ENST00000612500	processed_transcript	0	0	0	17	0	0	0	0	0	0	0	0	17	0	0	0	0	0	0	0	0	0
PICK1	ENSG00000100151	ENST00000356976	protein_coding	1	2	1	20	2	0	0	0	0	0	1	1	17	1	0	0	0	0	0	0	2	0
PICK1	ENSG00000100151	ENST00000404072	protein_coding	1	2	1	20	2	0	0	0	0	0	1	1	17	1	0	0	0	0	0	0	2	0
PICK1	ENSG00000100151	ENST00000424694	protein_coding	1	2	1	20	0	0	0	0	0	0	11	1	9	1	0	0	0	0	0	0	2	0
PICK1	ENSG00000100151	ENST00000426258	nonsense_mediated_decay	0	0	0	24	0	0	0	0	0	0	16	0	8	0	0	0	0	0	0	0	0	0
PICK1	ENSG00000100151	ENST00000432756	nonsense_mediated_decay	0	0	0	25	1	0	0	0	0	0	15	0	8	0	1	0	0	0	0	0	0	0
PICK1	ENSG00000100151	ENST00000435166	protein_coding	0	0	0	16	0	0	0	0	0	0	8	0	8	0	0	0	0	0	0	0	0	0
PICK1	ENSG00000100151	ENST00000437453	protein_coding	0	0	0	16	0	0	0	0	0	0	8	0	8	0	0	0	0	0	0	0	0	0
PICK1	ENSG00000100151	ENST00000445628	protein_coding	0	0	0	19	0	0	0	0	0	0	8	0	0	0	0	0	0	0	0	0	0	11
PICK1	ENSG00000100151	ENST00000466374	retained_intron	0	0	0	16	0	0	0	0	0	0	8	0	8	0	0	0	0	0	0	0	0	0
PICK1	ENSG00000100151	ENST00000468288	processed_transcript	0	0	0	24	0	0	0	0	0	0	16	0	8	0	0	0	0	0	0	0	0	0
PICK1	ENSG00000100151	ENST00000469819	retained_intron	0	0	0	8	0	0	0	0	0	0	0	0	8	0	0	0	0	0	0	0	0	0
PICK1	ENSG00000100151	ENST00000472724	retained_intron	0	0	0	24	0	0	0	0	0	0	11	0	0	0	5	0	0	0	0	0	0	8
PICK1	ENSG00000100151	ENST00000476157	retained_intron	0	0	0	8	0	0	0	0	0	0	8	0	0	0	0	0	0	0	0	0	0	0
PICK1	ENSG00000100151	ENST00000484021	retained_intron	0	0	0	24	0	0	0	0	0	0	1	0	17	0	6	0	0	0	0	0	0	0
PICK1	ENSG00000100151	ENST00000494434	retained_intron	0	0	0	16	0	0	0	0	0	0	11	0	1	0	4	0	0	0	0	0	0	0
PIK3IP1	ENSG00000100100	ENST00000215912	protein_coding	0	2	3	31	0	0	0	0	0	0	0	0	31	3	0	0	0	0	0	0	2	0
PIK3IP1	ENSG00000100100	ENST00000402249	protein_coding	0	3	4	21	4	0	0	0	0	0	13	0	4	4	0	0	0	0	0	0	3	0
PIK3IP1	ENSG00000100100	ENST00000441972	protein_coding	0	2	3	31	0	0	0	0	0	0	0	0	31	3	0	0	0	0	0	0	2	0
PIK3IP1	ENSG00000100100	ENST00000443175	protein_coding	0	0	0	26	0	0	0	0	0	0	23	0	3	0	0	0	0	0	0	0	0	0
PIK3IP1	ENSG00000100100	ENST00000480654	retained_intron	0	0	0	36	0	0	0	0	0	0	0	0	28	0	8	0	0	0	0	0	0	0
PIK3IP1	ENSG00000100100	ENST00000493034	retained_intron	0	0	0	36	0	0	0	0	0	0	0	0	31	0	5	0	0	0	0	0	0	0
PIK3IP1-DT	ENSG00000228839	ENST00000440456		0	0	0	79	0	0	0	0	0	0	11	0	51	0	2	0	0	0	0	0	0	15
PIK3IP1-DT	ENSG00000228839	ENST00000451161		0	0	0	42	0	0	0	0	0	0	11	0	11	0	2	0	0	0	0	0	0	18
PISD	ENSG00000241878	ENST00000266095	protein_coding	0	3	1	0	0	0	0	0	0	0	0	0	0	1	0	0	0	0	0	0	3	0
PISD	ENSG00000241878	ENST00000382151	protein_coding	0	3	1	0	0	0	0	0	0	0	0	0	0	1	0	0	0	0	0	0	3	0
PISD	ENSG00000241878	ENST00000397500	protein_coding	0	3	1	0	0	0	0	0	0	0	0	0	0	1	0	0	0	0	0	0	3	0
PISD	ENSG00000241878	ENST00000422020	protein_coding	0	3	1	0	0	0	0	0	0	0	0	0	0	1	0	0	0	0	0	0	3	0
PISD	ENSG00000241878	ENST00000429683	protein_coding	0	0	0	4	0	0	0	0	0	0	4	0	0	0	0	0	0	0	0	0	0	0
PISD	ENSG00000241878	ENST00000431201	protein_coding	0	0	0	4	0	0	0	0	0	0	4	0	0	0	0	0	0	0	0	0	0	0
PISD	ENSG00000241878	ENST00000435900	protein_coding	0	3	1	30	0	0	0	0	0	0	0	0	16	1	0	0	0	0	0	0	3	14
PISD	ENSG00000241878	ENST00000437808	nonsense_mediated_decay	0	0	0	38	4	0	0	0	0	0	0	0	16	0	4	0	0	0	0	0	0	14
PISD	ENSG00000241878	ENST00000439502	protein_coding	0	3	1	30	0	0	0	0	0	0	0	0	16	1	0	0	0	0	0	0	3	14
PISD	ENSG00000241878	ENST00000442379	protein_coding	0	0	0	4	0	0	0	0	0	0	4	0	0	0	0	0	0	0	0	0	0	0
PISD	ENSG00000241878	ENST00000460723	retained_intron	0	0	0	34	0	0	0	0	0	0	0	0	16	0	4	0	0	0	0	0	0	14
PISD	ENSG00000241878	ENST00000473770	retained_intron	0	0	0	4	0	0	0	0	0	0	0	0	0	0	4	0	0	0	0	0	0	0
PISD	ENSG00000241878	ENST00000474017	retained_intron	0	0	0	34	0	0	0	0	0	0	0	0	16	0	4	0	0	0	0	0	0	14
PISD	ENSG00000241878	ENST00000478893	processed_transcript	0	0	0	4	0	0	0	0	0	0	0	0	0	0	4	0	0	0	0	0	0	0
PISD	ENSG00000241878	ENST00000479851	processed_transcript	0	0	0	4	0	0	0	0	0	0	4	0	0	0	0	0	0	0	0	0	0	0
PISD	ENSG00000241878	ENST00000486675	processed_transcript	0	0	0	4	0	0	0	0	0	0	4	0	0	0	0	0	0	0	0	0	0	0
PISD	ENSG00000241878	ENST00000491342	processed_transcript	0	0	0	4	0	0	0	0	0	0	0	0	0	0	4	0	0	0	0	0	0	0
PIWIL3	ENSG00000184571	ENST00000332271	protein_coding	0	0	0	57	0	0	0	0	0	0	24	0	33	0	0	0	0	0	0	0	0	0
PIWIL3	ENSG00000184571	ENST00000527701	nonsense_mediated_decay	0	0	0	57	0	0	0	0	0	0	24	0	33	0	0	0	0	0	0	0	0	0
PIWIL3	ENSG00000184571	ENST00000533313	nonsense_mediated_decay	0	0	0	57	0	0	0	0	0	0	24	0	33	0	0	0	0	0	0	0	0	0
PIWIL3	ENSG00000184571	ENST00000616349	protein_coding	0	0	0	57	0	0	0	0	0	0	24	0	33	0	0	0	0	0	0	0	0	0
PLA2G3	ENSG00000100078	ENST00000215885	protein_coding	0	0	0	1	0	0	0	0	0	0	0	0	1	0	0	0	0	0	0	0	0	0
PLA2G6	ENSG00000184381	ENST00000332509	protein_coding	0	1	1	144	4	0	0	0	0	0	7	0	133	1	0	0	0	0	0	0	1	0
PLA2G6	ENSG00000184381	ENST00000335539	protein_coding	0	1	1	144	4	0	0	0	0	0	7	0	133	1	0	0	0	0	0	0	1	0
PLA2G6	ENSG00000184381	ENST00000402064	protein_coding	0	1	1	144	4	0	0	0	0	0	7	0	133	1	0	0	0	0	0	0	1	0
PLA2G6	ENSG00000184381	ENST00000417303	processed_transcript	0	0	0	59	0	0	0	0	0	0	6	0	53	0	0	0	0	0	0	0	0	0
PLA2G6	ENSG00000184381	ENST00000420435	processed_transcript	0	0	0	54	0	0	0	0	0	0	1	0	53	0	0	0	0	0	0	0	0	0
PLA2G6	ENSG00000184381	ENST00000426674	processed_transcript	0	0	0	54	0	0	0	0	0	0	1	0	53	0	0	0	0	0	0	0	0	0
PLA2G6	ENSG00000184381	ENST00000427114	protein_coding	0	1	1	137	0	0	0	0	0	0	4	0	129	1	0	0	0	0	0	0	1	4
PLA2G6	ENSG00000184381	ENST00000427453	processed_transcript	0	0	0	30	0	0	0	0	0	0	1	0	23	0	0	0	0	0	0	0	0	6
PLA2G6	ENSG00000184381	ENST00000430886	protein_coding	0	0	0	61	0	0	0	0	0	0	2	0	59	0	0	0	0	0	0	0	0	0
PLA2G6	ENSG00000184381	ENST00000435484	processed_transcript	0	0	0	59	0	0	0	0	0	0	6	0	53	0	0	0	0	0	0	0	0	0
PLA2G6	ENSG00000184381	ENST00000436218	nonsense_mediated_decay	0	0	0	147	2	0	0	0	0	0	10	0	133	0	2	0	0	0	0	0	0	0
PLA2G6	ENSG00000184381	ENST00000445591	processed_transcript	0	0	0	58	0	0	0	0	0	0	6	0	34	0	0	0	0	0	0	0	0	18
PLA2G6	ENSG00000184381	ENST00000447598	processed_transcript	0	0	0	59	0	0	0	0	0	0	6	0	53	0	0	0	0	0	0	0	0	0
PLA2G6	ENSG00000184381	ENST00000448094	nonsense_mediated_decay	0	0	0	82	2	0	0	0	0	0	4	0	72	0	2	0	0	0	0	0	0	2
PLA2G6	ENSG00000184381	ENST00000452542	protein_coding	0	0	0	31	0	0	0	0	0	0	1	0	29	0	0	0	0	0	0	0	0	1
PLA2G6	ENSG00000184381	ENST00000452794	retained_intron	0	0	0	32	0	0	0	0	0	0	8	0	22	0	0	0	0	0	0	0	0	2
PLA2G6	ENSG00000184381	ENST00000452972	processed_transcript	0	0	0	59	0	0	0	0	0	0	6	0	49	0	0	0	0	0	0	0	0	4
PLA2G6	ENSG00000184381	ENST00000454670	nonsense_mediated_decay	0	0	0	78	0	0	0	0	0	0	4	0	50	0	2	0	0	0	0	0	0	22
PLA2G6	ENSG00000184381	ENST00000455341	protein_coding	0	0	0	59	0	0	0	0	0	0	6	0	53	0	0	0	0	0	0	0	0	0
PLA2G6	ENSG00000184381	ENST00000463287	retained_intron	0	0	0	10	0	0	0	0	0	0	9	0	0	0	1	0	0	0	0	0	0	0
PLA2G6	ENSG00000184381	ENST00000471636	retained_intron	0	0	0	102	0	0	0	0	0	0	19	0	83	0	0	0	0	0	0	0	0	0
PLA2G6	ENSG00000184381	ENST00000479641	processed_transcript	0	0	0	61	0	0	0	0	0	0	2	0	55	0	0	0	0	0	0	0	0	4
PLA2G6	ENSG00000184381	ENST00000480154	retained_intron	0	0	0	22	0	0	0	0	0	0	0	0	1	0	0	0	0	0	0	0	0	21
PLA2G6	ENSG00000184381	ENST00000490473	processed_transcript	0	0	0	74	0	0	0	0	0	0	52	0	0	0	0	0	0	0	0	0	0	22
PLA2G6	ENSG00000184381	ENST00000491986	retained_intron	0	0	0	74	0	0	0	0	0	0	20	0	30	0	2	0	0	0	0	0	0	22
PLA2G6	ENSG00000184381	ENST00000496409	retained_intron	0	0	0	62	0	0	0	0	0	0	10	0	20	0	8	0	0	0	0	0	0	24
PLA2G6	ENSG00000184381	ENST00000498338	protein_coding	0	0	0	30	0	0	0	0	0	0	21	0	8	0	0	0	0	0	0	0	0	1
PLA2G6	ENSG00000184381	ENST00000594306	protein_coding	0	0	0	46	0	0	0	0	0	0	16	0	16	0	0	0	0	0	0	0	0	14
PLA2G6	ENSG00000184381	ENST00000655142	nonsense_mediated_decay	0	0	0	151	6	0	0	0	0	0	6	0	133	0	6	0	0	0	0	0	0	0
PLA2G6	ENSG00000184381	ENST00000660610	protein_coding	0	1	1	217	4	0	0	0	0	0	6	0	190	1	0	0	0	0	0	0	1	17
PLA2G6	ENSG00000184381	ENST00000663895	protein_coding	0	1	1	144	4	0	0	0	0	0	7	0	133	1	0	0	0	0	0	0	1	0
PLA2G6	ENSG00000184381	ENST00000664587	protein_coding	0	1	1	143	4	0	0	0	0	0	6	0	133	1	0	0	0	0	0	0	1	0
PLA2G6	ENSG00000184381	ENST00000665987	nonsense_mediated_decay	0	0	0	148	3	0	0	0	0	0	9	0	133	0	3	0	0	0	0	0	0	0
PLA2G6	ENSG00000184381	ENST00000667521	protein_coding	0	1	1	143	1	0	0	0	0	0	9	0	133	1	0	0	0	0	0	0	1	0
PLA2G6	ENSG00000184381	ENST00000668208	processed_transcript	0	0	0	135	0	0	0	0	0	0	0	0	118	0	17	0	0	0	0	0	0	0
PLA2G6	ENSG00000184381	ENST00000668499	nonsense_mediated_decay	0	0	0	151	6	0	0	0	0	0	6	0	133	0	6	0	0	0	0	0	0	0
PLA2G6	ENSG00000184381	ENST00000668949	protein_coding	0	1	1	143	1	0	0	0	0	0	9	0	133	1	0	0	0	0	0	0	1	0
PLA2G6	ENSG00000184381	ENST00000671093	processed_transcript	0	0	0	145	0	0	0	0	0	0	9	0	129	0	3	0	0	0	0	0	0	4
PLA2G6	ENSG00000184381	ENST00000673413	nonsense_mediated_decay	0	0	0	148	3	0	0	0	0	0	9	0	133	0	3	0	0	0	0	0	0	0
PLXNB2	ENSG00000196576	ENST00000359337	protein_coding	2	12	19	99	0	0	0	0	0	0	0	0	100	19	0	0	1	2	1	0	10	2
PLXNB2	ENSG00000196576	ENST00000411680	protein_coding	0	3	7	64	0	0	0	0	0	0	15	0	50	7	0	0	0	1	0	0	2	0
PLXNB2	ENSG00000196576	ENST00000425954	protein_coding	0	0	0	58	0	0	0	0	0	0	0	0	56	0	0	0	0	0	0	0	0	2
PLXNB2	ENSG00000196576	ENST00000427829	protein_coding	0	0	0	74	0	0	0	0	0	0	74	0	0	0	0	0	0	0	0	0	0	0
PLXNB2	ENSG00000196576	ENST00000432455	protein_coding	0	0	0	47	0	0	1	0	0	0	0	0	15	0	0	0	0	0	0	0	0	31
PLXNB2	ENSG00000196576	ENST00000434732	protein_coding	0	0	0	31	0	0	0	0	0	0	31	0	0	0	0	0	0	0	0	0	0	0
PLXNB2	ENSG00000196576	ENST00000449103	protein_coding	2	12	19	99	0	0	0	0	0	0	0	0	100	19	0	0	1	2	1	0	10	2
PLXNB2	ENSG00000196576	ENST00000463165	retained_intron	1	2	0	71	0	0	0	0	0	0	0	0	44	0	30	0	1	2	0	0	0	0
PLXNB2	ENSG00000196576	ENST00000479701	retained_intron	1	2	0	71	0	0	0	0	0	0	0	0	44	0	30	0	1	2	0	0	0	0
PLXNB2	ENSG00000196576	ENST00000479818	retained_intron	0	0	0	74	0	0	0	0	0	0	0	0	17	0	17	0	0	0	0	0	0	40
PLXNB2	ENSG00000196576	ENST00000492578	retained_intron	0	0	0	74	0	0	0	0	0	0	74	0	0	0	0	0	0	0	0	0	0	0
PLXNB2	ENSG00000196576	ENST00000496720	processed_transcript	0	0	0	54	0	0	0	0	0	0	54	0	0	0	0	0	0	0	0	0	0	0
PMM1	ENSG00000100417	ENST00000216259	protein_coding	0	0	0	46	0	0	0	0	0	0	46	0	0	0	0	0	0	0	0	0	0	0
PMM1	ENSG00000100417	ENST00000463617	retained_intron	0	0	0	46	0	0	0	0	0	0	46	0	0	0	0	0	0	0	0	0	0	0
PMM1	ENSG00000100417	ENST00000472620	retained_intron	0	0	0	46	0	0	0	0	0	0	46	0	0	0	0	0	0	0	0	0	0	0
PMM1	ENSG00000100417	ENST00000482178	retained_intron	0	0	0	46	0	0	0	0	0	0	46	0	0	0	0	0	0	0	0	0	0	0
PMM1	ENSG00000100417	ENST00000485648	retained_intron	0	0	0	46	0	0	0	0	0	0	46	0	0	0	0	0	0	0	0	0	0	0
PNPLA3	ENSG00000100344	ENST00000216180	protein_coding	0	0	0	42	0	0	0	0	0	0	11	0	31	0	0	0	0	0	0	0	0	0
PNPLA3	ENSG00000100344	ENST00000406117	nonsense_mediated_decay	0	0	0	42	0	0	0	0	0	0	0	0	42	0	0	0	0	0	0	0	0	0
PNPLA3	ENSG00000100344	ENST00000423180	protein_coding	0	0	0	42	0	0	0	0	0	0	11	0	31	0	0	0	0	0	0	0	0	0
PNPLA3	ENSG00000100344	ENST00000478713	processed_transcript	0	0	0	31	0	0	0	0	0	0	17	0	14	0	0	0	0	0	0	0	0	0
PNPLA3	ENSG00000100344	ENST00000497129	processed_transcript	0	0	0	21	0	0	0	0	0	0	0	0	17	0	0	0	0	0	0	0	0	4
POLDIP3	ENSG00000100227	ENST00000252115	protein_coding	0	0	0	59	0	0	0	0	0	0	0	0	59	0	0	0	0	0	0	0	0	0
POLDIP3	ENSG00000100227	ENST00000339677	protein_coding	0	0	0	59	0	0	0	0	0	0	0	0	59	0	0	0	0	0	0	0	0	0
POLDIP3	ENSG00000100227	ENST00000348657	protein_coding	0	0	0	59	0	0	0	0	0	0	0	0	59	0	0	0	0	0	0	0	0	0
POLDIP3	ENSG00000100227	ENST00000445215	nonsense_mediated_decay	0	0	0	59	0	0	0	0	0	0	0	0	59	0	0	0	0	0	0	0	0	0
POLDIP3	ENSG00000100227	ENST00000451060	protein_coding	0	0	0	59	0	0	0	0	0	0	0	0	59	0	0	0	0	0	0	0	0	0
POLDIP3	ENSG00000100227	ENST00000454057	nonsense_mediated_decay	0	0	0	59	0	0	0	0	0	0	0	0	59	0	0	0	0	0	0	0	0	0
POLDIP3	ENSG00000100227	ENST00000463133	processed_transcript	0	0	0	59	0	0	0	0	0	0	0	0	59	0	0	0	0	0	0	0	0	0
POLDIP3	ENSG00000100227	ENST00000491021	processed_transcript	0	0	0	20	0	0	0	0	0	0	0	0	0	0	0	0	0	0	0	0	0	20
POLR2F	ENSG00000100142	ENST00000333418	protein_coding	0	3	1	46	0	0	0	0	0	0	16	0	30	1	0	0	0	0	0	0	3	0
POLR2F	ENSG00000100142	ENST00000405557	protein_coding	0	0	0	95	0	0	0	0	0	0	21	0	74	0	0	0	0	0	0	0	0	0
POLR2F	ENSG00000100142	ENST00000407936	protein_coding	0	0	0	152	0	0	0	0	0	0	24	0	128	0	0	0	0	0	0	0	0	0
POLR2F	ENSG00000100142	ENST00000427034	protein_coding	0	0	0	50	5	0	0	0	0	0	16	0	29	0	0	0	0	0	0	0	0	0
POLR2F	ENSG00000100142	ENST00000442738	protein_coding	0	0	0	45	3	0	0	0	0	0	0	0	42	0	0	0	0	0	0	0	0	0
POLR2F	ENSG00000100142	ENST00000443002	nonsense_mediated_decay	0	0	0	45	0	0	0	0	0	0	0	0	45	0	0	0	0	0	0	0	0	0
POLR2F	ENSG00000100142	ENST00000460648	protein_coding	0	0	0	45	0	0	0	0	0	0	3	0	42	0	0	0	0	0	0	0	0	0
POLR2F	ENSG00000100142	ENST00000470701	protein_coding	0	0	0	45	0	0	0	0	0	0	3	0	42	0	0	0	0	0	0	0	0	0
POLR2F	ENSG00000100142	ENST00000483713	nonsense_mediated_decay	0	0	0	45	0	0	0	0	0	0	3	0	42	0	0	0	0	0	0	0	0	0
POLR2F	ENSG00000100142	ENST00000484894	processed_transcript	0	0	0	45	0	0	0	0	0	0	0	0	45	0	0	0	0	0	0	0	0	0
POLR2F	ENSG00000100142	ENST00000488684	protein_coding	0	0	0	45	0	0	0	0	0	0	3	0	42	0	0	0	0	0	0	0	0	0
POLR2F	ENSG00000100142	ENST00000492213	protein_coding	0	0	0	45	0	0	0	0	0	0	3	0	42	0	0	0	0	0	0	0	0	0
POLR2F	ENSG00000100142	ENST00000606538	protein_coding	0	0	0	45	0	0	0	0	0	0	3	0	42	0	0	0	0	0	0	0	0	0
POLR2F	ENSG00000100142	ENST00000608713	processed_transcript	0	0	0	70	0	0	0	0	0	0	34	0	0	0	11	0	0	0	0	0	0	25
POLR3H	ENSG00000100413	ENST00000337566	protein_coding	0	1	0	49	0	0	0	0	0	0	8	0	23	0	0	0	0	1	0	0	0	19
POLR3H	ENSG00000100413	ENST00000355209	protein_coding	0	1	0	58	8	0	0	0	0	0	9	0	23	0	0	0	0	1	0	0	0	19
POLR3H	ENSG00000100413	ENST00000396504	protein_coding	0	1	0	58	8	0	0	0	0	0	9	0	23	0	0	0	0	1	0	0	0	19
POLR3H	ENSG00000100413	ENST00000407461	protein_coding	0	1	0	49	0	0	0	0	0	0	8	0	23	0	0	0	0	1	0	0	0	19
POLR3H	ENSG00000100413	ENST00000420561	processed_transcript	0	1	0	43	0	0	0	0	0	0	2	0	23	0	0	0	0	1	0	0	0	19
POLR3H	ENSG00000100413	ENST00000431534	nonsense_mediated_decay	0	1	0	49	0	0	0	0	0	0	8	0	23	0	0	0	0	1	0	0	0	19
POLR3H	ENSG00000100413	ENST00000432789	nonsense_mediated_decay	0	0	0	50	0	0	0	0	0	0	8	0	20	0	3	0	0	0	0	0	0	19
POLR3H	ENSG00000100413	ENST00000442616	nonsense_mediated_decay	0	1	0	47	1	0	0	0	0	0	5	0	22	0	1	0	0	1	0	0	0	19
POLR3H	ENSG00000100413	ENST00000483837	retained_intron	0	1	0	37	0	0	0	0	0	0	10	0	9	0	0	0	0	1	0	0	0	19
POM121L8P	ENSG00000229266	ENST00000417732	processed_pseudogene	0	0	0	2	0	0	0	0	0	0	2	0	0	0	0	0	0	0	0	0	0	0
PPARA	ENSG00000186951	ENST00000402126	protein_coding	0	0	0	7	0	0	0	0	0	0	5	0	2	0	0	0	0	0	0	0	0	0
PPARA	ENSG00000186951	ENST00000407236	protein_coding	0	0	0	7	5	0	0	0	0	0	0	0	2	0	0	0	0	0	0	0	0	0
PPARA	ENSG00000186951	ENST00000415785	protein_coding	0	0	0	2	0	0	0	0	0	0	2	0	0	0	0	0	0	0	0	0	0	0
PPARA	ENSG00000186951	ENST00000420804	protein_coding	0	0	0	2	0	0	0	0	0	0	0	0	2	0	0	0	0	0	0	0	0	0
PPARA	ENSG00000186951	ENST00000440343	protein_coding	0	0	0	2	0	0	0	0	0	0	2	0	0	0	0	0	0	0	0	0	0	0
PPARA	ENSG00000186951	ENST00000481567	processed_transcript	0	0	0	2	0	0	0	0	0	0	2	0	0	0	0	0	0	0	0	0	0	0
PPARA	ENSG00000186951	ENST00000484619	processed_transcript	0	0	0	2	0	0	0	0	0	0	2	0	0	0	0	0	0	0	0	0	0	0
PPARA	ENSG00000186951	ENST00000493286	retained_intron	0	0	0	2	0	0	0	0	0	0	0	0	2	0	0	0	0	0	0	0	0	0
PPM1F	ENSG00000100034	ENST00000263212	protein_coding	0	0	0	2	1	0	0	0	0	0	0	0	1	0	0	0	0	0	0	0	0	0
PPM1F	ENSG00000100034	ENST00000397495	protein_coding	0	0	0	2	0	0	0	0	0	0	1	0	1	0	0	0	0	0	0	0	0	0
PPM1F	ENSG00000100034	ENST00000407142	protein_coding	0	0	0	1	1	0	0	0	0	0	0	0	0	0	0	0	0	0	0	0	0	0
PPM1F	ENSG00000100034	ENST00000484588	processed_transcript	0	0	0	1	0	0	0	0	0	0	1	0	0	0	0	0	0	0	0	0	0	0
PPM1F	ENSG00000100034	ENST00000496143	processed_transcript	0	0	0	1	0	0	0	0	0	0	1	0	0	0	0	0	0	0	0	0	0	0
PPM1F	ENSG00000100034	ENST00000497072	processed_transcript	0	0	0	1	0	0	0	0	0	0	1	0	0	0	0	0	0	0	0	0	0	0
PPM1F-AS1	ENSG00000224086	ENST00000458178		0	0	0	3	0	0	0	0	0	0	0	0	0	0	3	0	0	0	0	0	0	0
PPM1F-AS1	ENSG00000224086	ENST00000653280		0	0	0	1	0	0	0	0	0	0	1	0	0	0	0	0	0	0	0	0	0	0
PPP1R26P5	ENSG00000232771	ENST00000416640	processed_pseudogene	0	0	0	64	0	0	0	0	0	0	32	0	0	0	17	0	0	0	0	0	0	15
PPP6R2	ENSG00000100239	ENST00000216061	protein_coding	1	1	0	30	0	0	0	0	0	0	0	0	31	0	0	1	0	0	0	0	1	0
PPP6R2	ENSG00000100239	ENST00000359139	protein_coding	1	1	0	50	0	0	0	0	0	0	0	0	51	0	0	1	0	0	0	0	1	0
PPP6R2	ENSG00000100239	ENST00000395741	protein_coding	1	1	0	50	0	0	0	0	0	0	0	0	51	0	0	1	0	0	0	0	1	0
PPP6R2	ENSG00000100239	ENST00000395744	protein_coding	1	1	0	50	0	0	0	0	0	0	0	0	51	0	0	1	0	0	0	0	1	0
PPP6R2	ENSG00000100239	ENST00000401672	protein_coding	1	1	0	30	0	0	0	0	0	0	0	0	31	0	0	1	0	0	0	0	1	0
PPP6R2	ENSG00000100239	ENST00000427222	protein_coding	1	1	0	30	0	0	0	0	0	0	0	0	31	0	0	1	0	0	0	0	1	0
PPP6R2	ENSG00000100239	ENST00000470046	retained_intron	0	0	0	11	0	0	0	0	0	0	0	0	0	0	0	0	0	0	0	0	0	11
PPP6R2	ENSG00000100239	ENST00000473283	retained_intron	0	0	0	32	0	0	0	0	0	0	0	0	0	0	0	0	0	0	0	0	0	32
PPP6R2	ENSG00000100239	ENST00000612753	protein_coding	1	1	0	50	0	0	0	0	0	0	0	0	51	0	0	1	0	0	0	0	1	0
PRAMENP	ENSG00000197549	ENST00000337471	processed_transcript	0	0	0	139	0	0	0	0	0	0	54	0	72	0	7	0	0	0	0	0	0	6
PRAMENP	ENSG00000197549	ENST00000419303	processed_transcript	0	0	0	136	0	0	0	0	0	0	54	0	73	0	6	0	0	0	0	0	0	3
PRAMENP	ENSG00000197549	ENST00000548391	transcribed_unprocessed_pseudogene	0	0	0	83	0	0	0	0	0	0	58	0	0	0	2	0	0	0	0	0	0	23
PRODH	ENSG00000100033	ENST00000313755	retained_intron	0	0	0	38	0	0	0	0	0	0	23	0	4	0	6	0	0	0	0	0	0	5
PRODH	ENSG00000100033	ENST00000334029	protein_coding	0	1	4	33	1	0	0	0	0	0	23	0	9	4	0	0	0	0	0	0	1	0
PRODH	ENSG00000100033	ENST00000357068	protein_coding	0	1	4	33	1	0	0	0	0	0	23	0	9	4	0	0	0	0	0	0	1	0
PRODH	ENSG00000100033	ENST00000399694	retained_intron	0	0	0	10	0	0	0	0	0	0	5	0	0	0	0	0	0	0	0	0	0	5
PRODH	ENSG00000100033	ENST00000420436	protein_coding	0	1	4	33	1	0	0	0	0	0	23	0	9	4	0	0	0	0	0	0	1	0
PRODH	ENSG00000100033	ENST00000429300	retained_intron	0	0	0	38	0	0	0	0	0	0	23	0	4	0	11	0	0	0	0	0	0	0
PRODH	ENSG00000100033	ENST00000438924	protein_coding	0	0	0	10	0	0	0	0	0	0	5	0	5	0	0	0	0	0	0	0	0	0
PRODH	ENSG00000100033	ENST00000446371	retained_intron	0	0	0	10	0	0	0	0	0	0	5	0	0	0	0	0	0	0	0	0	0	5
PRODH	ENSG00000100033	ENST00000450579	protein_coding	0	0	0	10	0	0	0	0	0	0	5	0	5	0	0	0	0	0	0	0	0	0
PRODH	ENSG00000100033	ENST00000457083	protein_coding	0	0	0	10	0	0	0	0	0	0	5	0	5	0	0	0	0	0	0	0	0	0
PRODH	ENSG00000100033	ENST00000482858	retained_intron	0	0	0	38	0	0	0	0	0	0	23	0	9	0	6	0	0	0	0	0	0	0
PRODH	ENSG00000100033	ENST00000491604	retained_intron	0	0	0	38	0	0	0	0	0	0	23	0	9	0	6	0	0	0	0	0	0	0
PRODH	ENSG00000100033	ENST00000496625	retained_intron	0	0	0	5	0	0	0	0	0	0	5	0	0	0	0	0	0	0	0	0	0	0
PRODH	ENSG00000100033	ENST00000609229	retained_intron	0	0	0	34	0	0	0	0	0	0	24	0	4	0	1	0	0	0	0	0	0	5
PRODH	ENSG00000100033	ENST00000610940	protein_coding	0	1	4	33	1	0	0	0	0	0	23	0	9	4	0	0	0	0	0	0	1	0
PRR14L	ENSG00000183530	ENST00000327423	protein_coding	1	2	0	52	3	0	1	0	0	0	5	0	44	0	0	1	0	0	0	0	2	0
PRR14L	ENSG00000183530	ENST00000330495	protein_coding	1	0	0	36	0	0	0	0	0	0	18	0	19	0	0	1	0	0	0	0	0	0
PRR14L	ENSG00000183530	ENST00000412743	protein_coding	0	1	0	35	0	0	1	0	0	0	11	0	23	0	0	0	0	0	0	0	1	0
PRR14L	ENSG00000183530	ENST00000431684	nonsense_mediated_decay	1	0	0	17	4	0	0	0	0	0	0	0	10	0	4	1	0	0	0	0	0	0
PRR14L	ENSG00000183530	ENST00000432485	nonsense_mediated_decay	1	0	0	21	3	0	0	0	0	0	5	0	10	0	4	1	0	0	0	0	0	0
PRR14L	ENSG00000183530	ENST00000461722	processed_transcript	0	0	0	36	0	0	0	0	0	0	0	0	36	0	0	0	0	0	0	0	0	0
PRR5	ENSG00000186654	ENST00000006251	protein_coding	0	0	0	14	0	0	0	0	0	0	0	0	14	0	0	0	0	0	0	0	0	0
PRR5	ENSG00000186654	ENST00000403581	protein_coding	0	0	0	14	0	0	0	0	0	0	0	0	14	0	0	0	0	0	0	0	0	0
PRR5	ENSG00000186654	ENST00000432186	protein_coding	0	0	0	14	0	0	0	0	0	0	0	0	14	0	0	0	0	0	0	0	0	0
PRR5	ENSG00000186654	ENST00000459857	processed_transcript	0	0	0	14	0	0	0	0	0	0	0	0	14	0	0	0	0	0	0	0	0	0
PRR5	ENSG00000186654	ENST00000492289	processed_transcript	0	0	0	14	0	0	0	0	0	0	0	0	14	0	0	0	0	0	0	0	0	0
PRR5	ENSG00000186654	ENST00000492475	processed_transcript	0	0	0	14	0	0	0	0	0	0	0	0	14	0	0	0	0	0	0	0	0	0
PRR5	ENSG00000186654	ENST00000611394	protein_coding	0	0	0	14	0	0	0	0	0	0	0	0	14	0	0	0	0	0	0	0	0	0
PRR5	ENSG00000186654	ENST00000617066	protein_coding	0	0	0	14	0	0	0	0	0	0	0	0	14	0	0	0	0	0	0	0	0	0
PRR5	ENSG00000186654	ENST00000624862	protein_coding	0	0	0	14	0	0	0	0	0	0	0	0	14	0	0	0	0	0	0	0	0	0
RANBP1	ENSG00000099901	ENST00000331821	protein_coding	1	0	1	45	0	0	0	0	0	0	32	0	3	1	0	0	0	0	1	0	0	10
RANBP1	ENSG00000099901	ENST00000402752	protein_coding	1	0	1	45	2	0	0	0	0	0	30	0	3	1	0	0	0	0	1	0	0	10
RANBP1	ENSG00000099901	ENST00000411892	protein_coding	0	0	0	33	0	0	0	0	0	0	23	0	0	0	0	0	0	0	0	0	0	10
RANBP1	ENSG00000099901	ENST00000416427	protein_coding	0	0	0	19	0	0	0	0	0	0	9	0	0	0	0	0	0	0	0	0	0	10
RANBP1	ENSG00000099901	ENST00000418705	protein_coding	1	0	1	43	0	0	0	0	0	0	32	0	3	1	0	0	0	0	1	0	0	8
RANBP1	ENSG00000099901	ENST00000421656	protein_coding	0	0	0	17	0	0	0	0	0	0	9	0	0	0	0	0	0	0	0	0	0	8
RANBP1	ENSG00000099901	ENST00000423859	protein_coding	0	0	0	45	0	0	0	0	0	0	37	0	0	0	0	0	0	0	0	0	0	8
RANBP1	ENSG00000099901	ENST00000430524	protein_coding	1	0	1	45	2	0	0	0	0	0	30	0	3	1	0	0	0	0	1	0	0	10
RANBP1	ENSG00000099901	ENST00000432879	protein_coding	0	0	0	18	0	0	0	0	0	0	8	0	0	0	0	0	0	0	0	0	0	10
RANBP1	ENSG00000099901	ENST00000435265	nonsense_mediated_decay	0	0	0	52	5	0	0	0	0	0	32	0	0	0	5	0	0	0	0	0	0	10
RANBP1	ENSG00000099901	ENST00000448394	processed_transcript	0	0	0	37	0	0	0	0	0	0	30	0	3	0	4	0	0	0	0	0	0	0
RANBP1	ENSG00000099901	ENST00000467920	processed_transcript	0	0	0	10	0	0	0	0	0	0	0	0	0	0	0	0	0	0	0	0	0	10
RANBP1	ENSG00000099901	ENST00000486575	retained_intron	0	0	0	37	0	0	0	0	0	0	32	0	0	0	5	0	0	0	0	0	0	0
RANBP1	ENSG00000099901	ENST00000488484	retained_intron	0	0	0	19	0	0	0	0	0	0	9	0	0	0	0	0	0	0	0	0	0	10
RANGAP1	ENSG00000100401	ENST00000356244	protein_coding	0	1	0	47	0	0	0	0	0	0	7	0	40	0	0	0	0	0	0	0	1	0
RANGAP1	ENSG00000100401	ENST00000405486	protein_coding	0	1	0	47	0	0	0	0	0	0	7	0	40	0	0	0	0	0	0	0	1	0
RANGAP1	ENSG00000100401	ENST00000418067	protein_coding	0	0	0	9	0	0	0	0	0	0	3	0	1	0	0	0	0	0	0	0	0	5
RANGAP1	ENSG00000100401	ENST00000422838	protein_coding	0	0	0	6	0	0	0	0	0	0	1	0	5	0	0	0	0	0	0	0	0	0
RANGAP1	ENSG00000100401	ENST00000446258	protein_coding	0	1	0	32	0	0	0	0	0	0	9	0	22	0	0	0	0	0	0	0	1	1
RANGAP1	ENSG00000100401	ENST00000452543	protein_coding	0	0	0	9	0	0	0	0	0	0	0	0	4	0	0	0	0	0	0	0	0	5
RANGAP1	ENSG00000100401	ENST00000455915	protein_coding	0	2	0	47	0	1	4	0	0	0	7	0	35	0	0	0	0	0	0	0	1	1
RBFOX2	ENSG00000100320	ENST00000262829	protein_coding	0	2	1	114	0	0	0	0	0	0	13	0	101	1	0	0	0	0	0	0	2	0
RBFOX2	ENSG00000100320	ENST00000359369	protein_coding	0	2	0	116	0	0	1	0	0	0	13	0	101	0	0	0	0	0	0	0	2	1
RBFOX2	ENSG00000100320	ENST00000397303	protein_coding	0	2	0	93	0	0	1	0	0	0	13	0	63	0	0	0	0	0	0	0	2	16
RBFOX2	ENSG00000100320	ENST00000397305	protein_coding	0	2	0	102	0	0	1	0	0	0	2	0	99	0	0	0	0	0	0	0	2	0
RBFOX2	ENSG00000100320	ENST00000405409	protein_coding	0	2	1	117	13	0	0	0	0	0	3	0	101	1	0	0	0	0	0	0	2	0
RBFOX2	ENSG00000100320	ENST00000408983	protein_coding	0	2	1	109	0	0	0	0	0	0	0	0	109	1	0	0	0	0	0	0	2	0
RBFOX2	ENSG00000100320	ENST00000414461	protein_coding	0	2	1	114	0	0	0	0	0	0	13	0	101	1	0	0	0	0	0	0	2	0
RBFOX2	ENSG00000100320	ENST00000416721	protein_coding	0	2	1	114	0	0	0	0	0	0	13	0	101	1	0	0	0	0	0	0	2	0
RBFOX2	ENSG00000100320	ENST00000438146	protein_coding	0	2	1	136	13	0	0	0	0	0	3	0	120	1	0	0	0	0	0	0	2	0
RBFOX2	ENSG00000100320	ENST00000449924	protein_coding	0	2	1	114	0	0	0	0	0	0	13	0	101	1	0	0	0	0	0	0	2	0
RBFOX2	ENSG00000100320	ENST00000463509	retained_intron	0	0	0	13	0	0	0	0	0	0	13	0	0	0	0	0	0	0	0	0	0	0
RBFOX2	ENSG00000100320	ENST00000473487	protein_coding	0	2	0	102	0	0	1	0	0	0	0	0	101	0	0	0	0	0	0	0	2	0
RBFOX2	ENSG00000100320	ENST00000491982	retained_intron	0	0	0	104	0	0	0	0	0	0	2	0	99	0	3	0	0	0	0	0	0	0
RBFOX2	ENSG00000100320	ENST00000495377	protein_coding	0	0	0	26	0	0	0	0	0	0	13	0	2	0	0	0	0	0	0	0	0	11
RFPL1	ENSG00000128250	ENST00000354373	protein_coding	0	0	0	29	0	0	1	0	0	0	25	0	3	0	0	0	0	0	0	0	0	0
RFPL1S	ENSG00000225465	ENST00000248980		0	0	0	54	0	0	0	0	0	0	0	0	53	0	1	0	0	0	0	0	0	0
RFPL1S	ENSG00000225465	ENST00000419368		0	0	0	2	0	0	0	0	0	0	2	0	0	0	0	0	0	0	0	0	0	0
RFPL1S	ENSG00000225465	ENST00000461286		0	0	0	54	0	0	0	0	0	0	0	0	50	0	4	0	0	0	0	0	0	0
RFPL1S	ENSG00000225465	ENST00000657516		0	0	0	54	0	0	0	0	0	0	2	0	50	0	2	0	0	0	0	0	0	0
RFPL1S	ENSG00000225465	ENST00000658349		0	0	0	54	0	0	0	0	0	0	2	0	50	0	2	0	0	0	0	0	0	0
RFPL1S	ENSG00000225465	ENST00000661328		0	0	0	54	0	0	0	0	0	0	2	0	50	0	2	0	0	0	0	0	0	0
RFPL1S	ENSG00000225465	ENST00000669415		0	0	0	2	0	0	0	0	0	0	2	0	0	0	0	0	0	0	0	0	0	0
RFPL2	ENSG00000128253	ENST00000248983	protein_coding	0	0	0	21	0	0	0	0	0	0	2	0	15	0	0	0	0	0	0	0	0	4
RFPL2	ENSG00000128253	ENST00000400237	protein_coding	0	0	0	21	0	0	0	0	0	0	2	0	15	0	0	0	0	0	0	0	0	4
RFPL2	ENSG00000128253	ENST00000489846	retained_intron	0	0	0	10	0	0	0	0	0	0	2	0	0	0	0	0	0	0	0	0	0	8
RFPL2	ENSG00000128253	ENST00000626996	nonsense_mediated_decay	0	0	0	21	0	0	0	0	0	0	2	0	15	0	0	0	0	0	0	0	0	4
RFPL2	ENSG00000128253	ENST00000628378	nonsense_mediated_decay	0	0	0	21	0	0	0	0	0	0	2	0	15	0	0	0	0	0	0	0	0	4
RFPL2	ENSG00000128253	ENST00000652607	protein_coding	0	0	0	21	0	0	0	0	0	0	2	0	15	0	0	0	0	0	0	0	0	4
RFPL3	ENSG00000128276	ENST00000397468	protein_coding	0	0	0	3	0	0	0	0	0	0	0	0	0	0	0	0	0	0	0	0	0	3
RFPL4AP6	ENSG00000278292	ENST00000616792	unprocessed_pseudogene	0	0	0	2	0	0	0	0	0	0	2	0	0	0	0	0	0	0	0	0	0	0
RIMBP3	ENSG00000275793	ENST00000619918	protein_coding	2	9	13	12	0	0	0	1	0	0	5	0	0	12	0	0	0	0	2	0	9	7
RIMBP3B	ENSG00000274600	ENST00000620804	protein_coding	3	21	19	26	0	1	5	0	0	1	0	1	0	18	0	0	0	0	2	0	20	21
RN7SKP131	ENSG00000222630	ENST00000410698	misc_RNA	0	0	0	29	0	0	0	0	0	0	5	0	0	0	0	0	0	0	0	0	0	24
RN7SKP169	ENSG00000223056	ENST00000411124	misc_RNA	0	0	0	1	0	0	0	0	0	0	1	0	0	0	0	0	0	0	0	0	0	0
RN7SKP63	ENSG00000200057	ENST00000363187	misc_RNA	0	0	0	40	0	0	0	0	0	0	0	0	0	0	0	0	0	0	0	0	0	40
RN7SKP80	ENSG00000202058	ENST00000365188	misc_RNA	0	0	0	8	0	0	0	0	0	0	6	0	0	0	0	0	0	0	0	0	0	2
RN7SL168P	ENSG00000244296	ENST00000463821	misc_RNA	0	0	0	7	0	0	0	0	0	0	0	0	0	0	0	0	0	0	0	0	0	7
RN7SL305P	ENSG00000240647	ENST00000464862	misc_RNA	0	0	0	13	0	0	0	0	0	0	6	0	0	0	1	0	0	0	0	0	0	6
RN7SL633P	ENSG00000240186	ENST00000488974	misc_RNA	0	0	0	9	0	0	0	0	0	0	0	0	0	0	1	0	0	0	0	0	0	8
RN7SL704P	ENSG00000241693	ENST00000478699	misc_RNA	0	0	0	17	0	0	0	0	0	0	5	0	0	0	0	0	0	0	0	0	0	12
RNA5SP493	ENSG00000200985	ENST00000364115		0	0	0	1	0	0	0	0	0	0	1	0	0	0	0	0	0	0	0	0	0	0
RNA5SP496	ENSG00000212542	ENST00000391240		0	0	0	4	0	0	0	0	0	0	0	0	0	0	0	0	0	0	0	0	0	4
RNA5SP497	ENSG00000251890	ENST00000516081		0	0	0	13	0	0	0	0	0	0	11	0	0	0	2	0	0	0	0	0	0	0
RNF215	ENSG00000099999	ENST00000215798	protein_coding	0	0	0	9	0	0	0	0	0	0	6	0	2	0	0	0	0	0	0	0	0	1
RNF215	ENSG00000099999	ENST00000332468	nonsense_mediated_decay	0	0	0	18	6	0	0	0	0	0	4	0	0	0	6	0	0	0	0	0	0	2
RNF215	ENSG00000099999	ENST00000382363	protein_coding	0	0	0	9	0	0	0	0	0	0	6	0	2	0	0	0	0	0	0	0	0	1
RNF215	ENSG00000099999	ENST00000421022	protein_coding	0	0	0	8	0	0	0	0	0	0	6	0	0	0	0	0	0	0	0	0	0	2
RNF215	ENSG00000099999	ENST00000431544	protein_coding	0	0	0	50	0	0	0	0	0	0	2	0	47	0	0	0	0	0	0	0	0	1
RNF215	ENSG00000099999	ENST00000463319	retained_intron	0	0	0	7	0	0	0	0	0	0	4	0	0	0	2	0	0	0	0	0	0	1
RNF215	ENSG00000099999	ENST00000473077	retained_intron	0	0	0	3	0	0	0	0	0	0	0	0	2	0	0	0	0	0	0	0	0	1
RNF215	ENSG00000099999	ENST00000619645	protein_coding	0	2	0	4	0	0	0	0	0	0	0	0	0	0	0	0	0	0	0	0	2	4
RNF215	ENSG00000099999	ENST00000630264	nonsense_mediated_decay	0	0	0	8	0	0	0	0	0	0	6	0	0	0	0	0	0	0	0	0	0	2
RNF215	ENSG00000099999	ENST00000631046	nonsense_mediated_decay	0	0	0	8	0	0	0	0	0	0	6	0	0	0	0	0	0	0	0	0	0	2
RNU12	ENSG00000276027	ENST00000362512	snRNA	0	0	0	22	0	0	0	0	0	0	0	0	0	0	0	0	0	0	0	0	0	22
RNU6-1219P	ENSG00000251952	ENST00000516143	snRNA	0	0	0	11	0	0	0	0	0	0	2	0	0	0	0	0	0	0	0	0	0	9
RNU6-201P	ENSG00000252909	ENST00000517100	snRNA	0	0	0	15	0	0	0	0	0	0	9	0	0	0	0	0	0	0	0	0	0	6
RNU6-28P	ENSG00000199248	ENST00000362378	snRNA	0	0	0	8	0	0	0	0	0	0	3	0	0	0	0	0	0	0	0	0	0	5
RNU6-331P	ENSG00000207455	ENST00000384724	snRNA	0	0	0	4	0	0	0	0	0	0	0	0	0	0	0	0	0	0	0	0	0	4
RNU6-375P	ENSG00000252859	ENST00000517050	snRNA	0	0	0	9	0	0	0	0	0	0	7	0	0	0	0	0	0	0	0	0	0	2
RNU6-409P	ENSG00000206841	ENST00000384114	snRNA	0	0	0	93	0	0	0	0	0	0	60	0	0	0	0	0	0	0	0	0	0	33
RNU6-476P	ENSG00000207457	ENST00000384726	snRNA	0	0	0	3	0	0	0	0	0	0	0	0	0	0	0	0	0	0	0	0	0	3
RNU6-513P	ENSG00000251913	ENST00000516104	snRNA	0	0	0	8	0	0	0	0	0	0	8	0	0	0	0	0	0	0	0	0	0	0
RNU6-564P	ENSG00000222915	ENST00000410983	snRNA	0	0	0	19	0	0	0	0	0	0	1	0	0	0	0	0	0	0	0	0	0	18
RNU6-810P	ENSG00000200871	ENST00000364001	snRNA	0	0	0	9	0	0	0	0	0	0	3	0	0	0	0	0	0	0	0	0	0	6
RNU6-900P	ENSG00000207227	ENST00000384498	snRNA	0	0	0	21	0	0	0	0	0	0	7	0	0	0	0	0	0	0	0	0	0	14
RNU6ATAC22P	ENSG00000252603	ENST00000516794	snRNA	0	0	0	14	0	0	0	0	0	0	5	0	0	0	0	0	0	0	0	0	0	9
RPEP4	ENSG00000233010	ENST00000437636	processed_pseudogene	0	0	0	2	0	0	0	0	0	0	2	0	0	0	0	0	0	0	0	0	0	0
RPL23AP82	ENSG00000184319	ENST00000496652	processed_transcript	0	0	0	50	0	0	0	0	0	0	0	0	4	0	2	0	0	0	0	0	0	44
RPL5P34	ENSG00000234009	ENST00000426545	processed_pseudogene	0	0	0	6	0	0	0	0	0	0	0	0	0	0	0	0	0	0	0	0	0	6
RPS15AP38	ENSG00000237668	ENST00000413110	processed_pseudogene	0	0	0	2	0	0	0	0	0	0	0	0	0	0	0	0	0	0	0	0	0	2
RPS19BP1	ENSG00000187051	ENST00000334678	protein_coding	0	0	1	9	0	0	0	0	0	0	0	0	7	1	0	0	0	0	0	0	0	2
RPS19BP1	ENSG00000187051	ENST00000420879	nonsense_mediated_decay	0	1	0	12	3	0	0	0	0	0	0	0	4	0	4	0	0	1	0	0	0	2
RPS19BP1	ENSG00000187051	ENST00000459956	retained_intron	0	0	0	10	0	0	0	0	0	0	0	0	7	0	1	0	0	0	0	0	0	2
RPS19BP1	ENSG00000187051	ENST00000472291	retained_intron	0	0	0	10	0	0	0	0	0	0	8	0	0	0	0	0	0	0	0	0	0	2
RPS19BP1	ENSG00000187051	ENST00000488602	retained_intron	0	0	0	8	0	0	0	0	0	0	0	0	0	0	8	0	0	0	0	0	0	0
RPS19BP1	ENSG00000187051	ENST00000491966	retained_intron	0	0	0	10	0	0	0	0	0	0	0	0	7	0	1	0	0	0	0	0	0	2
RPS3AP51	ENSG00000225971	ENST00000451219	processed_pseudogene	0	0	0	9	0	0	0	0	0	0	5	0	0	0	3	0	0	0	0	0	0	1
RRP7A	ENSG00000189306	ENST00000323013	protein_coding	0	0	0	19	0	0	0	0	0	0	0	0	0	0	0	0	0	0	0	0	0	19
RRP7A	ENSG00000189306	ENST00000416699	nonsense_mediated_decay	0	0	0	19	0	0	0	0	0	0	0	0	0	0	0	0	0	0	0	0	0	19
RRP7A	ENSG00000189306	ENST00000483303	retained_intron	0	0	0	19	0	0	0	0	0	0	0	0	0	0	0	0	0	0	0	0	0	19
RRP7BP	ENSG00000182841	ENST00000357802	processed_transcript	0	0	0	15	0	0	0	0	0	0	0	0	15	0	0	0	0	0	0	0	0	0
RRP7BP	ENSG00000182841	ENST00000421116	processed_transcript	0	0	0	3	0	0	0	0	0	0	3	0	0	0	0	0	0	0	0	0	0	0
RRP7BP	ENSG00000182841	ENST00000437211	processed_transcript	0	0	0	11	0	0	0	0	0	0	8	0	3	0	0	0	0	0	0	0	0	0
RRP7BP	ENSG00000182841	ENST00000458605	processed_transcript	0	0	0	3	0	0	0	0	0	0	0	0	3	0	0	0	0	0	0	0	0	0
RRP7BP	ENSG00000182841	ENST00000566851	transcribed_unprocessed_pseudogene	0	0	0	15	0	0	0	0	0	0	0	0	15	0	0	0	0	0	0	0	0	0
RRP7BP	ENSG00000182841	ENST00000690158	processed_transcript	0	0	0	3	0	0	0	0	0	0	0	0	3	0	0	0	0	0	0	0	0	0
RRP7BP	ENSG00000182841	ENST00000692200	processed_transcript	0	0	0	15	0	0	0	0	0	0	0	0	15	0	0	0	0	0	0	0	0	0
RRP7BP	ENSG00000182841	ENST00000692308	processed_transcript	0	0	0	11	0	0	0	0	0	0	8	0	3	0	0	0	0	0	0	0	0	0
RTL6	ENSG00000188636	ENST00000341255	protein_coding	0	0	0	16	9	0	0	0	0	0	7	0	0	0	0	0	0	0	0	0	0	0
SAMM50	ENSG00000100347	ENST00000350028	protein_coding	0	0	1	26	0	0	0	0	0	0	0	0	15	1	0	0	0	0	0	0	0	11
SAMM50	ENSG00000100347	ENST00000465768	processed_transcript	0	0	0	13	0	0	0	0	0	0	0	0	7	0	0	0	0	0	0	0	0	6
SAMM50	ENSG00000100347	ENST00000474323	retained_intron	0	0	0	16	0	0	0	0	0	0	0	0	13	0	0	0	0	0	0	0	0	3
SAMM50	ENSG00000100347	ENST00000493161	processed_transcript	0	0	0	19	0	0	0	0	0	0	5	0	2	0	1	0	0	0	0	0	0	11
SAMM50	ENSG00000100347	ENST00000493621	processed_transcript	0	0	0	2	0	0	0	0	0	0	0	0	2	0	0	0	0	0	0	0	0	0
SAMM50	ENSG00000100347	ENST00000494795	retained_intron	0	0	0	8	0	0	0	0	0	0	0	0	2	0	0	0	0	0	0	0	0	6
SBF1	ENSG00000100241	ENST00000348911	protein_coding	1	1	3	29	0	0	0	0	0	0	0	0	26	3	0	0	1	0	0	0	1	4
SBF1	ENSG00000100241	ENST00000380817	protein_coding	1	1	3	29	0	0	0	0	0	0	0	0	26	3	0	0	1	0	0	0	1	4
SBF1	ENSG00000100241	ENST00000399627	retained_intron	0	0	0	27	0	0	0	0	0	0	0	0	24	0	0	0	0	0	0	0	0	3
SBF1	ENSG00000100241	ENST00000418590	protein_coding	1	1	3	1	0	0	0	0	0	0	0	0	2	3	0	0	1	0	0	0	1	0
SBF1	ENSG00000100241	ENST00000470434	retained_intron	1	0	0	5	0	0	0	0	0	0	0	0	2	0	4	0	1	0	0	0	0	0
SBF1	ENSG00000100241	ENST00000473724	processed_transcript	0	0	0	3	0	0	0	0	0	0	0	0	0	0	0	0	0	0	0	0	0	3
SBF1	ENSG00000100241	ENST00000476293	retained_intron	0	0	0	6	0	0	0	0	0	0	6	0	0	0	0	0	0	0	0	0	0	0
SBF1	ENSG00000100241	ENST00000477234	retained_intron	0	0	0	20	0	0	0	0	0	0	0	0	0	0	0	0	0	0	0	0	0	20
SBF1	ENSG00000100241	ENST00000684986	protein_coding	1	1	3	29	0	0	0	0	0	0	0	0	26	3	0	0	1	0	0	0	1	4
SBF1	ENSG00000100241	ENST00000685180	retained_intron	0	0	0	72	0	0	0	0	0	0	11	0	39	0	2	0	0	0	0	0	0	20
SBF1	ENSG00000100241	ENST00000685239	nonsense_mediated_decay	0	0	0	14	0	0	0	0	0	0	0	0	0	0	0	0	0	0	0	0	0	14
SBF1	ENSG00000100241	ENST00000685386	protein_coding	0	0	0	6	0	0	0	0	0	0	6	0	0	0	0	0	0	0	0	0	0	0
SBF1	ENSG00000100241	ENST00000685390	retained_intron	1	0	0	5	0	0	0	0	0	0	0	0	2	0	4	0	1	0	0	0	0	0
SBF1	ENSG00000100241	ENST00000685411	retained_intron	1	0	0	5	0	0	0	0	0	0	0	0	2	0	4	0	1	0	0	0	0	0
SBF1	ENSG00000100241	ENST00000685459	protein_coding	0	0	0	6	0	0	0	0	0	0	0	0	0	0	0	0	0	0	0	0	0	6
SBF1	ENSG00000100241	ENST00000685592	nonsense_mediated_decay	1	0	0	5	0	0	0	0	0	0	0	0	2	0	4	0	1	0	0	0	0	0
SBF1	ENSG00000100241	ENST00000685809	protein_coding	1	1	3	29	0	0	0	0	0	0	0	0	26	3	0	0	1	0	0	0	1	4
SBF1	ENSG00000100241	ENST00000685960	retained_intron	0	0	0	20	0	0	0	0	0	0	0	0	0	0	0	0	0	0	0	0	0	20
SBF1	ENSG00000100241	ENST00000686029	protein_coding	1	1	3	1	0	0	0	0	0	0	0	0	2	3	0	0	1	0	0	0	1	0
SBF1	ENSG00000100241	ENST00000686191	retained_intron	1	0	0	5	0	0	0	0	0	0	0	0	2	0	4	0	1	0	0	0	0	0
SBF1	ENSG00000100241	ENST00000686222	nonsense_mediated_decay	1	0	0	37	4	0	0	0	0	0	0	0	26	0	4	0	1	0	0	0	0	4
SBF1	ENSG00000100241	ENST00000686321	nonsense_mediated_decay	1	0	0	5	0	0	0	0	0	0	0	0	2	0	4	0	1	0	0	0	0	0
SBF1	ENSG00000100241	ENST00000686421	nonsense_mediated_decay	0	0	0	20	0	0	0	0	0	0	0	0	0	0	0	0	0	0	0	0	0	20
SBF1	ENSG00000100241	ENST00000686427	nonsense_mediated_decay	1	0	0	36	4	0	0	0	0	0	0	0	26	0	4	0	1	0	0	0	0	3
SBF1	ENSG00000100241	ENST00000686717	nonsense_mediated_decay	0	0	0	16	0	0	0	0	0	0	0	0	0	0	0	0	0	0	0	0	0	16
SBF1	ENSG00000100241	ENST00000686758	retained_intron	0	0	0	6	0	0	0	0	0	0	0	0	0	0	6	0	0	0	0	0	0	0
SBF1	ENSG00000100241	ENST00000686801	nonsense_mediated_decay	1	0	0	33	0	0	0	0	0	0	0	0	26	0	4	0	1	0	0	0	0	4
SBF1	ENSG00000100241	ENST00000686826	processed_transcript	1	0	0	5	0	0	0	0	0	0	0	0	2	0	4	0	1	0	0	0	0	0
SBF1	ENSG00000100241	ENST00000687016	protein_coding	1	1	3	29	0	0	0	0	0	0	0	0	26	3	0	0	1	0	0	0	1	4
SBF1	ENSG00000100241	ENST00000687340	protein_coding	0	0	0	24	0	0	0	0	0	0	0	0	7	0	0	0	0	0	0	0	0	17
SBF1	ENSG00000100241	ENST00000687704	nonsense_mediated_decay	1	0	0	37	4	0	0	0	0	0	0	0	26	0	4	0	1	0	0	0	0	4
SBF1	ENSG00000100241	ENST00000687861	retained_intron	0	0	0	6	0	0	0	0	0	0	6	0	0	0	0	0	0	0	0	0	0	0
SBF1	ENSG00000100241	ENST00000687878	nonsense_mediated_decay	0	0	0	20	0	0	0	0	0	0	0	0	0	0	0	0	0	0	0	0	0	20
SBF1	ENSG00000100241	ENST00000688066	protein_coding	1	1	3	29	0	0	0	0	0	0	0	0	26	3	0	0	1	0	0	0	1	4
SBF1	ENSG00000100241	ENST00000688124	nonsense_mediated_decay	1	0	0	37	4	0	0	0	0	0	0	0	26	0	4	0	1	0	0	0	0	4
SBF1	ENSG00000100241	ENST00000688381	protein_coding	0	0	0	6	0	0	0	0	0	0	0	0	0	0	0	0	0	0	0	0	0	6
SBF1	ENSG00000100241	ENST00000688848	nonsense_mediated_decay	1	0	0	36	4	0	0	0	0	0	0	0	26	0	4	0	1	0	0	0	0	3
SBF1	ENSG00000100241	ENST00000688985	nonsense_mediated_decay	1	0	0	9	4	0	0	0	0	0	0	0	2	0	4	0	1	0	0	0	0	0
SBF1	ENSG00000100241	ENST00000689095	nonsense_mediated_decay	0	0	0	16	0	0	0	0	0	0	0	0	0	0	0	0	0	0	0	0	0	16
SBF1	ENSG00000100241	ENST00000689129	protein_coding	1	1	3	33	0	0	0	0	0	0	3	0	26	3	0	0	1	0	0	0	1	5
SBF1	ENSG00000100241	ENST00000689177	retained_intron	1	0	0	5	0	0	0	0	0	0	0	0	2	0	4	0	1	0	0	0	0	0
SBF1	ENSG00000100241	ENST00000689849	nonsense_mediated_decay	1	0	0	5	0	0	0	0	0	0	0	0	2	0	4	0	1	0	0	0	0	0
SBF1	ENSG00000100241	ENST00000689981	protein_coding	1	1	3	29	0	0	0	0	0	0	0	0	26	3	0	0	1	0	0	0	1	4
SBF1	ENSG00000100241	ENST00000690155	retained_intron	0	0	0	28	0	0	0	0	0	0	0	0	24	0	0	0	0	0	0	0	0	4
SBF1	ENSG00000100241	ENST00000690197	nonsense_mediated_decay	0	0	0	1	0	0	0	0	0	0	1	0	0	0	0	0	0	0	0	0	0	0
SBF1	ENSG00000100241	ENST00000690369	retained_intron	1	0	0	32	0	0	0	0	0	0	0	0	26	0	4	0	1	0	0	0	0	3
SBF1	ENSG00000100241	ENST00000690590	retained_intron	1	0	0	5	0	0	0	0	0	0	0	0	2	0	4	0	1	0	0	0	0	0
SBF1	ENSG00000100241	ENST00000690990	protein_coding	1	1	3	29	0	0	0	0	0	0	0	0	26	3	0	0	1	0	0	0	1	4
SBF1	ENSG00000100241	ENST00000691233	protein_coding	1	1	3	29	0	0	0	0	0	0	0	0	26	3	0	0	1	0	0	0	1	4
SBF1	ENSG00000100241	ENST00000691306	protein_coding	1	2	2	1	0	0	0	0	0	0	0	0	3	2	0	0	1	1	0	0	1	0
SBF1	ENSG00000100241	ENST00000691344	nonsense_mediated_decay	0	0	0	28	0	0	0	0	0	0	0	0	24	0	0	0	0	0	0	0	0	4
SBF1	ENSG00000100241	ENST00000691345	retained_intron	0	0	0	6	0	0	0	0	0	0	0	0	6	0	0	0	0	0	0	0	0	0
SBF1	ENSG00000100241	ENST00000691792	protein_coding	1	1	3	29	0	0	0	0	0	0	0	0	26	3	0	0	1	0	0	0	1	4
SBF1	ENSG00000100241	ENST00000691959	retained_intron	1	0	0	27	0	0	0	0	0	0	3	0	2	0	4	0	1	0	0	0	0	19
SBF1	ENSG00000100241	ENST00000692006	protein_coding	0	0	0	6	0	0	0	0	0	0	6	0	0	0	0	0	0	0	0	0	0	0
SBF1	ENSG00000100241	ENST00000692076	protein_coding	0	0	0	20	0	0	0	0	0	0	0	0	0	0	0	0	0	0	0	0	0	20
SBF1	ENSG00000100241	ENST00000692844	retained_intron	1	0	0	5	0	0	0	0	0	0	0	0	2	0	4	0	1	0	0	0	0	0
SBF1	ENSG00000100241	ENST00000692946	nonsense_mediated_decay	1	0	0	8	0	0	0	0	0	0	3	0	2	0	4	0	1	0	0	0	0	0
SBF1	ENSG00000100241	ENST00000693052	protein_coding	1	1	3	29	0	0	0	0	0	0	0	0	26	3	0	0	1	0	0	0	1	4
SBF1	ENSG00000100241	ENST00000693068	protein_coding	0	0	0	6	0	0	0	0	0	0	0	0	0	0	0	0	0	0	0	0	0	6
SBF1	ENSG00000100241	ENST00000693289	retained_intron	1	0	0	5	0	0	0	0	0	0	0	0	2	0	4	0	1	0	0	0	0	0
SBF1	ENSG00000100241	ENST00000693440	protein_coding	1	1	3	29	0	0	0	0	0	0	0	0	26	3	0	0	1	0	0	0	1	4
SBF1	ENSG00000100241	ENST00000693499	retained_intron	0	0	0	13	0	0	0	0	0	0	0	0	0	0	6	0	0	0	0	0	0	7
SBF1	ENSG00000100241	ENST00000693591	retained_intron	0	0	0	6	0	0	0	0	0	0	0	0	0	0	6	0	0	0	0	0	0	0
SBF1	ENSG00000100241	ENST00000693675	retained_intron	0	0	0	16	0	0	0	0	0	0	0	0	0	0	0	0	0	0	0	0	0	16
SCO2	ENSG00000284194	ENST00000252785	protein_coding	0	0	0	21	0	0	0	0	0	0	13	0	0	0	0	0	0	0	0	0	0	8
SCO2	ENSG00000284194	ENST00000395693	protein_coding	0	0	0	21	0	0	0	0	0	0	13	0	0	0	0	0	0	0	0	0	0	8
SCO2	ENSG00000284194	ENST00000535425	protein_coding	0	0	0	23	0	0	0	0	0	0	13	0	0	0	0	0	0	0	0	0	0	10
SCO2	ENSG00000284194	ENST00000543927	protein_coding	0	0	0	23	0	0	0	0	0	0	13	0	0	0	0	0	0	0	0	0	0	10
SCO2	ENSG00000284194	ENST00000638598	protein_coding	0	0	0	21	0	0	0	0	0	0	11	0	0	0	0	0	0	0	0	0	0	10
SCUBE1	ENSG00000159307	ENST00000290460	protein_coding	0	0	0	50	0	0	0	0	0	0	1	0	49	0	0	0	0	0	0	0	0	0
SCUBE1	ENSG00000159307	ENST00000360835	protein_coding	1	3	1	99	3	0	0	0	0	0	13	0	85	1	0	0	1	1	0	0	2	0
SCUBE1	ENSG00000159307	ENST00000449304	protein_coding	0	0	0	27	0	0	0	0	0	0	14	0	6	0	0	0	0	0	0	0	0	7
SCUBE1	ENSG00000159307	ENST00000470433	processed_transcript	0	0	0	21	0	0	0	0	0	0	7	0	6	0	0	0	0	0	0	0	0	8
SCUBE1	ENSG00000159307	ENST00000477991	processed_transcript	0	0	0	21	0	0	0	0	0	0	7	0	6	0	0	0	0	0	0	0	0	8
SCUBE1-AS1	ENSG00000203527	ENST00000458463		0	0	0	31	0	0	0	0	0	0	10	0	7	0	0	0	0	0	0	0	0	14
SCUBE1-AS2	ENSG00000236272	ENST00000420269		0	0	0	12	0	0	0	0	0	0	7	0	0	0	5	0	0	0	0	0	0	0
SEC14L2	ENSG00000100003	ENST00000402592	protein_coding	0	3	5	39	0	0	0	0	0	0	0	0	39	5	0	0	0	1	0	0	2	1
SEC14L2	ENSG00000100003	ENST00000405717	protein_coding	0	6	5	36	2	0	0	0	0	0	7	0	27	5	0	0	0	1	0	0	5	1
SEC14L2	ENSG00000100003	ENST00000415072	protein_coding	0	0	0	17	0	0	0	0	0	0	6	0	10	0	0	0	0	0	0	0	0	1
SEC14L2	ENSG00000100003	ENST00000416523	processed_transcript	0	0	0	21	0	0	0	0	0	0	8	0	12	0	0	0	0	0	0	0	0	1
SEC14L2	ENSG00000100003	ENST00000428195	protein_coding	0	0	0	46	0	0	0	0	0	0	22	0	23	0	0	0	0	0	0	0	0	1
SEC14L2	ENSG00000100003	ENST00000429917	protein_coding	0	0	0	18	0	0	0	0	0	0	7	0	10	0	0	0	0	0	0	0	0	1
SEC14L2	ENSG00000100003	ENST00000437022	nonsense_mediated_decay	0	0	0	21	0	0	0	0	0	0	8	0	12	0	0	0	0	0	0	0	0	1
SEC14L2	ENSG00000100003	ENST00000452649	nonsense_mediated_decay	0	0	0	21	0	0	0	0	0	0	6	0	14	0	0	0	0	0	0	0	0	1
SEC14L2	ENSG00000100003	ENST00000459728	processed_transcript	0	0	0	21	0	0	0	0	0	0	8	0	12	0	0	0	0	0	0	0	0	1
SEC14L2	ENSG00000100003	ENST00000464335	retained_intron	0	1	0	45	0	0	0	0	0	0	6	0	23	0	12	0	0	1	0	0	0	5
SEC14L2	ENSG00000100003	ENST00000483116	retained_intron	0	1	0	35	0	0	0	0	0	0	19	0	13	0	1	0	0	1	0	0	0	3
SEC14L2	ENSG00000100003	ENST00000484486	processed_transcript	0	0	0	11	0	0	0	0	0	0	6	0	0	0	0	0	0	0	0	0	0	5
SEC14L2	ENSG00000100003	ENST00000485482	processed_transcript	0	0	0	11	0	0	0	0	0	0	6	0	0	0	0	0	0	0	0	0	0	5
SEC14L2	ENSG00000100003	ENST00000615189	protein_coding	0	3	5	39	0	0	0	0	0	0	0	0	39	5	0	0	0	1	0	0	2	1
SEC14L2	ENSG00000100003	ENST00000617837	protein_coding	0	3	5	39	0	0	0	0	0	0	0	0	39	5	0	0	0	1	0	0	2	1
SEC14L2	ENSG00000100003	ENST00000619483	retained_intron	0	0	0	47	0	0	0	0	0	0	0	0	37	0	9	0	0	0	0	0	0	1
SEC14L2	ENSG00000100003	ENST00000620251	retained_intron	0	1	0	36	0	0	0	0	0	0	0	0	27	0	7	0	0	1	0	0	0	3
SEC14L4	ENSG00000133488	ENST00000255858	protein_coding	0	1	1	8	1	0	0	0	0	0	0	0	6	1	0	0	0	0	0	0	1	1
SEC14L4	ENSG00000133488	ENST00000320982	nonsense_mediated_decay	0	0	0	13	3	0	0	0	0	0	0	0	6	0	3	0	0	0	0	0	0	1
SEC14L4	ENSG00000133488	ENST00000321205	nonsense_mediated_decay	0	0	0	13	3	0	0	0	0	0	0	0	6	0	3	0	0	0	0	0	0	1
SEC14L4	ENSG00000133488	ENST00000381982	protein_coding	0	1	1	8	0	0	0	0	0	0	0	0	7	1	0	0	0	0	0	0	1	1
SEC14L6	ENSG00000214491	ENST00000402034	protein_coding	0	0	0	3	0	0	0	0	0	0	3	0	0	0	0	0	0	0	0	0	0	0
SEC14L6	ENSG00000214491	ENST00000687231	protein_coding	0	0	0	3	0	0	0	0	0	0	3	0	0	0	0	0	0	0	0	0	0	0
SEC14L6	ENSG00000214491	ENST00000688644	protein_coding	0	0	0	3	0	0	0	0	0	0	3	0	0	0	0	0	0	0	0	0	0	0
SEC14L6	ENSG00000214491	ENST00000691669	protein_coding	0	0	0	3	0	0	0	0	0	0	3	0	0	0	0	0	0	0	0	0	0	0
SELENOO	ENSG00000073169	ENST00000380903	protein_coding	0	5	6	11	3	0	0	0	0	0	4	0	4	6	0	0	0	1	0	0	4	1
SELENOO	ENSG00000073169	ENST00000492092	processed_transcript	0	1	0	20	0	0	0	0	0	0	4	0	4	0	13	0	0	1	0	0	0	0
SEPTIN3	ENSG00000100167	ENST00000396417	nonsense_mediated_decay	0	0	0	24	2	0	0	0	0	0	2	0	10	0	2	0	0	0	0	0	0	8
SEPTIN3	ENSG00000100167	ENST00000396425	protein_coding	0	0	0	22	2	0	0	0	0	0	2	0	10	0	0	0	0	0	0	0	0	8
SEPTIN3	ENSG00000100167	ENST00000396426	protein_coding	0	0	0	22	2	0	0	0	0	0	2	0	10	0	0	0	0	0	0	0	0	8
SEPTIN3	ENSG00000100167	ENST00000406029	protein_coding	0	0	0	22	2	0	0	0	0	0	2	0	10	0	0	0	0	0	0	0	0	8
SEPTIN3	ENSG00000100167	ENST00000449288	protein_coding	0	0	0	18	0	0	0	0	0	0	0	0	10	0	0	0	0	0	0	0	0	8
SEPTIN3	ENSG00000100167	ENST00000460267	retained_intron	0	0	0	5	0	0	0	0	0	0	0	0	0	0	2	0	0	0	0	0	0	3
SEPTIN3	ENSG00000100167	ENST00000644076	protein_coding	0	1	0	32	2	0	0	0	0	0	2	0	28	0	0	0	0	1	0	0	0	1
SEPTIN5	ENSG00000184702	ENST00000406172	nonsense_mediated_decay	0	0	0	5	0	0	0	0	0	0	0	0	0	0	0	0	0	0	0	0	0	5
SEPTIN5	ENSG00000184702	ENST00000406395	protein_coding	0	0	0	5	0	0	0	0	0	0	0	0	0	0	0	0	0	0	0	0	0	5
SEPTIN5	ENSG00000184702	ENST00000412544	protein_coding	0	0	0	5	0	0	0	0	0	0	0	0	0	0	0	0	0	0	0	0	0	5
SEPTIN5	ENSG00000184702	ENST00000455784	protein_coding	0	0	0	5	0	0	0	0	0	0	0	0	0	0	0	0	0	0	0	0	0	5
SERHL2	ENSG00000183569	ENST00000327678	protein_coding	0	0	0	15	0	0	0	0	0	0	3	0	12	0	0	0	0	0	0	0	0	0
SERHL2	ENSG00000183569	ENST00000335879	protein_coding	0	0	0	15	0	0	0	0	0	0	3	0	12	0	0	0	0	0	0	0	0	0
SERHL2	ENSG00000183569	ENST00000340239	protein_coding	0	0	0	15	0	0	0	0	0	0	3	0	12	0	0	0	0	0	0	0	0	0
SERHL2	ENSG00000183569	ENST00000407614	protein_coding	0	0	0	15	0	0	0	0	0	0	3	0	12	0	0	0	0	0	0	0	0	0
SERHL2	ENSG00000183569	ENST00000416156	nonsense_mediated_decay	0	0	0	15	0	0	0	0	0	0	3	0	12	0	0	0	0	0	0	0	0	0
SERHL2	ENSG00000183569	ENST00000447870	protein_coding	0	0	0	4	0	0	0	0	0	0	0	0	4	0	0	0	0	0	0	0	0	0
SERHL2	ENSG00000183569	ENST00000472589	retained_intron	0	0	0	4	0	0	0	0	0	0	4	0	0	0	0	0	0	0	0	0	0	0
SERHL2	ENSG00000183569	ENST00000477564	nonsense_mediated_decay	0	0	0	15	0	0	0	0	0	0	3	0	12	0	0	0	0	0	0	0	0	0
SERHL2	ENSG00000183569	ENST00000527167	retained_intron	0	0	0	15	0	0	0	0	0	0	3	0	12	0	0	0	0	0	0	0	0	0
SERHL2	ENSG00000183569	ENST00000534080	retained_intron	0	0	0	15	0	0	0	0	0	0	3	0	12	0	0	0	0	0	0	0	0	0
SERPIND1	ENSG00000099937	ENST00000215727	protein_coding	5	4	8	27	0	0	0	0	0	0	2	3	25	8	0	0	0	0	2	0	4	0
SERPIND1	ENSG00000099937	ENST00000406799	protein_coding	5	4	8	27	0	0	0	0	0	0	2	3	25	8	0	0	0	0	2	0	4	0
SFI1	ENSG00000198089	ENST00000357852	retained_intron	0	0	0	4	0	0	0	0	0	0	4	0	0	0	0	0	0	0	0	0	0	0
SFI1	ENSG00000198089	ENST00000382162	retained_intron	0	0	0	126	0	0	0	0	0	0	4	0	106	0	0	0	0	0	0	0	0	16
SFI1	ENSG00000198089	ENST00000400288	protein_coding	0	0	0	126	0	0	0	0	0	0	4	0	106	0	0	0	0	0	0	0	0	16
SFI1	ENSG00000198089	ENST00000400289	protein_coding	0	0	0	126	0	0	0	0	0	0	4	0	106	0	0	0	0	0	0	0	0	16
SFI1	ENSG00000198089	ENST00000411518	nonsense_mediated_decay	0	0	0	100	0	0	0	0	0	0	35	0	49	0	0	0	0	0	0	0	0	16
SFI1	ENSG00000198089	ENST00000417682	protein_coding	0	0	0	15	0	0	0	0	0	0	0	0	15	0	0	0	0	0	0	0	0	0
SFI1	ENSG00000198089	ENST00000425671	protein_coding	0	0	0	10	0	0	0	0	0	0	4	0	0	0	0	0	0	0	0	0	0	6
SFI1	ENSG00000198089	ENST00000432498	protein_coding	0	0	0	128	0	0	0	0	0	0	4	0	106	0	0	0	0	0	0	0	0	18
SFI1	ENSG00000198089	ENST00000443011	protein_coding	0	0	0	126	0	0	0	0	0	0	4	0	106	0	0	0	0	0	0	0	0	16
SFI1	ENSG00000198089	ENST00000444859	protein_coding	0	0	0	81	0	0	0	0	0	0	29	0	36	0	0	0	0	0	0	0	0	16
SFI1	ENSG00000198089	ENST00000450787	protein_coding	0	0	0	61	0	0	0	0	0	0	0	0	55	0	0	0	0	0	0	0	0	6
SFI1	ENSG00000198089	ENST00000452250	nonsense_mediated_decay	0	0	0	19	0	0	0	0	0	0	4	0	15	0	0	0	0	0	0	0	0	0
SFI1	ENSG00000198089	ENST00000463436	processed_transcript	0	0	0	3	0	0	0	0	0	0	0	0	0	0	0	0	0	0	0	0	0	3
SFI1	ENSG00000198089	ENST00000464333	retained_intron	0	0	0	4	0	0	0	0	0	0	4	0	0	0	0	0	0	0	0	0	0	0
SFI1	ENSG00000198089	ENST00000465437	processed_transcript	0	0	0	83	0	0	0	0	0	0	31	0	36	0	0	0	0	0	0	0	0	16
SFI1	ENSG00000198089	ENST00000465646	processed_transcript	0	0	0	125	0	0	0	0	0	0	34	0	55	0	1	0	0	0	0	0	0	35
SFI1	ENSG00000198089	ENST00000466991	processed_transcript	0	0	0	4	0	0	0	0	0	0	0	0	3	0	0	0	0	0	0	0	0	1
SFI1	ENSG00000198089	ENST00000467357	processed_transcript	0	0	0	8	0	0	0	0	0	0	2	0	6	0	0	0	0	0	0	0	0	0
SFI1	ENSG00000198089	ENST00000474741	processed_transcript	0	0	0	4	0	0	0	0	0	0	4	0	0	0	0	0	0	0	0	0	0	0
SFI1	ENSG00000198089	ENST00000476010	retained_intron	0	0	0	8	0	0	0	0	0	0	2	0	6	0	0	0	0	0	0	0	0	0
SFI1	ENSG00000198089	ENST00000476577	retained_intron	0	0	0	4	0	0	0	0	0	0	4	0	0	0	0	0	0	0	0	0	0	0
SFI1	ENSG00000198089	ENST00000478887	retained_intron	0	0	0	8	0	0	0	0	0	0	2	0	6	0	0	0	0	0	0	0	0	0
SFI1	ENSG00000198089	ENST00000484806	retained_intron	0	0	0	8	0	0	0	0	0	0	2	0	6	0	0	0	0	0	0	0	0	0
SFI1	ENSG00000198089	ENST00000486708	retained_intron	0	0	0	61	0	0	0	0	0	0	0	0	55	0	0	0	0	0	0	0	0	6
SFI1	ENSG00000198089	ENST00000488883	retained_intron	0	0	0	4	0	0	0	0	0	0	3	0	0	0	0	0	0	0	0	0	0	1
SFI1	ENSG00000198089	ENST00000491973	retained_intron	0	0	0	3	0	0	0	0	0	0	0	0	3	0	0	0	0	0	0	0	0	0
SFI1	ENSG00000198089	ENST00000495107	retained_intron	0	0	0	3	0	0	0	0	0	0	0	0	0	0	0	0	0	0	0	0	0	3
SFI1	ENSG00000198089	ENST00000524296	nonsense_mediated_decay	0	0	0	90	0	0	0	0	0	0	0	0	90	0	0	0	0	0	0	0	0	0
SFI1	ENSG00000198089	ENST00000540643	protein_coding	0	0	0	129	0	0	0	0	0	0	4	0	106	0	0	0	0	0	0	0	0	19
SGSM1	ENSG00000167037	ENST00000400358	protein_coding	0	0	4	72	0	0	0	0	0	0	0	0	72	4	0	0	0	0	0	0	0	0
SGSM1	ENSG00000167037	ENST00000400359	protein_coding	0	0	4	72	0	0	0	0	0	0	0	0	72	4	0	0	0	0	0	0	0	0
SGSM1	ENSG00000167037	ENST00000470591	processed_transcript	0	0	0	5	0	0	0	0	0	0	0	0	5	0	0	0	0	0	0	0	0	0
SGSM1	ENSG00000167037	ENST00000473458	retained_intron	0	0	0	49	0	0	0	0	0	0	0	0	45	0	4	0	0	0	0	0	0	0
SGSM1	ENSG00000167037	ENST00000480523	retained_intron	0	0	0	49	0	0	0	0	0	0	0	0	45	0	4	0	0	0	0	0	0	0
SGSM1	ENSG00000167037	ENST00000610372	protein_coding	0	0	4	72	0	0	0	0	0	0	0	0	72	4	0	0	0	0	0	0	0	0
SGSM3	ENSG00000100359	ENST00000248929	protein_coding	0	0	0	14	0	0	0	0	0	0	6	0	0	0	0	0	0	0	0	0	0	8
SGSM3	ENSG00000100359	ENST00000457767	protein_coding	0	0	0	8	0	0	0	0	0	0	0	0	0	0	0	0	0	0	0	0	0	8
SGSM3	ENSG00000100359	ENST00000485962	retained_intron	0	0	0	8	0	0	0	0	0	0	0	0	0	0	0	0	0	0	0	0	0	8
SH3BP1	ENSG00000100092	ENST00000417536	nonsense_mediated_decay	0	0	0	7	0	0	0	0	0	0	0	0	7	0	0	0	0	0	0	0	0	0
SH3BP1	ENSG00000100092	ENST00000459646	retained_intron	0	0	0	2	0	0	0	0	0	0	0	0	0	0	0	0	0	0	0	0	0	2
SH3BP1	ENSG00000100092	ENST00000469947	retained_intron	0	0	0	7	0	0	0	0	0	0	0	0	0	0	0	0	0	0	0	0	0	7
SH3BP1	ENSG00000100092	ENST00000471650	retained_intron	0	0	0	2	0	0	0	0	0	0	0	0	0	0	0	0	0	0	0	0	0	2
SH3BP1	ENSG00000100092	ENST00000495174	processed_transcript	0	0	0	7	0	0	0	0	0	0	0	0	0	0	0	0	0	0	0	0	0	7
SH3BP1	ENSG00000100092	ENST00000644149	processed_transcript	0	0	0	7	0	0	0	0	0	0	0	0	2	0	0	0	0	0	0	0	0	5
SH3BP1	ENSG00000100092	ENST00000649765	protein_coding	0	0	0	7	0	0	0	0	0	0	0	0	2	0	0	0	0	0	0	0	0	5
SHANK3	ENSG00000251322	ENST00000262795	protein_coding	1	21	26	278	0	0	1	0	0	0	0	1	276	26	0	0	0	3	0	0	18	4
SHANK3	ENSG00000251322	ENST00000414786	processed_transcript	0	3	0	323	0	0	0	0	0	0	0	0	276	0	46	0	0	3	0	0	0	4
SHANK3	ENSG00000251322	ENST00000445220	protein_coding	0	17	24	163	0	0	0	0	0	0	0	0	129	24	0	0	0	1	0	0	16	35
SHANK3	ENSG00000251322	ENST00000659388	protein_coding	0	0	0	35	0	0	0	0	0	0	0	0	0	0	0	0	0	0	0	0	0	35
SHANK3	ENSG00000251322	ENST00000664402	protein_coding	0	17	24	127	0	1	7	0	0	0	0	0	108	24	0	0	0	1	0	0	15	13
SHANK3	ENSG00000251322	ENST00000673838	processed_transcript	0	0	0	62	0	0	0	0	0	0	23	0	4	0	0	0	0	0	0	0	0	35
SHANK3	ENSG00000251322	ENST00000673971	nonsense_mediated_decay	0	3	0	370	47	0	0	0	0	0	0	0	265	0	57	0	0	3	0	0	0	4
SHANK3	ENSG00000251322	ENST00000673995	nonsense_mediated_decay	0	0	0	62	0	0	0	0	0	0	23	0	4	0	0	0	0	0	0	0	0	35
SHANK3	ENSG00000251322	ENST00000674010	retained_intron	0	0	0	62	0	0	0	0	0	0	23	0	4	0	0	0	0	0	0	0	0	35
SHANK3	ENSG00000251322	ENST00000674145	retained_intron	0	0	0	62	0	0	0	0	0	0	23	0	4	0	0	0	0	0	0	0	0	35
SHANK3	ENSG00000251322	ENST00000691768	processed_transcript	0	2	0	155	0	0	0	0	0	0	26	0	103	0	24	0	0	2	0	0	0	4
SHANK3	ENSG00000251322	ENST00000692848	protein_coding	1	5	2	151	0	0	0	0	0	0	21	1	128	2	0	0	0	2	0	0	3	4
SHISA8	ENSG00000234965	ENST00000457093	protein_coding	0	0	1	14	0	0	0	0	0	0	2	0	6	1	0	0	0	0	0	0	0	6
SHISA8	ENSG00000234965	ENST00000621082	protein_coding	0	1	1	19	0	0	0	0	0	0	2	0	6	1	0	0	0	0	0	0	1	11
SHISAL1	ENSG00000138944	ENST00000381176	protein_coding	1	1	4	41	0	0	0	0	0	0	0	0	41	4	0	0	0	1	0	1	1	0
SLC16A8	ENSG00000100156	ENST00000320521	protein_coding	0	0	0	35	0	0	0	0	0	0	8	0	4	0	0	0	0	0	0	0	0	23
SLC16A8	ENSG00000100156	ENST00000427592	retained_intron	0	0	0	27	0	0	0	0	0	0	0	0	4	0	0	0	0	0	0	0	0	23
SLC16A8	ENSG00000100156	ENST00000469516	processed_transcript	0	0	0	35	0	0	0	0	0	0	8	0	6	0	2	0	0	0	0	0	0	19
SLC16A8	ENSG00000100156	ENST00000681075	protein_coding	0	0	0	35	0	0	2	0	0	0	8	0	6	0	0	0	0	0	0	0	0	19
SLC25A1	ENSG00000100075	ENST00000215882	protein_coding	0	0	0	15	1	0	0	0	0	0	12	0	0	0	0	0	0	0	0	0	0	2
SLC25A1	ENSG00000100075	ENST00000451283	protein_coding	0	0	0	14	1	0	0	0	0	0	12	0	0	0	0	0	0	0	0	0	0	1
SLC25A1	ENSG00000100075	ENST00000461267	processed_transcript	0	0	0	5	0	0	0	0	0	0	4	0	0	0	0	0	0	0	0	0	0	1
SLC25A1	ENSG00000100075	ENST00000468824	processed_transcript	0	0	0	5	0	0	0	0	0	0	4	0	0	0	0	0	0	0	0	0	0	1
SLC25A1	ENSG00000100075	ENST00000470922	retained_intron	0	0	0	15	0	0	0	0	0	0	12	0	0	0	1	0	0	0	0	0	0	2
SLC25A17	ENSG00000100372	ENST00000263255	nonsense_mediated_decay	0	0	0	144	0	0	0	0	0	0	0	0	134	0	0	0	0	0	0	0	0	10
SLC25A17	ENSG00000100372	ENST00000412879	nonsense_mediated_decay	0	0	0	144	0	0	0	0	0	0	0	0	134	0	0	0	0	0	0	0	0	10
SLC25A17	ENSG00000100372	ENST00000420970	nonsense_mediated_decay	0	0	0	144	0	0	0	0	0	0	0	0	134	0	0	0	0	0	0	0	0	10
SLC25A17	ENSG00000100372	ENST00000426396	nonsense_mediated_decay	0	0	0	144	0	0	0	0	0	0	0	0	134	0	0	0	0	0	0	0	0	10
SLC25A17	ENSG00000100372	ENST00000427084	nonsense_mediated_decay	0	0	0	144	0	0	0	0	0	0	0	0	134	0	0	0	0	0	0	0	0	10
SLC25A17	ENSG00000100372	ENST00000430221	nonsense_mediated_decay	0	0	0	144	0	0	0	0	0	0	0	0	134	0	0	0	0	0	0	0	0	10
SLC25A17	ENSG00000100372	ENST00000434185	protein_coding	0	0	0	144	0	0	0	0	0	0	0	0	134	0	0	0	0	0	0	0	0	10
SLC25A17	ENSG00000100372	ENST00000434193	nonsense_mediated_decay	0	0	0	144	0	0	0	0	0	0	0	0	134	0	0	0	0	0	0	0	0	10
SLC25A17	ENSG00000100372	ENST00000435456	protein_coding	0	0	0	144	0	0	0	0	0	0	0	0	134	0	0	0	0	0	0	0	0	10
SLC25A17	ENSG00000100372	ENST00000443810	nonsense_mediated_decay	0	0	0	144	0	0	0	0	0	0	0	0	134	0	0	0	0	0	0	0	0	10
SLC25A17	ENSG00000100372	ENST00000447566	nonsense_mediated_decay	0	0	0	144	0	0	0	0	0	0	0	0	134	0	0	0	0	0	0	0	0	10
SLC25A17	ENSG00000100372	ENST00000449676	nonsense_mediated_decay	0	0	0	144	0	0	0	0	0	0	0	0	134	0	0	0	0	0	0	0	0	10
SLC25A17	ENSG00000100372	ENST00000458600	nonsense_mediated_decay	0	0	0	144	0	0	0	0	0	0	0	0	134	0	0	0	0	0	0	0	0	10
SLC25A17	ENSG00000100372	ENST00000491545	processed_transcript	0	0	0	144	0	0	0	0	0	0	0	0	134	0	0	0	0	0	0	0	0	10
SLC25A17	ENSG00000100372	ENST00000544408	protein_coding	0	0	0	144	0	0	0	0	0	0	0	0	134	0	0	0	0	0	0	0	0	10
SLC25A18	ENSG00000182902	ENST00000327451	protein_coding	0	0	2	81	12	0	2	0	0	0	0	0	67	2	0	0	0	0	0	0	0	0
SLC25A18	ENSG00000182902	ENST00000399813	protein_coding	0	0	2	81	12	0	2	0	0	0	0	0	67	2	0	0	0	0	0	0	0	0
SLC25A18	ENSG00000182902	ENST00000467228	retained_intron	0	0	0	44	0	0	0	0	0	0	29	0	13	0	2	0	0	0	0	0	0	0
SLC25A18	ENSG00000182902	ENST00000469889	processed_transcript	0	0	0	2	0	0	0	0	0	0	0	0	0	0	0	0	0	0	0	0	0	2
SLC25A18	ENSG00000182902	ENST00000496051	processed_transcript	0	0	0	2	0	0	0	0	0	0	0	0	2	0	0	0	0	0	0	0	0	0
SLC25A18	ENSG00000182902	ENST00000497401	processed_transcript	0	0	0	44	0	0	0	0	0	0	21	0	19	0	2	0	0	0	0	0	0	2
SLC25A5P1	ENSG00000215347	ENST00000450250	transcribed_processed_pseudogene	0	0	0	8	0	0	0	0	0	0	4	0	0	0	0	0	0	0	0	0	0	4
SLC25A5P1	ENSG00000215347	ENST00000652665	processed_transcript	0	0	0	8	0	0	0	0	0	0	4	0	0	0	0	0	0	0	0	0	0	4
SLC35E4	ENSG00000100036	ENST00000343605	protein_coding	0	0	0	16	0	0	0	0	0	0	0	0	16	0	0	0	0	0	0	0	0	0
SLC35E4	ENSG00000100036	ENST00000406566	protein_coding	0	0	0	36	4	0	0	0	0	0	0	0	32	0	0	0	0	0	0	0	0	0
SLC35E4	ENSG00000100036	ENST00000451479	protein_coding	0	0	0	36	0	0	0	0	0	0	0	0	36	0	0	0	0	0	0	0	0	0
SLC5A1	ENSG00000100170	ENST00000266088	protein_coding	0	0	0	11	0	0	0	0	0	0	0	0	11	0	0	0	0	0	0	0	0	0
SLC5A1	ENSG00000100170	ENST00000477969	retained_intron	0	0	0	10	0	0	0	0	0	0	0	0	4	0	0	0	0	0	0	0	0	6
SLC5A1	ENSG00000100170	ENST00000486394	retained_intron	0	0	0	6	0	0	0	0	0	0	0	0	6	0	0	0	0	0	0	0	0	0
SLC5A1	ENSG00000100170	ENST00000543737	protein_coding	0	0	0	11	0	0	0	0	0	0	0	0	11	0	0	0	0	0	0	0	0	0
SLC5A4	ENSG00000100191	ENST00000266086	protein_coding	1	1	3	24	0	0	0	0	0	0	4	0	21	3	0	1	0	0	0	0	1	0
SLC5A4-AS1	ENSG00000242082	ENST00000434942		0	0	0	48	0	0	0	0	0	0	2	0	37	0	7	0	0	0	0	0	0	2
SLC5A4-AS1	ENSG00000242082	ENST00000452181		0	0	0	49	0	0	0	0	0	0	0	0	39	0	7	0	0	0	0	0	0	3
SMC1B	ENSG00000077935	ENST00000357450	protein_coding	0	0	0	3	0	0	0	0	0	0	0	0	3	0	0	0	0	0	0	0	0	0
SMC1B	ENSG00000077935	ENST00000404354	protein_coding	0	0	0	3	0	0	0	0	0	0	0	0	3	0	0	0	0	0	0	0	0	0
SMDT1	ENSG00000183172	ENST00000331479	protein_coding	0	0	0	6	0	0	0	0	0	0	1	0	0	0	0	0	0	0	0	0	0	5
SMDT1	ENSG00000183172	ENST00000422252	nonsense_mediated_decay	0	0	0	6	0	0	0	0	0	0	1	0	0	0	0	0	0	0	0	0	0	5
SMDT1	ENSG00000183172	ENST00000484235	retained_intron	0	0	0	6	0	0	0	0	0	0	1	0	0	0	0	0	0	0	0	0	0	5
SMTN	ENSG00000183963	ENST00000333137	protein_coding	0	8	5	1	0	0	0	0	0	0	0	0	1	5	0	0	0	1	0	0	8	0
SMTN	ENSG00000183963	ENST00000347557	protein_coding	0	8	5	1	0	0	0	0	0	0	0	0	1	5	0	0	0	1	0	0	8	0
SMTN	ENSG00000183963	ENST00000358743	protein_coding	0	8	5	1	0	0	0	0	0	0	0	0	1	5	0	0	0	1	0	0	8	0
SMTN	ENSG00000183963	ENST00000404574	protein_coding	0	0	0	14	0	0	0	0	0	0	0	0	0	0	0	0	0	0	0	0	0	14
SMTN	ENSG00000183963	ENST00000416786	protein_coding	0	0	0	14	0	0	0	0	0	0	14	0	0	0	0	0	0	0	0	0	0	0
SMTN	ENSG00000183963	ENST00000422839	protein_coding	0	0	0	23	0	0	0	0	0	0	14	0	0	0	0	0	0	0	0	0	0	9
SMTN	ENSG00000183963	ENST00000426927	protein_coding	0	0	0	14	0	0	0	0	0	0	14	0	0	0	0	0	0	0	0	0	0	0
SMTN	ENSG00000183963	ENST00000431481	protein_coding	0	0	0	14	0	0	0	0	0	0	14	0	0	0	0	0	0	0	0	0	0	0
SMTN	ENSG00000183963	ENST00000432777	protein_coding	0	0	0	23	0	0	0	0	0	0	14	0	0	0	0	0	0	0	0	0	0	9
SMTN	ENSG00000183963	ENST00000438223	protein_coding	0	0	0	14	0	0	0	0	0	0	14	0	0	0	0	0	0	0	0	0	0	0
SMTN	ENSG00000183963	ENST00000440425	protein_coding	0	0	0	14	0	0	0	0	0	0	14	0	0	0	0	0	0	0	0	0	0	0
SMTN	ENSG00000183963	ENST00000455608	protein_coding	0	0	0	14	0	0	0	0	0	0	0	0	0	0	0	0	0	0	0	0	0	14
SMTN	ENSG00000183963	ENST00000460658	retained_intron	0	1	0	13	0	0	0	0	0	0	0	0	1	0	13	0	0	1	0	0	0	0
SMTN	ENSG00000183963	ENST00000466272	retained_intron	0	1	0	13	0	0	0	0	0	0	11	0	0	0	3	0	0	1	0	0	0	0
SMTN	ENSG00000183963	ENST00000475548	processed_transcript	0	0	0	14	0	0	0	0	0	0	14	0	0	0	0	0	0	0	0	0	0	0
SMTN	ENSG00000183963	ENST00000482444	protein_coding	0	0	0	14	0	0	0	0	0	0	14	0	0	0	0	0	0	0	0	0	0	0
SMTN	ENSG00000183963	ENST00000489337	retained_intron	0	1	0	13	0	0	0	0	0	0	0	0	1	0	13	0	0	1	0	0	0	0
SMTN	ENSG00000183963	ENST00000493335	retained_intron	0	0	0	14	0	0	0	0	0	0	0	0	0	0	0	0	0	0	0	0	0	14
SMTN	ENSG00000183963	ENST00000497697	retained_intron	0	0	0	14	0	0	0	0	0	0	14	0	0	0	0	0	0	0	0	0	0	0
SMTN	ENSG00000183963	ENST00000612341	protein_coding	0	8	5	1	0	0	0	0	0	0	0	0	1	5	0	0	0	1	0	0	8	0
SMTN	ENSG00000183963	ENST00000619644	protein_coding	0	8	5	1	0	0	0	0	0	0	0	0	1	5	0	0	0	1	0	0	8	0
SMTN	ENSG00000183963	ENST00000624247	protein_coding	0	0	0	14	0	0	0	0	0	0	0	0	0	0	0	0	0	0	0	0	0	14
SNAP29	ENSG00000099940	ENST00000215730	protein_coding	0	0	0	9	0	0	0	0	0	0	7	0	2	0	0	0	0	0	0	0	0	0
SNAP29	ENSG00000099940	ENST00000439214	protein_coding	0	0	0	9	0	0	0	0	0	0	7	0	2	0	0	0	0	0	0	0	0	0
SNAP29	ENSG00000099940	ENST00000490458	retained_intron	0	0	0	2	0	0	0	0	0	0	0	0	2	0	0	0	0	0	0	0	0	0
SNORA50B	ENSG00000253007	ENST00000517198	snoRNA	0	0	0	7	0	0	0	0	0	0	7	0	0	0	0	0	0	0	0	0	0	0
SNORA77B	ENSG00000264346	ENST00000578179	snoRNA	0	0	0	37	0	0	0	0	0	0	37	0	0	0	0	0	0	0	0	0	0	0
SNORD13P1	ENSG00000238498	ENST00000458891	snoRNA	0	0	0	5	0	0	0	0	0	0	0	0	0	0	0	0	0	0	0	0	0	5
SNRPD3	ENSG00000100028	ENST00000215829	protein_coding	0	1	3	59	17	0	0	0	0	0	5	0	37	3	0	0	0	0	0	0	1	0
SNRPD3	ENSG00000100028	ENST00000402849	protein_coding	0	2	3	127	1	0	0	0	0	0	32	0	94	3	0	0	0	0	0	0	2	0
SNRPD3	ENSG00000100028	ENST00000468770	retained_intron	0	0	0	19	0	0	0	0	0	0	19	0	0	0	0	0	0	0	0	0	0	0
SNU13	ENSG00000100138	ENST00000215956	protein_coding	0	0	0	4	0	0	0	0	0	0	1	0	3	0	0	0	0	0	0	0	0	0
SNU13	ENSG00000100138	ENST00000401959	protein_coding	0	0	0	4	0	0	0	0	0	0	1	0	3	0	0	0	0	0	0	0	0	0
SNU13	ENSG00000100138	ENST00000402458	protein_coding	0	0	0	4	0	0	0	0	0	0	1	0	3	0	0	0	0	0	0	0	0	0
SNU13	ENSG00000100138	ENST00000463675	protein_coding	0	0	0	4	0	0	0	0	0	0	1	0	3	0	0	0	0	0	0	0	0	0
SNU13	ENSG00000100138	ENST00000469028	protein_coding	0	0	0	4	0	0	0	0	0	0	1	0	3	0	0	0	0	0	0	0	0	0
SNU13	ENSG00000100138	ENST00000488571	processed_transcript	0	0	0	4	0	0	0	0	0	0	1	0	3	0	0	0	0	0	0	0	0	0
SNU13	ENSG00000100138	ENST00000648161	processed_transcript	0	0	0	4	0	0	0	0	0	0	1	0	0	0	0	0	0	0	0	0	0	3
SNU13	ENSG00000100138	ENST00000648350	protein_coding	0	0	0	4	0	0	0	0	0	0	1	0	3	0	0	0	0	0	0	0	0	0
SNU13	ENSG00000100138	ENST00000648674	protein_coding	0	0	0	4	0	0	0	0	0	0	1	0	3	0	0	0	0	0	0	0	0	0
SNU13	ENSG00000100138	ENST00000649479	protein_coding	0	0	0	4	0	0	0	0	0	0	1	0	3	0	0	0	0	0	0	0	0	0
SNU13	ENSG00000100138	ENST00000649722	nonsense_mediated_decay	0	0	0	4	0	0	0	0	0	0	1	0	3	0	0	0	0	0	0	0	0	0
SOX10	ENSG00000100146	ENST00000360880	protein_coding	0	0	0	3	0	0	0	0	0	0	3	0	0	0	0	0	0	0	0	0	0	0
SOX10	ENSG00000100146	ENST00000396884	protein_coding	0	0	0	3	0	0	0	0	0	0	3	0	0	0	0	0	0	0	0	0	0	0
SOX10	ENSG00000100146	ENST00000446929	protein_coding	0	0	0	17	0	0	0	0	0	0	17	0	0	0	0	0	0	0	0	0	0	0
SOX10	ENSG00000100146	ENST00000651746	protein_coding	0	0	0	17	0	0	0	0	0	0	17	0	0	0	0	0	0	0	0	0	0	0
SOX10	ENSG00000100146	ENST00000690831	nonsense_mediated_decay	0	0	0	3	0	0	0	0	0	0	3	0	0	0	0	0	0	0	0	0	0	0
SPECC1L	ENSG00000100014	ENST00000314328	protein_coding	1	0	1	18	0	0	0	0	0	0	0	1	18	1	0	0	0	0	0	0	0	0
SPECC1L	ENSG00000100014	ENST00000416735	processed_transcript	0	0	0	8	0	0	0	0	0	0	0	0	6	0	2	0	0	0	0	0	0	0
SPECC1L	ENSG00000100014	ENST00000421374	protein_coding	1	0	1	6	0	0	0	0	0	0	0	1	6	1	0	0	0	0	0	0	0	0
SPECC1L	ENSG00000100014	ENST00000437398	protein_coding	1	0	1	18	0	0	0	0	0	0	0	1	18	1	0	0	0	0	0	0	0	0
SPECC1L	ENSG00000100014	ENST00000440893	protein_coding	1	0	1	6	0	0	0	0	0	0	1	1	5	1	0	0	0	0	0	0	0	0
SPECC1L	ENSG00000100014	ENST00000541492	protein_coding	1	0	1	18	0	0	0	0	0	0	0	1	18	1	0	0	0	0	0	0	0	0
SPECC1L	ENSG00000100014	ENST00000651059	protein_coding	1	0	1	18	0	0	0	0	0	0	0	1	18	1	0	0	0	0	0	0	0	0
SPECC1L-ADORA2A	ENSG00000258555	ENST00000358654	nonsense_mediated_decay	0	0	0	36	0	0	0	0	0	0	3	0	31	0	2	0	0	0	0	0	0	0
SREBF2	ENSG00000198911	ENST00000361204	protein_coding	0	0	0	42	0	0	3	0	0	0	7	0	20	0	0	0	0	0	0	0	0	12
SREBF2	ENSG00000198911	ENST00000424354	nonsense_mediated_decay	0	0	0	43	0	0	1	0	0	0	7	0	20	0	1	0	0	0	0	0	0	14
SREBF2	ENSG00000198911	ENST00000435061	protein_coding	0	0	0	11	0	0	0	0	0	0	2	0	5	0	0	0	0	0	0	0	0	4
SREBF2	ENSG00000198911	ENST00000463741	retained_intron	0	0	0	9	0	0	0	0	0	0	5	0	0	0	0	0	0	0	0	0	0	4
SREBF2	ENSG00000198911	ENST00000490262	retained_intron	0	0	0	11	0	0	0	0	0	0	7	0	0	0	0	0	0	0	0	0	0	4
SREBF2	ENSG00000198911	ENST00000491541	processed_transcript	0	0	0	16	0	0	0	0	0	0	7	0	9	0	0	0	0	0	0	0	0	0
SREBF2	ENSG00000198911	ENST00000612482	protein_coding	0	1	0	42	0	1	4	0	0	0	7	0	20	0	0	0	0	0	0	0	0	11
SREBF2-AS1	ENSG00000184068	ENST00000333487		0	0	0	15	0	0	0	0	0	0	0	0	0	0	15	0	0	0	0	0	0	0
SSTR3	ENSG00000278195	ENST00000610913	protein_coding	0	0	0	17	0	0	0	0	0	0	0	0	14	0	0	0	0	0	0	0	0	3
SSTR3	ENSG00000278195	ENST00000617123	protein_coding	0	0	0	17	0	0	0	0	0	0	0	0	3	0	0	0	0	0	0	0	0	14
ST13	ENSG00000100380	ENST00000216218	protein_coding	0	0	0	19	4	0	0	0	0	0	10	0	4	0	0	0	0	0	0	0	0	1
ST13	ENSG00000100380	ENST00000411695	protein_coding	0	0	0	4	0	0	0	0	0	0	3	0	0	0	0	0	0	0	0	0	0	1
ST13	ENSG00000100380	ENST00000413424	nonsense_mediated_decay	0	0	0	4	0	0	0	0	0	0	1	0	3	0	0	0	0	0	0	0	0	0
ST13	ENSG00000100380	ENST00000455824	nonsense_mediated_decay	0	0	0	9	0	0	0	0	0	0	4	0	4	0	0	0	0	0	0	0	0	1
ST13	ENSG00000100380	ENST00000480048	retained_intron	0	0	0	8	0	0	0	0	0	0	4	0	4	0	0	0	0	0	0	0	0	0
ST13	ENSG00000100380	ENST00000495652	retained_intron	0	0	0	3	0	0	0	0	0	0	3	0	0	0	0	0	0	0	0	0	0	0
SULT4A1	ENSG00000130540	ENST00000330884	protein_coding	0	0	0	10	0	0	0	0	0	0	2	0	8	0	0	0	0	0	0	0	0	0
SULT4A1	ENSG00000130540	ENST00000422525	nonsense_mediated_decay	0	0	0	10	0	0	0	0	0	0	2	0	8	0	0	0	0	0	0	0	0	0
SULT4A1	ENSG00000130540	ENST00000432404	nonsense_mediated_decay	0	0	0	10	0	0	0	0	0	0	2	0	8	0	0	0	0	0	0	0	0	0
SULT4A1	ENSG00000130540	ENST00000475131	retained_intron	0	0	0	8	0	0	0	0	0	0	0	0	8	0	0	0	0	0	0	0	0	0
SUSD2	ENSG00000099994	ENST00000358321	protein_coding	0	0	0	25	0	0	0	0	0	0	0	0	0	0	0	0	0	0	0	0	0	25
SUSD2	ENSG00000099994	ENST00000463101	retained_intron	0	0	0	24	0	0	0	0	0	0	0	0	0	0	0	0	0	0	0	0	0	24
SYCE3	ENSG00000217442	ENST00000402753	protein_coding	0	0	0	37	0	0	0	0	0	0	10	0	22	0	0	0	0	0	0	0	0	5
SYCE3	ENSG00000217442	ENST00000406915	protein_coding	0	0	0	48	0	0	0	0	0	0	10	0	27	0	0	0	0	0	0	0	0	11
SYN3	ENSG00000185666	ENST00000332840	protein_coding	0	0	0	9	0	0	0	0	0	0	0	0	0	0	0	0	0	0	0	0	0	9
SYN3	ENSG00000185666	ENST00000358763	protein_coding	0	0	0	282	0	0	0	0	0	0	5	0	277	0	0	0	0	0	0	0	0	0
SYN3	ENSG00000185666	ENST00000412575	protein_coding	0	0	0	3	0	0	0	0	0	0	0	0	3	0	0	0	0	0	0	0	0	0
SYN3	ENSG00000185666	ENST00000441821	protein_coding	0	0	0	3	0	0	0	0	0	0	0	0	3	0	0	0	0	0	0	0	0	0
SYN3	ENSG00000185666	ENST00000462268	processed_transcript	0	0	0	160	0	0	0	0	0	0	17	0	139	0	0	0	0	0	0	0	0	4
SYN3	ENSG00000185666	ENST00000467824	retained_intron	0	0	0	4	0	0	0	0	0	0	0	0	0	0	0	0	0	0	0	0	0	4
SYN3	ENSG00000185666	ENST00000472027	retained_intron	0	0	0	8	0	0	0	0	0	0	1	0	7	0	0	0	0	0	0	0	0	0
SYN3	ENSG00000185666	ENST00000619146	protein_coding	0	0	0	9	0	0	0	0	0	0	0	0	0	0	0	0	0	0	0	0	0	9
SYN3-AS1	ENSG00000236054	ENST00000428201		0	0	0	10	0	0	0	0	0	0	10	0	0	0	0	0	0	0	0	0	0	0
SYNGR1	ENSG00000100321	ENST00000216155	protein_coding	0	0	0	15	0	0	0	0	0	0	6	0	9	0	0	0	0	0	0	0	0	0
SYNGR1	ENSG00000100321	ENST00000318801	protein_coding	0	0	0	25	0	0	0	0	0	0	16	0	9	0	0	0	0	0	0	0	0	0
SYNGR1	ENSG00000100321	ENST00000328933	protein_coding	0	0	0	39	15	0	0	0	0	0	9	0	15	0	0	0	0	0	0	0	0	0
SYNGR1	ENSG00000100321	ENST00000381535	protein_coding	0	0	0	16	0	0	0	0	0	0	16	0	0	0	0	0	0	0	0	0	0	0
SYNGR1	ENSG00000100321	ENST00000406293	protein_coding	0	0	0	15	0	0	0	0	0	0	6	0	9	0	0	0	0	0	0	0	0	0
SYNGR1	ENSG00000100321	ENST00000415332	nonsense_mediated_decay	0	0	0	25	0	0	0	0	0	0	16	0	9	0	0	0	0	0	0	0	0	0
SYNGR1	ENSG00000100321	ENST00000489206	retained_intron	0	0	0	15	0	0	0	0	0	0	6	0	9	0	0	0	0	0	0	0	0	0
TAB1	ENSG00000100324	ENST00000216160	protein_coding	0	0	0	57	0	0	0	0	0	0	0	0	57	0	0	0	0	0	0	0	0	0
TAB1	ENSG00000100324	ENST00000331454	protein_coding	0	0	0	70	0	0	0	0	0	0	13	0	57	0	0	0	0	0	0	0	0	0
TAB1	ENSG00000100324	ENST00000461775	retained_intron	0	0	0	48	0	0	0	0	0	0	27	0	0	0	0	0	0	0	0	0	0	21
TAB1	ENSG00000100324	ENST00000473491	retained_intron	0	0	0	36	0	0	0	0	0	0	3	0	6	0	0	0	0	0	0	0	0	27
TAB1	ENSG00000100324	ENST00000473613	retained_intron	0	0	0	48	0	0	0	0	0	0	27	0	21	0	0	0	0	0	0	0	0	0
TAB1	ENSG00000100324	ENST00000488859	processed_transcript	0	0	0	16	0	0	0	0	0	0	13	0	0	0	0	0	0	0	0	0	0	3
TAB1	ENSG00000100324	ENST00000490819	retained_intron	0	0	0	42	0	0	0	0	0	0	23	0	4	0	0	0	0	0	0	0	0	15
TANGO2	ENSG00000183597	ENST00000327374	protein_coding	0	1	1	30	0	0	0	0	0	0	0	0	30	1	0	0	0	0	0	0	1	0
TANGO2	ENSG00000183597	ENST00000398042	protein_coding	0	1	1	30	0	0	0	0	0	0	0	0	30	1	0	0	0	0	0	0	1	0
TANGO2	ENSG00000183597	ENST00000399807	nonsense_mediated_decay	0	0	0	32	0	0	0	0	0	0	0	0	30	0	2	0	0	0	0	0	0	0
TANGO2	ENSG00000183597	ENST00000401833	protein_coding	0	1	1	30	0	0	0	0	0	0	0	0	30	1	0	0	0	0	0	0	1	0
TANGO2	ENSG00000183597	ENST00000401886	protein_coding	0	1	1	30	0	0	0	0	0	0	0	0	30	1	0	0	0	0	0	0	1	0
TANGO2	ENSG00000183597	ENST00000411907	processed_transcript	0	0	0	32	0	0	0	0	0	0	0	0	30	0	2	0	0	0	0	0	0	0
TANGO2	ENSG00000183597	ENST00000420290	protein_coding	0	1	1	30	0	0	0	0	0	0	0	0	30	1	0	0	0	0	0	0	1	0
TANGO2	ENSG00000183597	ENST00000430807	nonsense_mediated_decay	0	0	0	32	0	0	0	0	0	0	0	0	30	0	2	0	0	0	0	0	0	0
TANGO2	ENSG00000183597	ENST00000432198	protein_coding	0	1	1	30	0	0	0	0	0	0	0	0	30	1	0	0	0	0	0	0	1	0
TANGO2	ENSG00000183597	ENST00000432883	protein_coding	0	0	0	32	0	0	2	0	0	0	0	0	30	0	0	0	0	0	0	0	0	0
TANGO2	ENSG00000183597	ENST00000434168	protein_coding	0	1	1	30	0	0	0	0	0	0	0	0	30	1	0	0	0	0	0	0	1	0
TANGO2	ENSG00000183597	ENST00000434570	protein_coding	0	1	1	30	0	0	0	0	0	0	0	0	30	1	0	0	0	0	0	0	1	0
TANGO2	ENSG00000183597	ENST00000444651	nonsense_mediated_decay	0	0	0	26	0	0	0	0	0	0	0	0	24	0	2	0	0	0	0	0	0	0
TANGO2	ENSG00000183597	ENST00000447208	protein_coding	0	1	1	30	0	0	0	0	0	0	0	0	30	1	0	0	0	0	0	0	1	0
TANGO2	ENSG00000183597	ENST00000450019	nonsense_mediated_decay	0	0	0	32	0	0	0	0	0	0	0	0	30	0	2	0	0	0	0	0	0	0
TANGO2	ENSG00000183597	ENST00000450664	protein_coding	0	1	1	30	0	0	0	0	0	0	0	0	30	1	0	0	0	0	0	0	1	0
TANGO2	ENSG00000183597	ENST00000456048	protein_coding	0	1	1	30	0	0	0	0	0	0	0	0	30	1	0	0	0	0	0	0	1	0
TANGO2	ENSG00000183597	ENST00000462579	retained_intron	0	0	0	26	0	0	0	0	0	0	0	0	24	0	2	0	0	0	0	0	0	0
TANGO2	ENSG00000183597	ENST00000471707	retained_intron	0	0	0	32	0	0	0	0	0	0	0	0	30	0	2	0	0	0	0	0	0	0
TANGO2	ENSG00000183597	ENST00000475446	processed_transcript	0	0	0	32	0	0	0	0	0	0	17	0	13	0	2	0	0	0	0	0	0	0
TANGO2	ENSG00000183597	ENST00000479679	processed_transcript	0	0	0	32	0	0	0	0	0	0	0	0	30	0	2	0	0	0	0	0	0	0
TANGO2	ENSG00000183597	ENST00000484373	retained_intron	0	0	0	26	0	0	0	0	0	0	0	0	24	0	2	0	0	0	0	0	0	0
TANGO2	ENSG00000183597	ENST00000485715	processed_transcript	0	0	0	26	0	0	0	0	0	0	0	0	24	0	2	0	0	0	0	0	0	0
TANGO2	ENSG00000183597	ENST00000490121	processed_transcript	0	0	0	10	0	0	0	0	0	0	0	0	0	0	0	0	0	0	0	0	0	10
TANGO2	ENSG00000183597	ENST00000490583	processed_transcript	0	0	0	17	0	0	0	0	0	0	0	0	0	0	0	0	0	0	0	0	0	17
TBC1D22A	ENSG00000054611	ENST00000337137	protein_coding	0	7	2	419	0	0	0	0	0	0	0	0	371	2	0	0	0	2	0	0	5	50
TBC1D22A	ENSG00000054611	ENST00000355704	protein_coding	0	7	2	419	0	0	0	0	0	0	0	0	371	2	0	0	0	2	0	0	5	50
TBC1D22A	ENSG00000054611	ENST00000380995	protein_coding	0	7	2	419	0	0	1	0	0	0	0	0	370	2	0	0	0	2	0	0	5	50
TBC1D22A	ENSG00000054611	ENST00000394449	nonsense_mediated_decay	0	2	0	426	0	0	0	0	0	0	0	0	371	0	7	0	0	2	0	0	0	50
TBC1D22A	ENSG00000054611	ENST00000406733	protein_coding	0	5	2	347	0	0	0	0	0	0	0	0	335	2	0	0	0	0	0	0	5	12
TBC1D22A	ENSG00000054611	ENST00000407381	protein_coding	0	7	2	419	0	0	0	0	0	0	0	0	371	2	0	0	0	2	0	0	5	50
TBC1D22A	ENSG00000054611	ENST00000441162	nonsense_mediated_decay	0	1	0	429	0	1	1	0	0	0	0	0	355	0	8	0	0	0	0	0	0	65
TBC1D22A	ENSG00000054611	ENST00000441936	nonsense_mediated_decay	0	2	0	183	3	0	0	0	0	0	16	0	113	0	3	0	0	2	0	0	0	50
TBC1D22A	ENSG00000054611	ENST00000472791	processed_transcript	0	0	0	182	0	0	0	0	0	0	14	0	105	0	5	0	0	0	0	0	0	58
TBC1D22A	ENSG00000054611	ENST00000486163	processed_transcript	0	2	0	180	0	0	0	0	0	0	16	0	112	0	4	0	0	2	0	0	0	50
TBC1D22A	ENSG00000054611	ENST00000496139	processed_transcript	0	2	0	180	0	0	0	0	0	0	17	0	112	0	3	0	0	2	0	0	0	50
TBC1D22A-DT	ENSG00000260708	ENST00000564152		0	0	0	70	0	0	0	0	0	0	45	0	0	0	5	0	0	0	0	0	0	20
TBX1	ENSG00000184058	ENST00000329705	protein_coding	0	0	0	32	0	0	0	0	0	0	0	0	18	0	0	0	0	0	0	0	0	14
TBX1	ENSG00000184058	ENST00000332710	protein_coding	0	1	5	18	1	0	0	0	0	0	3	0	0	5	0	0	0	0	0	0	1	14
TBX1	ENSG00000184058	ENST00000359500	protein_coding	0	0	0	32	0	0	0	0	0	0	0	0	18	0	0	0	0	0	0	0	0	14
TBX1	ENSG00000184058	ENST00000475303	retained_intron	0	0	0	7	0	0	0	0	0	0	7	0	0	0	0	0	0	0	0	0	0	0
TBX1	ENSG00000184058	ENST00000484336	retained_intron	0	0	0	10	0	0	0	0	0	0	10	0	0	0	0	0	0	0	0	0	0	0
TBX1	ENSG00000184058	ENST00000649276	protein_coding	0	1	5	4	1	0	0	0	0	0	3	0	0	5	0	0	0	0	0	0	1	0
TBX1	ENSG00000184058	ENST00000680333	protein_coding	0	0	0	10	0	0	0	0	0	0	7	0	0	0	0	0	0	0	0	0	0	3
TCF20	ENSG00000100207	ENST00000335626	protein_coding	0	0	0	48	0	0	0	0	0	0	4	0	44	0	0	0	0	0	0	0	0	0
TCF20	ENSG00000100207	ENST00000359486	protein_coding	0	0	0	95	0	0	0	0	0	0	4	0	91	0	0	0	0	0	0	0	0	0
TCF20	ENSG00000100207	ENST00000404876	protein_coding	0	0	0	48	0	0	0	0	0	0	4	0	44	0	0	0	0	0	0	0	0	0
TCF20	ENSG00000100207	ENST00000515426	protein_coding	0	0	0	101	0	0	0	0	0	0	0	0	101	0	0	0	0	0	0	0	0	0
TCF20	ENSG00000100207	ENST00000675876	protein_coding	0	0	0	93	0	0	0	0	0	0	6	0	79	0	0	0	0	0	0	0	0	8
TCF20	ENSG00000100207	ENST00000677622	protein_coding	0	0	0	87	0	0	0	0	0	0	4	0	63	0	0	0	0	0	0	0	0	20
TCF20	ENSG00000100207	ENST00000683686	protein_coding	0	0	0	87	0	0	0	0	0	0	4	0	62	0	0	0	0	0	0	0	0	21
TEF	ENSG00000167074	ENST00000406644	protein_coding	0	0	0	1	0	0	0	0	0	0	0	0	1	0	0	0	0	0	0	0	0	0
THOC5	ENSG00000100296	ENST00000358079	nonsense_mediated_decay	0	0	0	24	0	0	0	0	0	0	0	0	24	0	0	0	0	0	0	0	0	0
THOC5	ENSG00000100296	ENST00000397871	protein_coding	0	0	0	24	0	0	0	0	0	0	0	0	24	0	0	0	0	0	0	0	0	0
THOC5	ENSG00000100296	ENST00000397872	protein_coding	0	0	0	24	0	0	0	0	0	0	0	0	24	0	0	0	0	0	0	0	0	0
THOC5	ENSG00000100296	ENST00000397873	protein_coding	0	0	0	24	0	0	0	0	0	0	0	0	24	0	0	0	0	0	0	0	0	0
THOC5	ENSG00000100296	ENST00000414902	nonsense_mediated_decay	0	0	0	2	0	0	0	0	0	0	2	0	0	0	0	0	0	0	0	0	0	0
THOC5	ENSG00000100296	ENST00000428374	protein_coding	0	0	0	11	0	0	0	0	0	0	11	0	0	0	0	0	0	0	0	0	0	0
THOC5	ENSG00000100296	ENST00000440771	protein_coding	0	0	0	19	0	0	0	0	0	0	16	0	3	0	0	0	0	0	0	0	0	0
THOC5	ENSG00000100296	ENST00000442555	nonsense_mediated_decay	0	0	0	24	0	0	0	0	0	0	0	0	24	0	0	0	0	0	0	0	0	0
THOC5	ENSG00000100296	ENST00000443089	protein_coding	0	0	0	23	0	0	0	0	0	0	4	0	19	0	0	0	0	0	0	0	0	0
THOC5	ENSG00000100296	ENST00000455450	protein_coding	0	0	0	11	0	0	0	0	0	0	11	0	0	0	0	0	0	0	0	0	0	0
THOC5	ENSG00000100296	ENST00000475187	retained_intron	0	0	0	19	0	0	0	0	0	0	8	0	3	0	8	0	0	0	0	0	0	0
THOC5	ENSG00000100296	ENST00000484924	retained_intron	0	0	0	24	0	0	0	0	0	0	1	0	20	0	0	0	0	0	0	0	0	3
THOC5	ENSG00000100296	ENST00000488052	retained_intron	0	0	0	19	0	0	0	0	0	0	0	0	16	0	0	0	0	0	0	0	0	3
THOC5	ENSG00000100296	ENST00000490103	protein_coding	0	0	0	24	0	0	0	0	0	0	0	0	24	0	0	0	0	0	0	0	0	0
THOC5	ENSG00000100296	ENST00000492707	retained_intron	0	0	0	19	0	0	0	0	0	0	0	0	19	0	0	0	0	0	0	0	0	0
TIMP3	ENSG00000100234	ENST00000266085	protein_coding	0	1	1	62	0	0	0	0	0	0	0	0	59	1	0	0	0	0	0	0	1	3
TMEM184B	ENSG00000198792	ENST00000361684	protein_coding	0	2	1	75	27	0	0	0	0	0	0	0	42	1	0	0	0	0	0	0	2	6
TMEM184B	ENSG00000198792	ENST00000361906	protein_coding	0	2	1	75	27	0	0	0	0	0	0	0	42	1	0	0	0	0	0	0	2	6
TMEM184B	ENSG00000198792	ENST00000403210	processed_transcript	0	0	0	37	0	0	0	0	0	0	9	0	22	0	3	0	0	0	0	0	0	3
TMEM184B	ENSG00000198792	ENST00000411679	nonsense_mediated_decay	0	0	0	54	3	0	0	0	0	0	12	0	30	0	3	0	0	0	0	0	0	6
TMEM184B	ENSG00000198792	ENST00000436674	nonsense_mediated_decay	0	0	0	108	30	0	0	0	0	0	0	0	42	0	30	0	0	0	0	0	0	6
TMEM184B	ENSG00000198792	ENST00000457534	nonsense_mediated_decay	0	0	0	51	0	0	0	0	0	0	12	0	33	0	0	0	0	0	0	0	0	6
TMEM184B	ENSG00000198792	ENST00000464059	processed_transcript	0	0	0	28	0	0	0	0	0	0	9	0	17	0	0	0	0	0	0	0	0	2
TMEM184B	ENSG00000198792	ENST00000466117	retained_intron	0	0	0	32	0	0	0	0	0	0	6	0	20	0	0	0	0	0	0	0	0	6
TMEM184B	ENSG00000198792	ENST00000474416	retained_intron	0	0	0	17	0	0	0	0	0	0	0	0	12	0	0	0	0	0	0	0	0	5
TMEM184B	ENSG00000198792	ENST00000488844	retained_intron	0	0	0	20	0	0	0	0	0	0	3	0	12	0	0	0	0	0	0	0	0	5
TMEM184B	ENSG00000198792	ENST00000504337	retained_intron	0	0	0	28	0	0	0	0	0	0	20	0	0	0	7	0	0	0	0	0	0	1
TMEM184B	ENSG00000198792	ENST00000633056	retained_intron	0	0	0	37	0	0	0	0	0	0	0	0	0	0	27	0	0	0	0	0	0	10
TMEM184B	ENSG00000198792	ENST00000633438	protein_coding	0	1	1	50	3	0	0	0	0	0	24	0	22	1	0	0	0	0	0	0	1	1
TMEM211	ENSG00000206069	ENST00000407886	protein_coding	0	0	0	21	0	0	0	0	0	0	0	0	20	0	0	0	0	0	0	0	0	1
TMEM211	ENSG00000206069	ENST00000423535	protein_coding	0	0	0	18	0	0	0	0	0	0	0	0	1	0	0	0	0	0	0	0	0	17
TMEM211	ENSG00000206069	ENST00000640159	protein_coding	0	0	0	21	0	0	0	0	0	0	0	0	20	0	0	0	0	0	0	0	0	1
TMPRSS6	ENSG00000187045	ENST00000346753	protein_coding	0	0	0	2	0	0	0	0	0	0	0	0	2	0	0	0	0	0	0	0	0	0
TMPRSS6	ENSG00000187045	ENST00000381792	protein_coding	0	0	0	2	0	0	0	0	0	0	0	0	2	0	0	0	0	0	0	0	0	0
TMPRSS6	ENSG00000187045	ENST00000406725	protein_coding	0	0	0	2	0	0	0	0	0	0	0	0	2	0	0	0	0	0	0	0	0	0
TMPRSS6	ENSG00000187045	ENST00000406856	protein_coding	0	0	0	2	0	0	0	0	0	0	0	0	2	0	0	0	0	0	0	0	0	0
TMPRSS6	ENSG00000187045	ENST00000423761	protein_coding	0	0	0	2	0	0	0	0	0	0	0	0	2	0	0	0	0	0	0	0	0	0
TMPRSS6	ENSG00000187045	ENST00000442782	protein_coding	0	0	0	2	0	0	0	0	0	0	0	0	2	0	0	0	0	0	0	0	0	0
TMPRSS6	ENSG00000187045	ENST00000676104	protein_coding	0	0	0	2	0	0	0	0	0	0	0	0	2	0	0	0	0	0	0	0	0	0
TNFRSF13C	ENSG00000159958	ENST00000291232	protein_coding	0	2	3	43	15	0	0	0	0	0	17	0	0	3	0	0	0	0	0	0	2	11
TNRC6B	ENSG00000100354	ENST00000301923	protein_coding	0	0	0	113	0	0	0	0	0	0	0	0	105	0	0	0	0	0	0	0	0	8
TNRC6B	ENSG00000100354	ENST00000335727	protein_coding	0	0	0	19	0	0	0	0	0	0	0	0	19	0	0	0	0	0	0	0	0	0
TNRC6B	ENSG00000100354	ENST00000402203	protein_coding	0	2	0	113	0	1	2	0	0	0	0	0	103	0	0	0	0	1	0	0	0	8
TNRC6B	ENSG00000100354	ENST00000441751	protein_coding	0	0	0	88	0	0	0	0	0	0	0	0	80	0	0	0	0	0	0	0	0	8
TNRC6B	ENSG00000100354	ENST00000446273	protein_coding	0	0	0	7	0	0	0	0	0	0	0	0	7	0	0	0	0	0	0	0	0	0
TNRC6B	ENSG00000100354	ENST00000454349	protein_coding	0	0	0	19	0	0	0	0	0	0	0	0	19	0	0	0	0	0	0	0	0	0
TNRC6B	ENSG00000100354	ENST00000489500	retained_intron	0	0	0	6	0	0	0	0	0	0	0	0	6	0	0	0	0	0	0	0	0	0
TNRC6B	ENSG00000100354	ENST00000497559	processed_transcript	0	0	0	7	0	0	0	0	0	0	0	0	7	0	0	0	0	0	0	0	0	0
TNRC6B-DT	ENSG00000261202	ENST00000569912		0	0	0	18	0	0	0	0	0	0	6	0	0	0	4	0	0	0	0	0	0	8
TOMM22	ENSG00000100216	ENST00000216034	protein_coding	0	0	0	9	0	0	0	0	0	0	9	0	0	0	0	0	0	0	0	0	0	0
TOP3B	ENSG00000100038	ENST00000357179	protein_coding	0	1	1	16	0	0	0	0	0	0	0	0	1	1	0	0	0	1	0	0	0	16
TOP3B	ENSG00000100038	ENST00000398793	protein_coding	0	1	1	16	0	0	0	0	0	0	0	0	1	1	0	0	0	1	0	0	0	16
TOP3B	ENSG00000100038	ENST00000424393	protein_coding	0	0	0	18	0	0	0	0	0	0	2	0	0	0	0	0	0	0	0	0	0	16
TOP3B	ENSG00000100038	ENST00000430142	protein_coding	0	0	0	16	0	0	1	0	0	0	0	0	0	0	0	0	0	0	0	0	0	15
TOP3B	ENSG00000100038	ENST00000434517	protein_coding	0	0	0	16	0	0	0	0	0	0	0	0	0	0	0	0	0	0	0	0	0	16
TOP3B	ENSG00000100038	ENST00000436282	nonsense_mediated_decay	0	1	0	1	0	0	0	0	0	0	0	0	1	0	1	0	0	1	0	0	0	0
TOP3B	ENSG00000100038	ENST00000437103	protein_coding	0	0	0	16	0	0	0	0	0	0	0	0	0	0	0	0	0	0	0	0	0	16
TOP3B	ENSG00000100038	ENST00000437929	protein_coding	0	0	0	16	0	0	0	0	0	0	0	0	0	0	0	0	0	0	0	0	0	16
TOP3B	ENSG00000100038	ENST00000444502	nonsense_mediated_decay	0	1	0	18	1	0	0	0	0	0	0	0	1	0	1	0	0	1	0	0	0	16
TOP3B	ENSG00000100038	ENST00000449704	protein_coding	0	0	0	16	0	0	0	0	0	0	0	0	0	0	0	0	0	0	0	0	0	16
TOP3B	ENSG00000100038	ENST00000456075	protein_coding	0	0	0	16	0	0	0	0	0	0	0	0	0	0	0	0	0	0	0	0	0	16
TOP3B	ENSG00000100038	ENST00000457179	nonsense_mediated_decay	0	1	0	18	1	0	0	0	0	0	0	0	1	0	1	0	0	1	0	0	0	16
TOP3B	ENSG00000100038	ENST00000457270	protein_coding	0	1	1	0	0	0	0	0	0	0	0	0	1	1	0	0	0	1	0	0	0	0
TOP3B	ENSG00000100038	ENST00000470338	retained_intron	0	0	0	2	0	0	0	0	0	0	0	0	0	0	0	0	0	0	0	0	0	2
TOP3B	ENSG00000100038	ENST00000487485	retained_intron	0	0	0	2	0	0	0	0	0	0	2	0	0	0	0	0	0	0	0	0	0	0
TOP3BP1	ENSG00000228050	ENST00000420768	processed_pseudogene	0	0	0	2	0	0	0	0	0	0	2	0	0	0	0	0	0	0	0	0	0	0
TPST2	ENSG00000128294	ENST00000338754	protein_coding	0	0	0	1	0	0	0	0	0	0	0	0	1	0	0	0	0	0	0	0	0	0
TPST2	ENSG00000128294	ENST00000398110	protein_coding	0	0	0	1	0	0	0	0	0	0	0	0	0	0	0	0	0	0	0	0	0	1
TPST2	ENSG00000128294	ENST00000403880	protein_coding	0	0	0	1	0	0	0	0	0	0	0	0	1	0	0	0	0	0	0	0	0	0
TPST2	ENSG00000128294	ENST00000440953	protein_coding	0	0	0	1	0	0	0	0	0	0	0	0	1	0	0	0	0	0	0	0	0	0
TPST2	ENSG00000128294	ENST00000442495	protein_coding	0	0	0	1	0	0	0	0	0	0	0	0	1	0	0	0	0	0	0	0	0	0
TPST2	ENSG00000128294	ENST00000450022	protein_coding	0	0	0	1	0	0	0	0	0	0	0	0	1	0	0	0	0	0	0	0	0	0
TPST2	ENSG00000128294	ENST00000453117	protein_coding	0	1	0	1	0	1	1	0	0	0	0	0	0	0	0	0	0	0	0	0	0	0
TPTEP2	ENSG00000244627	ENST00000381645	processed_transcript	0	0	0	21	0	0	0	0	0	0	2	0	19	0	0	0	0	0	0	0	0	0
TPTEP2	ENSG00000244627	ENST00000381646	transcribed_unprocessed_pseudogene	0	0	0	19	0	0	0	0	0	0	0	0	18	0	1	0	0	0	0	0	0	0
TPTEP2	ENSG00000244627	ENST00000407491	processed_transcript	0	0	0	43	0	0	0	0	0	0	13	0	30	0	0	0	0	0	0	0	0	0
TPTEP2	ENSG00000244627	ENST00000428294	processed_transcript	0	3	0	47	0	0	0	0	0	0	2	0	46	0	2	0	0	3	0	0	0	0
TPTEP2	ENSG00000244627	ENST00000428606	processed_transcript	0	1	0	25	0	0	0	0	0	0	2	0	18	0	0	0	0	1	0	0	0	6
TPTEP2	ENSG00000244627	ENST00000443042	processed_transcript	0	2	0	41	0	0	0	0	0	0	13	0	28	0	2	0	0	2	0	0	0	0
TPTEP2	ENSG00000244627	ENST00000443658	processed_transcript	0	0	0	19	0	0	0	0	0	0	0	0	19	0	0	0	0	0	0	0	0	0
TPTEP2	ENSG00000244627	ENST00000454577	processed_transcript	0	0	0	6	0	0	0	0	0	0	6	0	0	0	0	0	0	0	0	0	0	0
TPTEP2	ENSG00000244627	ENST00000455209	processed_transcript	0	0	0	16	0	0	0	0	0	0	0	0	16	0	0	0	0	0	0	0	0	0
TPTEP2	ENSG00000244627	ENST00000457665	processed_transcript	0	0	0	30	0	0	0	0	0	0	6	0	24	0	0	0	0	0	0	0	0	0
TPTEP2-CSNK1E	ENSG00000283900	ENST00000400206	protein_coding	0	1	0	103	0	0	0	0	0	0	0	0	104	0	0	0	0	1	0	0	0	0
TRABD	ENSG00000170638	ENST00000303434	protein_coding	0	0	1	21	0	0	0	0	0	0	0	0	18	1	0	0	0	0	0	0	0	3
TRABD	ENSG00000170638	ENST00000380909	protein_coding	0	0	1	21	0	0	0	0	0	0	0	0	18	1	0	0	0	0	0	0	0	3
TRABD	ENSG00000170638	ENST00000395827	protein_coding	0	0	1	18	0	0	0	0	0	0	0	0	12	1	0	0	0	0	0	0	0	6
TRABD	ENSG00000170638	ENST00000395829	protein_coding	0	0	1	12	0	0	0	0	0	0	0	0	0	1	0	0	0	0	0	0	0	12
TRABD	ENSG00000170638	ENST00000463233	retained_intron	0	0	0	22	0	0	0	0	0	0	0	0	18	0	1	0	0	0	0	0	0	3
TRABD	ENSG00000170638	ENST00000472677	retained_intron	0	0	0	6	0	0	0	0	0	0	0	0	0	0	1	0	0	0	0	0	0	5
TRIOBP	ENSG00000100106	ENST00000344404	nonsense_mediated_decay	0	0	0	69	3	0	0	0	0	0	0	0	51	0	3	0	0	0	0	0	0	12
TRIOBP	ENSG00000100106	ENST00000403663	protein_coding	0	2	1	33	0	0	0	0	0	0	0	0	33	1	0	0	0	0	0	0	2	0
TRIOBP	ENSG00000100106	ENST00000492485	retained_intron	0	0	0	30	0	0	0	0	0	0	0	0	18	0	0	0	0	0	0	0	0	12
TRIOBP	ENSG00000100106	ENST00000644935	protein_coding	0	2	1	65	0	0	0	0	0	0	0	0	52	1	0	0	0	0	0	0	2	13
TRMT2A	ENSG00000099899	ENST00000252136	protein_coding	1	0	2	10	0	0	0	0	0	0	3	0	8	2	0	1	0	1	0	0	0	0
TRMT2A	ENSG00000099899	ENST00000403707	protein_coding	1	0	2	10	0	0	0	0	0	0	3	0	8	2	0	1	0	1	0	0	0	0
TRMT2A	ENSG00000099899	ENST00000404751	protein_coding	1	0	3	9	0	0	0	0	0	0	3	0	7	3	0	1	0	1	0	0	0	0
TRMT2A	ENSG00000099899	ENST00000439169	protein_coding	1	0	2	10	0	0	0	0	0	0	3	0	8	2	0	1	0	1	0	0	0	0
TRMT2A	ENSG00000099899	ENST00000444256	protein_coding	0	0	1	12	0	0	0	0	0	0	3	0	3	1	0	0	0	0	0	0	0	6
TRMT2A	ENSG00000099899	ENST00000444845	protein_coding	0	0	1	12	0	0	0	0	0	0	3	0	2	1	0	0	0	1	0	0	0	7
TRMT2A	ENSG00000099899	ENST00000445045	protein_coding	0	0	0	10	0	0	0	0	0	0	10	0	0	0	0	0	0	0	0	0	0	0
TRMT2A	ENSG00000099899	ENST00000459644	retained_intron	0	0	0	12	0	0	0	0	0	0	12	0	0	0	0	0	0	0	0	0	0	0
TRMT2A	ENSG00000099899	ENST00000463710	retained_intron	1	0	0	12	0	0	0	0	0	0	6	0	6	0	1	1	0	0	0	0	0	0
TRMT2A	ENSG00000099899	ENST00000464535	retained_intron	0	0	0	10	0	0	0	0	0	0	10	0	0	0	0	0	0	0	0	0	0	0
TRMT2A	ENSG00000099899	ENST00000468917	retained_intron	0	0	0	10	0	0	0	0	0	0	10	0	0	0	0	0	0	0	0	0	0	0
TRMT2A	ENSG00000099899	ENST00000471040	retained_intron	1	0	0	12	0	0	0	0	0	0	6	0	6	0	1	1	0	0	0	0	0	0
TRMT2A	ENSG00000099899	ENST00000480339	retained_intron	0	0	0	13	0	0	0	0	0	0	3	0	2	0	1	0	0	0	0	0	0	7
TRMT2A	ENSG00000099899	ENST00000480460	processed_transcript	0	0	0	10	0	0	0	0	0	0	10	0	0	0	0	0	0	0	0	0	0	0
TRMT2A	ENSG00000099899	ENST00000487378	retained_intron	0	1	0	12	0	0	0	0	0	0	3	0	2	0	1	0	0	1	0	0	0	7
TRMT2A	ENSG00000099899	ENST00000487668	retained_intron	0	1	0	12	0	0	0	0	0	0	3	0	0	0	4	0	0	1	0	0	0	6
TRMT2A	ENSG00000099899	ENST00000488335	processed_transcript	1	0	0	12	0	0	0	0	0	0	6	0	6	0	1	1	0	0	0	0	0	0
TRMT2A	ENSG00000099899	ENST00000492988	processed_transcript	1	0	0	12	0	0	0	0	0	0	6	0	6	0	1	1	0	0	0	0	0	0
TRMT2A	ENSG00000099899	ENST00000494641	retained_intron	0	0	0	10	0	0	0	0	0	0	10	0	0	0	0	0	0	0	0	0	0	0
TRMT2A	ENSG00000099899	ENST00000494820	retained_intron	1	1	0	11	0	0	0	0	0	0	5	0	6	0	2	1	0	1	0	0	0	0
TRMU	ENSG00000100416	ENST00000381019	protein_coding	0	0	0	7	0	0	0	0	0	0	0	0	7	0	0	0	0	0	0	0	0	0
TRMU	ENSG00000100416	ENST00000381021	nonsense_mediated_decay	0	0	0	7	0	0	0	0	0	0	0	0	7	0	0	0	0	0	0	0	0	0
TRMU	ENSG00000100416	ENST00000441818	nonsense_mediated_decay	0	0	0	7	0	0	0	0	0	0	0	0	7	0	0	0	0	0	0	0	0	0
TRMU	ENSG00000100416	ENST00000453630	nonsense_mediated_decay	0	0	0	7	0	0	0	0	0	0	0	0	7	0	0	0	0	0	0	0	0	0
TRMU	ENSG00000100416	ENST00000456595	nonsense_mediated_decay	0	0	0	7	0	0	0	0	0	0	0	0	7	0	0	0	0	0	0	0	0	0
TRMU	ENSG00000100416	ENST00000457572	nonsense_mediated_decay	0	0	0	7	0	0	0	0	0	0	0	0	7	0	0	0	0	0	0	0	0	0
TRMU	ENSG00000100416	ENST00000463785	processed_transcript	0	0	0	7	0	0	0	0	0	0	0	0	0	0	0	0	0	0	0	0	0	7
TRMU	ENSG00000100416	ENST00000465378	retained_intron	0	0	0	7	0	0	0	0	0	0	0	0	7	0	0	0	0	0	0	0	0	0
TRMU	ENSG00000100416	ENST00000476901	processed_transcript	0	0	0	13	0	0	0	0	0	0	0	0	0	0	0	0	0	0	0	0	0	13
TRMU	ENSG00000100416	ENST00000485175	processed_transcript	0	0	0	7	0	0	0	0	0	0	0	0	7	0	0	0	0	0	0	0	0	0
TRMU	ENSG00000100416	ENST00000486620	processed_transcript	0	0	0	20	0	0	0	0	0	0	0	0	7	0	0	0	0	0	0	0	0	13
TRMU	ENSG00000100416	ENST00000496831	processed_transcript	0	0	0	7	0	0	0	0	0	0	0	0	7	0	0	0	0	0	0	0	0	0
TRMU	ENSG00000100416	ENST00000642562	protein_coding	0	0	0	7	0	0	0	0	0	0	0	0	7	0	0	0	0	0	0	0	0	0
TRMU	ENSG00000100416	ENST00000642923	protein_coding	0	0	0	7	0	0	0	0	0	0	0	0	7	0	0	0	0	0	0	0	0	0
TRMU	ENSG00000100416	ENST00000643137	protein_coding	0	0	0	7	0	0	0	0	0	0	0	0	7	0	0	0	0	0	0	0	0	0
TRMU	ENSG00000100416	ENST00000644006	nonsense_mediated_decay	0	0	0	7	0	0	0	0	0	0	0	0	7	0	0	0	0	0	0	0	0	0
TRMU	ENSG00000100416	ENST00000645026	retained_intron	0	0	0	7	0	0	0	0	0	0	0	0	7	0	0	0	0	0	0	0	0	0
TRMU	ENSG00000100416	ENST00000645190	protein_coding	0	0	0	7	0	0	0	0	0	0	0	0	7	0	0	0	0	0	0	0	0	0
TRMU	ENSG00000100416	ENST00000647301	nonsense_mediated_decay	0	0	0	7	0	0	0	0	0	0	0	0	7	0	0	0	0	0	0	0	0	0
TSSK1A	ENSG00000231086	ENST00000450724	unitary_pseudogene	0	0	0	37	0	0	0	0	0	0	17	0	0	0	2	0	0	0	0	0	0	18
TSSK2	ENSG00000206203	ENST00000399635	protein_coding	0	4	3	23	0	0	0	0	0	0	7	0	0	3	0	0	0	0	0	0	4	16
TTC28	ENSG00000100154	ENST00000397906	protein_coding	0	0	0	40	0	0	0	0	0	0	0	0	40	0	0	0	0	0	0	0	0	0
TTC28	ENSG00000100154	ENST00000490475	processed_transcript	0	0	0	7	0	0	0	0	0	0	2	0	5	0	0	0	0	0	0	0	0	0
TTC28	ENSG00000100154	ENST00000612946	protein_coding	0	0	0	40	0	0	0	0	0	0	0	0	35	0	0	0	0	0	0	0	0	5
TTLL1	ENSG00000100271	ENST00000266254	protein_coding	0	0	0	22	0	0	2	0	0	0	0	0	9	0	0	0	0	0	0	0	0	11
TTLL1	ENSG00000100271	ENST00000439248	nonsense_mediated_decay	0	0	0	24	0	0	2	0	0	0	0	0	9	0	2	0	0	0	0	0	0	11
TTLL1	ENSG00000100271	ENST00000440761	nonsense_mediated_decay	0	0	0	25	0	0	3	0	0	0	0	0	9	0	3	0	0	0	0	0	0	10
TUBA3GP	ENSG00000249680	ENST00000410028	unprocessed_pseudogene	0	0	0	5	0	0	0	0	0	0	3	0	0	0	1	0	0	0	0	0	0	1
TUBA8	ENSG00000183785	ENST00000316027	protein_coding	0	0	0	3	0	0	0	0	0	0	0	0	3	0	0	0	0	0	0	0	0	0
TUBA8	ENSG00000183785	ENST00000330423	protein_coding	0	0	0	3	0	0	0	0	0	0	0	0	3	0	0	0	0	0	0	0	0	0
TUBA8	ENSG00000183785	ENST00000416740	protein_coding	0	0	0	3	0	0	0	0	0	0	0	0	0	0	0	0	0	0	0	0	0	3
TUBA8	ENSG00000183785	ENST00000426208	protein_coding	0	0	0	3	0	0	0	0	0	0	0	0	3	0	0	0	0	0	0	0	0	0
TUBA8	ENSG00000183785	ENST00000608634	protein_coding	0	0	0	1	0	0	0	0	0	0	0	0	1	0	0	0	0	0	0	0	0	0
TUBA8	ENSG00000183785	ENST00000679963	protein_coding	0	0	0	4	0	0	0	0	0	0	0	0	4	0	0	0	0	0	0	0	0	0
TUBA8	ENSG00000183785	ENST00000680175	protein_coding	0	0	0	4	0	0	0	0	0	0	0	0	4	0	0	0	0	0	0	0	0	0
TUBGCP6	ENSG00000128159	ENST00000248846	protein_coding	0	0	0	21	0	0	0	0	0	0	19	0	2	0	0	0	0	0	0	0	0	0
TUBGCP6	ENSG00000128159	ENST00000425018	protein_coding	0	0	0	21	0	0	0	0	0	0	19	0	2	0	0	0	0	0	0	0	0	0
TUBGCP6	ENSG00000128159	ENST00000439308	protein_coding	0	0	0	21	0	0	0	0	0	0	19	0	2	0	0	0	0	0	0	0	0	0
TUBGCP6	ENSG00000128159	ENST00000489511	processed_transcript	0	0	0	16	0	0	0	0	0	0	16	0	0	0	0	0	0	0	0	0	0	0
TUBGCP6	ENSG00000128159	ENST00000491449	processed_transcript	0	0	0	21	0	0	0	0	0	0	19	0	2	0	0	0	0	0	0	0	0	0
TUBGCP6	ENSG00000128159	ENST00000498611	retained_intron	0	0	0	21	0	0	0	0	0	0	19	0	2	0	0	0	0	0	0	0	0	0
TUG1	ENSG00000253352	ENST00000519077	processed_transcript	0	1	0	41	0	0	0	0	0	0	5	0	4	0	33	0	0	1	0	0	0	0
TUG1	ENSG00000253352	ENST00000521091	processed_transcript	0	1	0	41	0	0	0	0	0	0	23	0	4	0	15	0	0	1	0	0	0	0
TUG1	ENSG00000253352	ENST00000540687	processed_transcript	0	1	0	41	0	0	0	0	0	0	23	0	4	0	15	0	0	1	0	0	0	0
TUG1	ENSG00000253352	ENST00000563812	processed_transcript	0	1	0	41	0	0	0	0	0	0	20	0	4	0	18	0	0	1	0	0	0	0
TUG1	ENSG00000253352	ENST00000566220	processed_transcript	0	0	0	37	0	0	0	0	0	0	31	0	0	0	6	0	0	0	0	0	0	0
TUG1	ENSG00000253352	ENST00000569149	processed_transcript	0	0	0	42	0	0	0	0	0	0	23	0	0	0	19	0	0	0	0	0	0	0
TUG1	ENSG00000253352	ENST00000569384	processed_transcript	0	0	0	42	0	0	0	0	0	0	5	0	5	0	32	0	0	0	0	0	0	0
TUG1	ENSG00000253352	ENST00000602393	processed_transcript	0	1	0	41	0	0	0	0	0	0	23	0	4	0	15	0	0	1	0	0	0	0
TUG1	ENSG00000253352	ENST00000602971	processed_transcript	0	1	0	41	0	0	0	0	0	0	23	0	4	0	15	0	0	1	0	0	0	0
TUG1	ENSG00000253352	ENST00000643071	processed_transcript	0	1	0	41	0	0	0	0	0	0	5	0	4	0	33	0	0	1	0	0	0	0
TUG1	ENSG00000253352	ENST00000643077	processed_transcript	0	1	0	41	0	0	0	0	0	0	5	0	4	0	33	0	0	1	0	0	0	0
TUG1	ENSG00000253352	ENST00000643280	processed_transcript	0	1	0	41	0	0	0	0	0	0	23	0	4	0	15	0	0	1	0	0	0	0
TUG1	ENSG00000253352	ENST00000643553	processed_transcript	0	1	0	41	0	0	0	0	0	0	5	0	4	0	33	0	0	1	0	0	0	0
TUG1	ENSG00000253352	ENST00000643877	processed_transcript	0	0	0	37	0	0	0	0	0	0	31	0	0	0	6	0	0	0	0	0	0	0
TUG1	ENSG00000253352	ENST00000643920	processed_transcript	0	1	0	41	0	0	0	0	0	0	5	0	4	0	33	0	0	1	0	0	0	0
TUG1	ENSG00000253352	ENST00000644027	processed_transcript	0	1	0	41	0	0	0	0	0	0	5	0	4	0	33	0	0	1	0	0	0	0
TUG1	ENSG00000253352	ENST00000644773	protein_coding	0	1	0	45	33	0	0	0	0	0	9	0	4	0	0	0	0	1	0	0	0	0
TUG1	ENSG00000253352	ENST00000646021	processed_transcript	0	0	0	23	0	0	0	0	0	0	23	0	0	0	0	0	0	0	0	0	0	0
TUG1	ENSG00000253352	ENST00000646496	processed_transcript	0	1	0	41	0	0	0	0	0	0	5	0	4	0	33	0	0	1	0	0	0	0
TUG1	ENSG00000253352	ENST00000647354	processed_transcript	0	1	0	41	0	0	0	0	0	0	5	0	4	0	33	0	0	1	0	0	0	0
TXNRD2	ENSG00000184470	ENST00000334363	protein_coding	0	0	0	31	0	0	0	0	0	0	0	0	31	0	0	0	0	0	0	0	0	0
TXNRD2	ENSG00000184470	ENST00000400518	protein_coding	0	0	0	48	0	0	0	0	0	0	5	0	43	0	0	0	0	0	0	0	0	0
TXNRD2	ENSG00000184470	ENST00000400519	protein_coding	0	0	0	48	0	0	0	0	0	0	5	0	43	0	0	0	0	0	0	0	0	0
TXNRD2	ENSG00000184470	ENST00000400521	protein_coding	0	0	0	48	0	0	0	0	0	0	5	0	43	0	0	0	0	0	0	0	0	0
TXNRD2	ENSG00000184470	ENST00000400525	protein_coding	0	0	0	48	0	0	0	0	0	0	5	0	43	0	0	0	0	0	0	0	0	0
TXNRD2	ENSG00000184470	ENST00000462330	protein_coding	0	0	0	16	0	0	0	0	0	0	5	0	0	0	0	0	0	0	0	0	0	11
TXNRD2	ENSG00000184470	ENST00000462843	non_stop_decay	0	0	0	16	0	0	0	0	0	0	5	0	0	0	0	0	0	0	0	0	0	11
TXNRD2	ENSG00000184470	ENST00000471835	retained_intron	0	0	0	14	0	0	0	0	0	0	11	0	0	0	0	0	0	0	0	0	0	3
TXNRD2	ENSG00000184470	ENST00000474308	nonsense_mediated_decay	0	0	0	48	0	0	0	0	0	0	5	0	43	0	0	0	0	0	0	0	0	0
TXNRD2	ENSG00000184470	ENST00000475995	protein_coding	0	0	0	31	0	0	0	0	0	0	0	0	28	0	0	0	0	0	0	0	0	3
TXNRD2	ENSG00000184470	ENST00000484672	processed_transcript	0	0	0	14	0	0	0	0	0	0	11	0	0	0	0	0	0	0	0	0	0	3
TXNRD2	ENSG00000184470	ENST00000485358	protein_coding	0	0	0	16	0	0	0	0	0	0	5	0	0	0	0	0	0	0	0	0	0	11
TXNRD2	ENSG00000184470	ENST00000487165	retained_intron	0	0	0	17	0	0	0	0	0	0	5	0	8	0	0	0	0	0	0	0	0	4
TXNRD2	ENSG00000184470	ENST00000491939	protein_coding	0	0	0	31	0	0	0	0	0	0	0	0	31	0	0	0	0	0	0	0	0	0
TXNRD2	ENSG00000184470	ENST00000494454	retained_intron	0	0	0	48	0	0	0	0	0	0	5	0	40	0	0	0	0	0	0	0	0	3
TXNRD2	ENSG00000184470	ENST00000495655	retained_intron	0	0	0	16	0	0	0	0	0	0	5	0	0	0	0	0	0	0	0	0	0	11
TXNRD2	ENSG00000184470	ENST00000496729	retained_intron	0	0	0	3	0	0	0	0	0	0	0	0	3	0	0	0	0	0	0	0	0	0
TXNRD2	ENSG00000184470	ENST00000542719	protein_coding	0	0	0	48	0	0	0	0	0	0	5	0	43	0	0	0	0	0	0	0	0	0
TXNRD2	ENSG00000184470	ENST00000634471	retained_intron	0	0	0	17	0	0	0	0	0	0	5	0	8	0	0	0	0	0	0	0	0	4
TXNRD2	ENSG00000184470	ENST00000634537	non_stop_decay	0	0	0	26	0	0	0	0	0	0	5	0	12	0	0	0	0	0	0	0	0	9
TXNRD2	ENSG00000184470	ENST00000635155	processed_transcript	0	0	0	32	0	0	0	0	0	0	1	0	28	0	0	0	0	0	0	0	0	3
TYMP	ENSG00000025708	ENST00000252029	protein_coding	0	1	0	20	0	0	0	0	0	0	11	0	2	0	0	0	0	0	0	0	1	7
TYMP	ENSG00000025708	ENST00000395678	protein_coding	0	1	0	20	0	0	0	0	0	0	11	0	2	0	0	0	0	0	0	0	1	7
TYMP	ENSG00000025708	ENST00000395680	protein_coding	0	1	0	20	0	0	0	0	0	0	11	0	2	0	0	0	0	0	0	0	1	7
TYMP	ENSG00000025708	ENST00000395681	protein_coding	0	1	0	20	0	0	0	0	0	0	11	0	2	0	0	0	0	0	0	0	1	7
TYMP	ENSG00000025708	ENST00000425169	protein_coding	0	0	0	21	0	0	0	0	0	0	11	0	3	0	0	0	0	0	0	0	0	7
TYMP	ENSG00000025708	ENST00000476284	retained_intron	0	0	0	21	0	0	0	0	0	0	11	0	2	0	1	0	0	0	0	0	0	7
TYMP	ENSG00000025708	ENST00000487162	retained_intron	0	0	0	18	0	0	0	0	0	0	8	0	0	0	3	0	0	0	0	0	0	7
TYMP	ENSG00000025708	ENST00000487577	protein_coding	0	1	0	20	0	0	0	0	0	0	11	0	2	0	0	0	0	0	0	0	1	7
TYMP	ENSG00000025708	ENST00000650719	protein_coding	0	1	0	20	0	0	0	0	0	0	11	0	2	0	0	0	0	0	0	0	1	7
TYMP	ENSG00000025708	ENST00000651095	retained_intron	0	0	0	10	0	0	0	0	0	0	3	0	0	0	0	0	0	0	0	0	0	7
TYMP	ENSG00000025708	ENST00000651196	protein_coding	0	0	0	10	0	0	0	0	0	0	3	0	0	0	0	0	0	0	0	0	0	7
TYMP	ENSG00000025708	ENST00000651401	protein_coding	0	0	0	21	0	0	0	0	0	0	11	0	3	0	0	0	0	0	0	0	0	7
TYMP	ENSG00000025708	ENST00000651490	protein_coding	0	0	0	21	0	0	0	0	0	0	11	0	0	0	0	0	0	0	0	0	0	10
TYMP	ENSG00000025708	ENST00000651906	retained_intron	0	0	0	18	0	0	0	0	0	0	8	0	2	0	1	0	0	0	0	0	0	7
TYMP	ENSG00000025708	ENST00000652237	retained_intron	0	0	0	10	0	0	0	0	0	0	3	0	0	0	0	0	0	0	0	0	0	7
TYMP	ENSG00000025708	ENST00000652352	nonsense_mediated_decay	0	0	0	18	0	0	0	0	0	0	8	0	2	0	1	0	0	0	0	0	0	7
TYMP	ENSG00000025708	ENST00000652401	protein_coding	0	0	0	21	0	0	0	0	0	0	11	0	0	0	0	0	0	0	0	0	0	10
UFD1	ENSG00000070010	ENST00000263202	protein_coding	0	0	0	26	0	0	0	0	0	0	2	0	20	0	0	0	0	0	0	0	0	4
UFD1	ENSG00000070010	ENST00000399523	protein_coding	0	0	0	24	0	0	0	0	0	0	0	0	20	0	0	0	0	0	0	0	0	4
UFD1	ENSG00000070010	ENST00000421968	protein_coding	0	0	0	24	0	0	0	0	0	0	4	0	16	0	0	0	0	0	0	0	0	4
UFD1	ENSG00000070010	ENST00000447868	protein_coding	0	0	0	24	0	0	0	0	0	0	4	0	16	0	0	0	0	0	0	0	0	4
UFD1	ENSG00000070010	ENST00000459854	retained_intron	0	0	0	24	0	0	0	0	0	0	0	0	19	0	1	0	0	0	0	0	0	4
UFD1	ENSG00000070010	ENST00000466373	retained_intron	0	0	0	20	0	0	0	0	0	0	0	0	8	0	5	0	0	0	0	0	0	7
UFD1	ENSG00000070010	ENST00000474226	protein_coding	0	0	0	18	0	0	0	0	0	0	8	0	6	0	0	0	0	0	0	0	0	4
UFD1	ENSG00000070010	ENST00000484101	processed_transcript	0	0	0	19	0	0	0	0	0	0	3	0	12	0	0	0	0	0	0	0	0	4
UFD1	ENSG00000070010	ENST00000489406	retained_intron	0	0	0	19	0	0	0	0	0	0	3	0	6	0	6	0	0	0	0	0	0	4
UFD1	ENSG00000070010	ENST00000494054	protein_coding	0	0	0	18	0	0	0	0	0	0	8	0	6	0	0	0	0	0	0	0	0	4
UPB1	ENSG00000100024	ENST00000326010	protein_coding	0	0	1	19	0	0	0	0	0	0	4	0	11	1	0	0	0	0	0	0	0	4
UPB1	ENSG00000100024	ENST00000382760	protein_coding	0	0	0	4	0	0	0	0	0	0	0	0	0	0	0	0	0	0	0	0	0	4
UPB1	ENSG00000100024	ENST00000415388	nonsense_mediated_decay	0	0	0	21	1	0	0	0	0	0	4	0	11	0	1	0	0	0	0	0	0	4
UPB1	ENSG00000100024	ENST00000486043	retained_intron	0	0	0	4	0	0	0	0	0	0	0	0	0	0	0	0	0	0	0	0	0	4
UPB1	ENSG00000100024	ENST00000498140	processed_transcript	0	0	0	8	0	0	0	0	0	0	4	0	0	0	0	0	0	0	0	0	0	4
UPK3A	ENSG00000100373	ENST00000216211	protein_coding	0	1	0	11	0	0	0	0	0	0	0	0	5	0	0	0	0	0	0	0	1	6
UPK3A	ENSG00000100373	ENST00000396082	protein_coding	0	0	0	12	0	0	0	0	0	0	0	0	6	0	0	0	0	0	0	0	0	6
USP18	ENSG00000184979	ENST00000215794	protein_coding	0	0	0	8	0	0	0	0	0	0	3	0	5	0	0	0	0	0	0	0	0	0
WBP2NL	ENSG00000183066	ENST00000328823	protein_coding	0	0	0	19	0	0	0	0	0	0	7	0	10	0	0	0	0	0	0	0	0	2
WBP2NL	ENSG00000183066	ENST00000329620	nonsense_mediated_decay	0	0	0	28	7	0	0	0	0	0	2	0	10	0	7	0	0	0	0	0	0	2
WBP2NL	ENSG00000183066	ENST00000412113	nonsense_mediated_decay	0	0	0	22	1	0	0	0	0	0	4	0	14	0	1	0	0	0	0	0	0	2
WBP2NL	ENSG00000183066	ENST00000436265	nonsense_mediated_decay	0	0	0	38	0	0	0	0	0	0	3	0	33	0	0	0	0	0	0	0	0	2
WBP2NL	ENSG00000183066	ENST00000445185	nonsense_mediated_decay	0	0	0	12	0	0	0	0	0	0	0	0	10	0	0	0	0	0	0	0	0	2
WBP2NL	ENSG00000183066	ENST00000461730	processed_transcript	0	0	0	8	0	0	0	0	0	0	1	0	2	0	3	0	0	0	0	0	0	2
WBP2NL	ENSG00000183066	ENST00000470812	retained_intron	0	0	0	9	0	0	0	0	0	0	2	0	5	0	2	0	0	0	0	0	0	0
WBP2NL	ENSG00000183066	ENST00000475341	processed_transcript	0	0	0	12	0	0	0	0	0	0	0	0	10	0	0	0	0	0	0	0	0	2
WBP2NL	ENSG00000183066	ENST00000487176	processed_transcript	0	0	0	11	0	0	0	0	0	0	4	0	5	0	0	0	0	0	0	0	0	2
WBP2NL	ENSG00000183066	ENST00000543212	protein_coding	0	0	0	13	0	0	0	0	0	0	4	0	7	0	0	0	0	0	0	0	0	2
WNT7B	ENSG00000188064	ENST00000339464	protein_coding	0	1	4	63	1	0	0	0	0	0	0	0	62	4	0	0	0	0	0	0	1	0
WNT7B	ENSG00000188064	ENST00000409496	protein_coding	0	1	4	63	0	0	0	0	0	0	1	0	58	4	0	0	0	0	0	0	1	4
WNT7B	ENSG00000188064	ENST00000410058	protein_coding	0	1	4	62	0	0	0	0	0	0	8	0	54	4	0	0	0	0	0	0	1	0
WNT7B	ENSG00000188064	ENST00000410089	protein_coding	0	1	4	63	0	0	0	0	0	0	1	0	62	4	0	0	0	0	0	0	1	0
WNT7B	ENSG00000188064	ENST00000428540	protein_coding	0	0	0	62	0	0	0	0	0	0	19	0	43	0	0	0	0	0	0	0	0	0
XPNPEP3	ENSG00000196236	ENST00000357137	protein_coding	0	0	0	1	0	0	0	0	0	0	0	0	1	0	0	0	0	0	0	0	0	0
XPNPEP3	ENSG00000196236	ENST00000417688	retained_intron	0	0	0	1	0	0	0	0	0	0	0	0	1	0	0	0	0	0	0	0	0	0
XPNPEP3	ENSG00000196236	ENST00000428799	nonsense_mediated_decay	0	0	0	1	0	0	0	0	0	0	0	0	1	0	0	0	0	0	0	0	0	0
XPNPEP3	ENSG00000196236	ENST00000465258	processed_transcript	0	0	0	1	0	0	0	0	0	0	0	0	0	0	0	0	0	0	0	0	0	1
XPNPEP3	ENSG00000196236	ENST00000482652	processed_transcript	0	0	0	1	0	0	0	0	0	0	0	0	1	0	0	0	0	0	0	0	0	0
XPNPEP3	ENSG00000196236	ENST00000614001	protein_coding	0	0	0	1	0	0	0	0	0	0	0	0	1	0	0	0	0	0	0	0	0	0
XRCC6	ENSG00000196419	ENST00000359308	protein_coding	0	0	0	89	0	0	3	0	0	0	2	0	69	0	0	0	0	0	0	0	0	15
XRCC6	ENSG00000196419	ENST00000360079	protein_coding	0	0	0	89	0	0	0	0	0	0	2	0	72	0	0	0	0	0	0	0	0	15
XRCC6	ENSG00000196419	ENST00000402580	protein_coding	0	0	0	89	0	0	0	0	0	0	2	0	72	0	0	0	0	0	0	0	0	15
XRCC6	ENSG00000196419	ENST00000405506	protein_coding	0	0	0	84	0	0	0	0	0	0	2	0	69	0	0	0	0	0	0	0	0	13
XRCC6	ENSG00000196419	ENST00000405878	protein_coding	0	0	0	89	0	0	0	0	0	0	2	0	72	0	0	0	0	0	0	0	0	15
XRCC6	ENSG00000196419	ENST00000428575	protein_coding	0	0	0	89	0	0	0	0	0	0	2	0	72	0	0	0	0	0	0	0	0	15
XRCC6	ENSG00000196419	ENST00000464116	retained_intron	0	0	0	40	0	0	0	0	0	0	0	0	25	0	0	0	0	0	0	0	0	15
XRCC6	ENSG00000196419	ENST00000478914	retained_intron	0	0	0	28	0	0	0	0	0	0	2	0	11	0	0	0	0	0	0	0	0	15
YWHAH	ENSG00000128245	ENST00000248975	protein_coding	0	0	0	12	1	0	0	0	0	0	0	0	5	0	0	0	0	0	0	0	0	6
YWHAH	ENSG00000128245	ENST00000397492	protein_coding	0	0	0	12	1	0	0	0	0	0	0	0	5	0	0	0	0	0	0	0	0	6
YWHAH	ENSG00000128245	ENST00000420430	protein_coding	0	0	0	12	0	0	0	0	0	0	1	0	1	0	0	0	0	0	0	0	0	10
YWHAH	ENSG00000128245	ENST00000443669	nonsense_mediated_decay	0	0	0	12	0	0	0	0	0	0	1	0	5	0	0	0	0	0	0	0	0	6
YWHAH	ENSG00000128245	ENST00000471374	processed_transcript	0	0	0	12	0	0	0	0	0	0	0	0	5	0	1	0	0	0	0	0	0	6
YWHAH	ENSG00000128245	ENST00000479649	processed_transcript	0	0	0	12	0	0	0	0	0	0	1	0	5	0	0	0	0	0	0	0	0	6
YWHAH-AS1	ENSG00000128254	ENST00000484682		0	0	0	12	0	0	0	0	0	0	2	0	6	0	0	0	0	0	0	0	0	4
YWHAH-AS1	ENSG00000128254	ENST00000486651		0	0	0	10	0	0	0	0	0	0	0	0	6	0	0	0	0	0	0	0	0	4
YWHAH-AS1	ENSG00000128254	ENST00000623735		0	0	0	10	0	0	0	0	0	0	0	0	6	0	0	0	0	0	0	0	0	4
YWHAH-AS1	ENSG00000128254	ENST00000641789		0	0	0	8	0	0	0	0	0	0	2	0	0	0	0	0	0	0	0	0	0	6
YWHAH-AS1	ENSG00000128254	ENST00000654264		0	0	0	2	0	0	0	0	0	0	2	0	0	0	0	0	0	0	0	0	0	0
YWHAH-AS1	ENSG00000128254	ENST00000667186		0	0	0	6	0	0	0	0	0	0	0	0	0	0	0	0	0	0	0	0	0	6
YWHAH-AS1	ENSG00000128254	ENST00000670472		0	0	0	6	0	0	0	0	0	0	0	0	0	0	0	0	0	0	0	0	0	6
YWHAH-AS1	ENSG00000128254	ENST00000676309		0	0	0	2	0	0	0	0	0	0	2	0	0	0	0	0	0	0	0	0	0	0
Y_RNA	ENSG00000199797	ENST00000362927	misc_RNA	0	0	0	4	0	0	0	0	0	0	4	0	0	0	0	0	0	0	0	0	0	0
Y_RNA	ENSG00000200332	ENST00000363462	misc_RNA	0	0	0	30	0	0	0	0	0	0	9	0	0	0	0	0	0	0	0	0	0	21
Y_RNA	ENSG00000200976	ENST00000364106	misc_RNA	0	0	0	12	0	0	0	0	0	0	0	0	0	0	0	0	0	0	0	0	0	12
Y_RNA	ENSG00000206739	ENST00000384012	misc_RNA	0	0	0	3	0	0	0	0	0	0	0	0	0	0	0	0	0	0	0	0	0	3
Y_RNA	ENSG00000206813	ENST00000384086	misc_RNA	0	0	0	15	0	0	0	0	0	0	9	0	0	0	0	0	0	0	0	0	0	6
Y_RNA	ENSG00000212569	ENST00000391267	misc_RNA	0	0	0	26	0	0	0	0	0	0	4	0	0	0	0	0	0	0	0	0	0	22
ZC3H7B	ENSG00000100403	ENST00000352645	protein_coding	0	0	0	21	1	0	0	0	0	0	0	0	20	0	0	0	0	0	0	0	0	0
ZC3H7B	ENSG00000100403	ENST00000486331	retained_intron	0	0	0	16	0	0	0	0	0	0	0	0	16	0	0	0	0	0	0	0	0	0
ZDHHC8	ENSG00000099904	ENST00000320602	protein_coding	0	0	0	41	0	0	0	0	0	0	0	0	7	0	0	0	0	0	0	0	0	34
ZDHHC8	ENSG00000099904	ENST00000334554	protein_coding	0	0	0	42	0	0	0	0	0	0	0	0	7	0	0	0	0	0	0	0	0	35
ZDHHC8	ENSG00000099904	ENST00000405930	protein_coding	0	0	0	41	0	0	0	0	0	0	0	0	7	0	0	0	0	0	0	0	0	34
ZDHHC8	ENSG00000099904	ENST00000436518	protein_coding	0	0	0	44	0	0	0	0	0	0	0	0	25	0	0	0	0	0	0	0	0	19
ZDHHC8	ENSG00000099904	ENST00000468112	processed_transcript	0	0	0	41	0	0	0	0	0	0	0	0	7	0	0	0	0	0	0	0	0	34
ZDHHC8P1	ENSG00000133519	ENST00000255890	processed_transcript	0	0	0	22	0	0	0	0	0	0	0	0	6	0	3	0	0	0	0	0	0	13
ZDHHC8P1	ENSG00000133519	ENST00000418264	transcribed_unprocessed_pseudogene	0	0	0	22	0	0	0	0	0	0	0	0	6	0	3	0	0	0	0	0	0	13
ZDHHC8P1	ENSG00000133519	ENST00000420968	processed_transcript	0	0	0	22	0	0	0	0	0	0	0	0	6	0	3	0	0	0	0	0	0	13
ZDHHC8P1	ENSG00000133519	ENST00000433168	processed_transcript	0	0	0	22	0	0	0	0	0	0	0	0	9	0	0	0	0	0	0	0	0	13
ZDHHC8P1	ENSG00000133519	ENST00000456279	processed_transcript	0	0	0	13	0	0	0	0	0	0	0	0	0	0	0	0	0	0	0	0	0	13
ZDHHC8P1	ENSG00000133519	ENST00000692963	processed_transcript	0	0	0	22	0	0	0	0	0	0	0	0	9	0	0	0	0	0	0	0	0	13
ZMAT5	ENSG00000100319	ENST00000344318	protein_coding	0	1	1	65	0	0	0	0	0	0	15	0	50	1	0	0	0	0	0	0	1	0
ZMAT5	ENSG00000100319	ENST00000489010	retained_intron	0	0	0	31	0	0	0	0	0	0	2	0	21	0	8	0	0	0	0	0	0	0
